gov_id,unit_name,platform,outcome,reason,seed_url,title,date,page_url
us:place:0150000,"Mobile city, AL",civicclerk,no-video-found,"agenda-only, no video (not ingested per WO-128 rule): https://mobileal.portal.civicclerk.com/event/521/media",https://mobileal.portal.civicclerk.com/event/521/media,City Council Meeting,2026-09-01,
us:place:0206520,"Bethel city, AK",civicclerk,queued_tier3,"real video, no transcript yet -- appended to tier3_auto_transcription_queue.txt",https://bethelak.portal.civicclerk.com/event/1143/media,Regular City Council Meeting,2026-08-25,
us:place:0474190,"Tolleson city, AZ",civicclerk,queued_tier3,"real video, no transcript yet -- appended to tier3_auto_transcription_queue.txt",https://tollesonaz.portal.civicclerk.com/event/234/media,City Council Meeting,2026-09-08,
ca:csd:3526014,"Wainfleet, ON",youtube,queued_tier3,"real video, no transcript yet -- appended to tier3_auto_transcription_queue.txt",https://www.youtube.com/watch?v=7OCWidpKJ08,,,
ca:csd:3531011,"Stratford, ON",youtube,queued_tier3,"real video, no transcript yet -- appended to tier3_auto_transcription_queue.txt",https://youtu.be/wnTQtEYWTfA,,,
us:place:0869645,"Sheridan city, CO",youtube,queued_tier3,"real video, no transcript yet -- appended to tier3_auto_transcription_queue.txt",https://www.youtube.com/embed/JqON_-LqX4Y,,,
us:place:0667112,"San Jacinto city, CA",iqm2,skipped,iqm2: resolved but no transcript/agenda/video (https://sanjacintoca.iqm2.com/Citizens/Detail_LegiFile.aspx?Frame=&MeetingID=1221&MediaPosition=%20&ID=1425&CssClass=),,,,
us:place:1214400,"Coral Springs city, FL",iqm2,skipped,iqm2: resolved but no transcript/agenda/video (http://coralspringsfl.iqm2.com/Citizens/Detail_LegiFile.aspx?Frame=&MeetingID=1723&MediaPosition=&ID=7039&CssClass=),,,,
us:place:0439370,"Lake Havasu City city, AZ",granicus,queued_tier3,"real video, no transcript yet -- appended to tier3_auto_transcription_queue.txt",https://lakehavasucity.granicus.com/player/clip/1475?view_id=3,City Council on 2022-09-13 6:00 PM - Regular Meeting,2022-09-13,
us:place:0636056,"Huntington Park city, CA",granicus,queued_tier3,"real video, no transcript yet -- appended to tier3_auto_transcription_queue.txt",https://huntingtonpark.granicus.com/player/clip/566?view_id=2,"October 4, 2016 - City Council Meeting Part 2",2016-10-04,
ca:csd:3502048,"Russell, ON",civicweb,skipped,civicweb: no civicweb link found on hit_source_url or first 4 hop2_urls,,,,
us:place:0919480,"Derby city, CT",civicweb,queued_tier3,"real video, no transcript yet -- appended to tier3_auto_transcription_queue.txt",https://derby.civicweb.net/Portal/MeetingInformation.aspx?Id=6076,City Council - 25 Aug 2026,2026-08-25,
us:place:0614274,"Coalinga city, CA",primegov,skipped,primegov: resolved but no transcript/agenda/video (https://coalinga.primegov.com/Portal/Meeting?meetingTemplateId=2409),,,,
ca:csd:1001504,"Portugal Cove-St. Philip's, NL",civicweb,skipped,civicweb: no civicweb link found on hit_source_url or first 4 hop2_urls,,,,
ca:csd:1010025,"Happy Valley-Goose Bay, NL",youtube,skipped,youtube: no youtube link found on hit_source_url or first 4 hop2_urls,,,,
ca:csd:2412072,"Rivière-du-Loup, QC",youtube,skipped,"youtube channel: checked 40 channel video(s), none looked like a real meeting (https://www.youtube.com/channel/UCdK9Rm-hb6Si0G0AJkkorCA)",,,,
ca:csd:2426030,"Sainte-Marie, QC",vimeo,skipped,vimeo: no vimeo link found on hit_source_url or first 4 hop2_urls,,,,
ca:csd:2429073,"Saint-Georges, QC",youtube,skipped,"youtube channel: checked 40 channel video(s), none looked like a real meeting (https://www.youtube.com/channel/UCPn8H5dAf0Twsf8hMbPiZ0Q)",,,,
ca:csd:2444037,"Coaticook, QC",youtube,skipped,"youtube: title looks like a non-meeting video (no governing-body keyword in title), not ingested: 'Ville de Coaticook' (http://www.youtube.com/watch?v=1Eeuc0wOSqY?autoplay=1&rel=0&showinfo=0)",,,,
ca:csd:2445072,"Magog, QC",youtube,skipped,"youtube: title looks like a non-meeting video (no governing-body keyword in title), not ingested: 'Aréna deux glaces - Avancée dans le financement et nomination de citoyens au comité des partenaires' (https://www.youtube.com/watch?v=ADl2lGtXofs)",,,,
ca:csd:2454048,"Saint-Hyacinthe, QC",youtube,skipped,youtube: no youtube link found on hit_source_url or first 4 hop2_urls,,,,
ca:csd:2458012,"Saint-Lambert, QC",youtube,skipped,"youtube: title looks like a non-meeting video (no governing-body keyword in title), not ingested: 'Parc de la Coulée-Verte' (https://www.youtube.com/embed/-COTzEuCv6Q?autoplay=1&mute=1&loop=1&playlist=-COTzEuCv6Q&controls=0&showinfo=0&modestbranding=1&playsinline=1&rel=0&disablekb=1)",,,,
ca:csd:2459025,"Verchères, QC",youtube,skipped,"youtube: title looks like a non-meeting video (no governing-body keyword in title), not ingested: 'Assemblée publique du Conseil municipal - 8 septembre 2026' (https://www.youtube.com/embed/z6IkocGN5HI?feature=oembed&enablejsapi=1)",,,,
ca:csd:2459035,"Contrecoeur, QC",youtube,skipped,"youtube channel: checked 40 channel video(s), none looked like a real meeting (https://www.youtube.com/channel/UC8VoCstt3TotzFpVADWl5jA)",,,,
ca:csd:2462047,"Chertsey, QC",youtube,skipped,"youtube: title looks like a non-meeting video (no governing-body keyword in title), not ingested: 'Séance du conseil municipal de Chertsey du 17 août 2026' (https://www.youtube.com/watch?v=https://youtu.be/R09Bs71B_-g)",,,,
ca:csd:2463055,"Saint-Calixte, QC",youtube,skipped,"youtube: title looks like a non-meeting video (no governing-body keyword in title), not ingested: '' (https://youtu.be/BGFrvkysx_E)",,,,
ca:csd:2464008,"Terrebonne, QC",youtube,skipped,"youtube: title looks like a non-meeting video (no governing-body keyword in title), not ingested: 'Terrebonne est prête pour la 63e de la Finale des Jeux du Québec!' (https://youtu.be/FCmgQrogIJU)",,,,
ca:csd:2471025,"Saint-Zotique, QC",youtube,skipped,youtube: no youtube link found on hit_source_url or first 4 hop2_urls,,,,
ca:csd:2474005,"Mirabel, QC",vimeo,skipped,"vimeo: title looks like a non-meeting video (no governing-body keyword in title), not ingested: 'Accueil du site web - On M bouger' (https://player.vimeo.com/video/1186955036?h=15e40c2600&app_id=122963&background=1&loop=1&muted=1&title=0&byline=0&portrait=0&color=ffffff)",,,,
ca:csd:2482005,"L'Ange-Gardien, QC",youtube,skipped,"youtube: title looks like a non-meeting video (no governing-body keyword in title), not ingested: ""L'Ange-Gardien : une municipalité vivante !"" (https://www.youtube.com/watch?v=Wmo_9p-lVK0&t=3s&_=1)",,,,
ca:csd:2482035,"La Pêche, QC",youtube,skipped,"youtube: title looks like a non-meeting video (no governing-body keyword in title), not ingested: 'Dossier citoyen personnalisé Voilà!' (https://www.youtube.com/embed/gRmBKstnpkU)",,,,
ca:csd:2489008,"Val-d'Or, QC",youtube,skipped,"youtube channel: checked 40 channel video(s), none looked like a real meeting (https://www.youtube.com/channel/UCmFTzrFy4uDEkscN51nqknA)",,,,
ca:csd:2491042,"Saint-Félicien, QC",youtube,skipped,"youtube: title looks like a non-meeting video (no governing-body keyword in title), not ingested: 'Vidéo accueil été - Ville Saint-Félicien' (https://www.youtube.com/embed/cBVbV3d_7jY?autoplay=1&loop=1&controls=0&modestbranding=1&background=1&playlist=cBVbV3d_7jY&mute=1&enablejsapi=1)",,,,
ca:csd:2494240,"Saint-Honoré, QC",youtube,skipped,"youtube: title looks like a non-meeting video (no governing-body keyword in title), not ingested: 'Vidéo promotionnel Saint-Honoré version longue' (https://www.youtube.com/embed/UuryVPWxCP0?feature=oembed)",,,,
ca:csd:3507021,"Leeds and the Thousand Islands, ON",civicweb,skipped,civicweb: no civicweb link found on hit_source_url or first 4 hop2_urls,,,,
ca:csd:3507024,"Gananoque, ON",youtube,skipped,"youtube: title looks like a non-meeting video (no governing-body keyword in title), not ingested: 'Business Chronicles' (https://www.youtube.com/watch?v=yD5mKT0BTf0)",,,,
ca:csd:3512005,"Belleville, ON",civicweb,skipped,civicweb: resolved but no transcript/agenda/video (https://citybellevilleon.civicweb.net/portal/),,,,
ca:csd:3518005,"Ajax, ON",youtube,queued_tier3,"real video, no transcript yet -- appended to tier3_auto_transcription_queue.txt",https://www.youtube.com/watch?v=hdPayV4oLd4,,,
ca:csd:3523009,"Guelph/Eramosa, ON",youtube,skipped,"youtube channel: checked 18 channel video(s), none looked like a real meeting (https://www.youtube.com/channel/UCwgLQOkLpGCetlawd_Qzlbg)",,,,
ca:csd:3538003,"St. Clair, ON",civicweb,skipped,civicweb: resolved but no transcript/agenda/video (https://twpstclairon.civicweb.net/portal/),,,,
ca:csd:3544042,"Huntsville, ON",civicweb,skipped,civicweb: no civicweb link found on hit_source_url or first 4 hop2_urls,,,,
ca:csd:3556042,"Cochrane, ON",civicweb,skipped,civicweb: no civicweb link found on hit_source_url or first 4 hop2_urls,,,,
ca:csd:3560034,"Sioux Lookout, ON",granicus,skipped,granicus: no granicus link found on hit_source_url or first 4 hop2_urls,,,,
ca:csd:4706027,"Regina, SK",iqm2,skipped,iqm2: resolved but no transcript/agenda/video (https://reginask.iqm2.com),,,,
ca:csd:4711070,"Martensville, SK",vimeo,skipped,vimeo: no vimeo link found on hit_source_url or first 4 hop2_urls,,,,
ca:csd:4715008,"Humboldt, SK",vimeo,skipped,vimeo: no vimeo link found on hit_source_url or first 4 hop2_urls,,,,
us:place:0126896,"Florence city, AL",granicus,skipped,granicus: no granicus link found on hit_source_url or first 4 hop2_urls,,,,
us:place:0159472,"Phenix City city, AL",youtube,queued_tier3,"real video, no transcript yet -- appended to tier3_auto_transcription_queue.txt",https://www.youtube.com/watch?v=kZJQsApBQw4,,,
us:place:0159760,"Pike Road city, AL",youtube,queued_tier3,"real video, no transcript yet -- appended to tier3_auto_transcription_queue.txt",https://www.youtube.com/watch?v=rzpT6rIoRlI,,,
us:place:0236400,"Juneau city and borough, AK",civicclerk,skipped,civicclerk: no civicclerk link found on hit_source_url or first 4 hop2_urls,,,,
us:place:0415500,"Coolidge city, AZ",iqm2,skipped,iqm2: resolved but no transcript/agenda/video (https://coolidgecityaz.iqm2.com/Citizens/Default.aspx),,,,
us:place:0530460,"Harrison city, AR",youtube,skipped,youtube: no youtube link found on hit_source_url or first 4 hop2_urls,,,,
us:place:0546970,"Morrilton city, AR",vimeo,skipped,vimeo: no vimeo link found on hit_source_url or first 4 hop2_urls,,,,
us:place:0616378,"Coronado city, CA",primegov,skipped,primegov: resolved but no transcript/agenda/video (https://coronado.primegov.com/Portal/Meeting?meetingTemplateId=11630),,,,
us:place:0619318,"Dinuba city, CA",civicclerk,skipped,civicclerk: no civicclerk link found on hit_source_url or first 4 hop2_urls,,,,
us:place:0625296,"Fortuna city, CA",,skipped,unhandled exception: 'NoneType' object has no attribute 'get',,,,
us:place:0626000,"Fremont city, CA",primegov,queued_tier3,"real video, no transcript yet -- appended to tier3_auto_transcription_queue.txt",https://fremont.primegov.com/Portal/Meeting?meetingTemplateId=557,TEST - CC - Livecast 2,2026-08-29,
us:place:0636280,"Imperial city, CA",granicus,queued_tier3,"real video, no transcript yet -- appended to tier3_auto_transcription_queue.txt",https://imperial.granicus.com/player/clip/2496,Board of Supervisors,2023-12-13,
us:place:0654386,"Oroville city, CA",civicclerk,queued_tier3,"real video, no transcript yet -- appended to tier3_auto_transcription_queue.txt",https://buttecoca.portal.civicclerk.com/event/140/media,Thompson Flat Cemetery District  Meeting,2024-08-27,
us:place:0656112,"Patterson city, CA",primegov,skipped,primegov: resolved but no transcript/agenda/video (https://pattersonca.primegov.com/Portal/Meeting?meetingTemplateId=263),,,,
us:place:0658240,"Porterville city, CA",civicclerk,queued_tier3,"real video, no transcript yet -- appended to tier3_auto_transcription_queue.txt",https://portervilleca.portal.civicclerk.com/event/542/media,City Council Meeting,2026-09-01,
us:place:0816495,"Commerce City city, CO",granicus,skipped,granicus: no granicus link found on hit_source_url or first 4 hop2_urls,,,,
us:place:0825115,"Estes Park town, CO",vimeo,skipped,vimeo: no vimeo link found on hit_source_url or first 4 hop2_urls,,,,
us:place:0877290,"Thornton city, CO",primegov,skipped,primegov: resolved but no transcript/agenda/video (https://thorntonco.primegov.com/Portal/Meeting?meetingTemplateId=4619),,,,
us:place:0955990,"Norwalk city, CT",primegov,queued_tier3,"real video, no transcript yet -- appended to tier3_auto_transcription_queue.txt",https://norwalk.primegov.com/Portal/Meeting?meetingTemplateId=7634,"Aug 26, 2026 Special Planning Commission Meeting",2026-08-26,
us:place:1200375,"Alachua city, FL",granicus,ingested_tier1_2,"2719 transcript segments (matched an EXISTING page, not newly created)",https://alachua.granicus.com/player/clip/5734?view_id=2,Alachua County Special Magistrate Hearing,2026-09-03,/m/alachua-county-fl-2026-09-03-alachua-county-special-magistrate-hearing
us:place:1217325,"Destin city, FL",iqm2,ingested_tier1_2,"5291 transcript segments (matched an EXISTING page, not newly created)",https://okaloosacountyfl.iqm2.com/Citizens/SplitView.aspx?Mode=Video&MeetingID=1977&Format=Agenda,Board of County Commissioners Regular Meeting (North),2026-03-03,/m/okaloosa-county-fl-2026-03-03-board-of-county-commissioners-regular-meeting-nort
us:place:1218550,"Dundee town, FL",municode_meetings,skipped,municode_meetings: resolved but no transcript/agenda/video (https://dundee-fl.municodemeetings.com/),,,,
us:place:1234132,"Islamorada, Village of Islands village, FL",civicclerk,skipped,civicclerk: no civicclerk link found on hit_source_url or first 4 hop2_urls,,,,
us:place:1239375,"Lantana town, FL",granicus,skipped,granicus: resolved but no transcript/agenda/video (https://lantanafl.granicus.com/ViewPublisher.php?view_id=1),,,,
us:place:1241250,"Longwood city, FL",civicclerk,queued_tier3,"real video, no transcript yet -- appended to tier3_auto_transcription_queue.txt",https://longwoodfl.portal.civicclerk.com/event/961/media,Proposed Solid Waste Assessment: Information Sharing Q & A Meeting,2026-09-03,
us:place:1241825,"Lynn Haven city, FL",civicclerk,queued_tier3,"real video, no transcript yet -- appended to tier3_auto_transcription_queue.txt",https://lynnhavenfl.portal.civicclerk.com/event/1067/media,City Commission Meeting,2026-09-08,
us:place:1254275,"Palmetto Bay village, FL",granicus,skipped,granicus: no granicus link found on hit_source_url or first 4 hop2_urls,,,,
us:place:1274150,"Vero Beach city, FL",castus,skipped,castus: resolved but no transcript/agenda/video (https://cloud.castus.tv/vod/vero-beach/private/6a8dc49212e21f0002bd8a31),,,,
us:place:1304140,"Auburn city, GA",youtube,skipped,youtube: no youtube link found on hit_source_url or first 4 hop2_urls,,,,
us:place:1304204,"Augusta-Richmond County consolidated government (balance), GA",champds,skipped,champds: no champds link found on hit_source_url or first 4 hop2_urls,,,,
us:place:1320932,"Cumming city, GA",vimeo,skipped,"vimeo: title looks like a non-meeting video (no governing-body keyword in title), not ingested: 'Welcome to the City of Cumming' (https://player.vimeo.com/video/380112014?title=0&byline=0&portrait=0)",,,,
us:place:1324600,"Duluth city, GA",youtube,queued_tier3,"real video, no transcript yet -- appended to tier3_auto_transcription_queue.txt",https://www.youtube.com/watch?v=5zc-w-kaRfE,,,
us:place:1329528,"Fitzgerald city, GA",youtube,skipped,"youtube: title looks like a non-meeting video (no governing-body keyword in title), not ingested: '' (https://www.youtube.com/watch?v=h-4Kanwv-UE)",,,,
us:place:1338964,"Hinesville city, GA",civicclerk,skipped,civicclerk: no civicclerk link found on hit_source_url or first 4 hop2_urls,,,,
us:place:1351492,"Milledgeville city, GA",youtube,skipped,youtube: no youtube link found on hit_source_url or first 4 hop2_urls,,,,
us:place:1378800,"Valdosta city, GA",youtube,queued_tier3,"real video, no transcript yet -- appended to tier3_auto_transcription_queue.txt",https://www.youtube.com/watch?v=OZannXzgsXo,,,
us:place:1665260,"Preston city, ID",,skipped,unhandled exception: 'NoneType' object has no attribute 'get',,,,
us:place:1706613,"Bloomington city, IL",iqm2,skipped,iqm2: resolved but no transcript/agenda/video (http://bloomingtonil.iqm2.com/Citizens/Detail_LegiFile.aspx?Frame=&MeetingID=1157&MediaPosition=&ID=1763&CssClass=),,,,
us:place:1707744,"Bradley village, IL",youtube,skipped,"youtube: title looks like a non-meeting video (no governing-body keyword in title), not ingested: '' (https://www.youtube.com/watch?v=XsQRSc2soyE)",,,,
us:place:1712385,"Champaign city, IL",cablecast,ingested_tier1_2,105 transcript segments,http://champaign.cablecast.tv/internetchannel/show/5943?channel=1,The Mayor Feinen Podcast - Council Member Bob Pollett,2026-02-19,/m/champaign-city-il-2026-02-19-the-mayor-feinen-podcast-council-member-bob-pollett
us:place:1714351,"Cicero town, IL",vimeo,skipped,vimeo: no vimeo link found on hit_source_url or first 4 hop2_urls,,,,
us:place:1726571,"Flossmoor village, IL",civicclerk,skipped,civicclerk: no civicclerk link found on hit_source_url or first 4 hop2_urls,,,,
us:place:1727702,"Franklin Park village, IL",youtube,skipped,youtube: no youtube link found on hit_source_url or first 4 hop2_urls,,,,
us:place:1728846,"Geneseo city, IL",civicweb,skipped,civicweb: resolved but no transcript/agenda/video (https://cityofgeneseo.civicweb.net/Portal/MeetingTypeList.aspx),,,,
us:place:1731589,"Greenville city, IL",civicweb,skipped,civicweb: resolved but no transcript/agenda/video (https://greenvilleillinois.civicweb.net/Portal/),,,,
us:place:1733695,"Hazel Crest village, IL",granicus,skipped,granicus: no granicus link found on hit_source_url or first 4 hop2_urls,,,,
us:place:1738479,"Johnsburg village, IL",,skipped,unhandled exception: 'NoneType' object has no attribute 'get',,,,
us:place:1741105,"Lake Forest city, IL",youtube,queued_tier3,"real video, no transcript yet -- appended to tier3_auto_transcription_queue.txt",https://www.youtube.com/watch?v=w5zkWsb_BHo,,,
us:place:1742028,"Lansing village, IL",youtube,skipped,"youtube channel: checked 40 channel video(s), none looked like a real meeting (https://www.youtube.com/c/VillageofLansingIllinoisLNN)",,,,
us:place:1745434,"Lyons village, IL",youtube,skipped,youtube: no youtube link found on hit_source_url or first 4 hop2_urls,,,,
us:place:1746357,"Manhattan village, IL",youtube,queued_tier3,"real video, no transcript yet -- appended to tier3_auto_transcription_queue.txt",https://www.youtube.com/watch?v=L0S5TklwxIY,,,
us:place:1747774,"Maywood village, IL",youtube,skipped,"youtube: title looks like a non-meeting video (no governing-body keyword in title), not ingested: 'State of Maywood 2026 (Slides & Video) - Mayor Nathaniel George Booker' (https://www.youtube.com/watch?v=6y1yRcCeDa0&t=3s)",,,,
us:place:1750647,"Morton Grove village, IL",youtube,skipped,youtube: no youtube link found on hit_source_url or first 4 hop2_urls,,,,
us:place:1755912,"Olney city, IL",youtube,skipped,"youtube: title looks like a non-meeting video (no governing-body keyword in title), not ingested: 'Small Town Potpourri & Joni Eareckson Tada' (https://www.youtube.com/watch?v=uj7Itp98yXQ&t=1025s)",,,,
us:place:1761314,"Posen village, IL",youtube,skipped,youtube: no youtube link found on hit_source_url or first 4 hop2_urls,,,,
us:place:1764746,"Rochelle city, IL",municode_meetings,skipped,municode_meetings: resolved but no transcript/agenda/video (https://rochelle-il.municodemeetings.com/),,,,
us:place:1770564,"South Barrington village, IL",vimeo,skipped,vimeo: no vimeo link found on hit_source_url or first 4 hop2_urls,,,,
us:place:1770590,"South Beloit city, IL",youtube,queued_tier3,"real video, no transcript yet -- appended to tier3_auto_transcription_queue.txt",https://youtu.be/-yGxfsjzjm8,,,
us:place:1774574,"Taylorville city, IL",youtube,queued_tier3,"real video, no transcript yet -- appended to tier3_auto_transcription_queue.txt",https://youtu.be/i_il1XI_Nnk,,,
us:place:1776935,"University Park village, IL",youtube,skipped,"youtube channel: checked 2 channel video(s), none looked like a real meeting (https://www.youtube.com/channel/UCHuI9H2FXssoBuZrGyt2Rfw?view_as=subscriber)",,,,
us:place:1779150,"Waterloo city, IL",vimeo,skipped,vimeo: no vimeo link found on hit_source_url or first 4 hop2_urls,,,,
us:place:1780060,"West Chicago city, IL",youtube,queued_tier3,"real video, no transcript yet -- appended to tier3_auto_transcription_queue.txt",https://www.youtube.com/watch?v=q3U6ZVJZswU,,,
us:place:1780242,"Western Springs village, IL",civicclerk,queued_tier3,"real video, no transcript yet -- appended to tier3_auto_transcription_queue.txt",https://westernspringsil.portal.civicclerk.com/event/274/media,Board of Trustees Meeting,2026-08-10,
us:place:1780645,"Westmont village, IL",civicclerk,skipped,civicclerk: no past CivicClerk events with real media found via tenant Events API,,,,
us:place:1781048,"Wheaton city, IL",vimeo,skipped,vimeo: no vimeo link found on hit_source_url or first 4 hop2_urls,,,,
us:place:1784220,"Zion city, IL",youtube,queued_tier3,"real video, no transcript yet -- appended to tier3_auto_transcription_queue.txt",https://youtu.be/oehXf7FLYo8,,,
us:place:1804204,"Beech Grove city, IN",youtube,skipped,youtube: no youtube link found on hit_source_url or first 4 hop2_urls,,,,
us:place:1812628,"Cicero town, IN",youtube,skipped,youtube: no youtube link found on hit_source_url or first 4 hop2_urls,,,,
us:place:1825000,"Fort Wayne city, IN",viebit,queued_tier3,"real video, no transcript yet -- appended to tier3_auto_transcription_queue.txt",https://acpl.viebit.com/watch?hash=u8S8VID9AvKh9H6Z,Fort Wayne Redevelopment Commission,2026-06-16,
us:place:1828386,"Goshen city, IN",youtube,queued_tier3,"real video, no transcript yet -- appended to tier3_auto_transcription_queue.txt",https://www.youtube.com/watch?v=xkZjMGFrWUg,,,
us:place:1829358,"Greencastle city, IN",civicclerk,queued_tier3,"real video, no transcript yet -- appended to tier3_auto_transcription_queue.txt",https://greencastlein.portal.civicclerk.com/event/1585/media,Cemetery Board Meeting,2026-09-03,
us:place:1832242,"Hartford City city, IN",civicclerk,queued_tier3,"real video, no transcript yet -- appended to tier3_auto_transcription_queue.txt",https://blackfordcoin.portal.civicclerk.com/event/2157/media,Blackford County Council,2025-12-03,
us:place:1842426,"Lawrence city, IN",youtube,queued_tier3,"real video, no transcript yet -- appended to tier3_auto_transcription_queue.txt",https://www.youtube.com/embed/wvb17rmcMxA?showinfo=0&autoplay=0&rel=0&wmode=opaque&autohide=1,,,
us:place:1844658,"Logansport city, IN",civicclerk,skipped,civicclerk: no civicclerk link found on hit_source_url or first 4 hop2_urls,,,,
us:place:1847448,"Martinsville city, IN",civicclerk,queued_tier3,"real video, no transcript yet -- appended to tier3_auto_transcription_queue.txt",https://martinsvillein.portal.civicclerk.com/event/506/media,Redevelopment Commission,2026-09-09,
us:place:1851912,"Munster town, IN",civicclerk,skipped,civicclerk: no civicclerk link found on hit_source_url or first 4 hop2_urls,,,,
us:place:1852326,"New Albany city, IN",granicus,skipped,granicus: no granicus link found on hit_source_url or first 4 hop2_urls,,,,
us:place:1875428,"Terre Haute city, IN",youtube,queued_tier3,"real video, no transcript yet -- appended to tier3_auto_transcription_queue.txt",https://www.youtube.com/watch?v=2H2SozMslPk,,,
us:place:1880504,"Washington city, IN",granicus,skipped,granicus: resolved but no transcript/agenda/video (https://washingtonin.granicus.com/ViewPublisher.php?view_id=1),,,,
us:place:1883420,"Westville town, IN",youtube,skipped,youtube: no youtube link found on hit_source_url or first 4 hop2_urls,,,,
us:place:1883816,"Whiteland town, IN",youtube,skipped,youtube: no youtube link found on hit_source_url or first 4 hop2_urls,,,,
us:place:1901990,"Anamosa city, IA",youtube,skipped,youtube: no youtube link found on hit_source_url or first 4 hop2_urls,,,,
us:place:1907390,"Bondurant city, IA",civicclerk,skipped,civicclerk: no past CivicClerk events with real media found via tenant Events API,,,,
us:place:1921000,"Des Moines city, IA",civicweb,queued_tier3,"real video, no transcript yet -- appended to tier3_auto_transcription_queue.txt",https://desmoines.civicweb.net/Portal/MeetingInformation.aspx?Id=586,Airport Advisory Committee - 08 Dec 2025,2025-12-08,
us:place:1924600,"Eldridge city, IA",youtube,queued_tier3,"real video, no transcript yet -- appended to tier3_auto_transcription_queue.txt",https://www.youtube.com/watch?v=G8myJ6ZmN70,,,
us:place:1956505,"Newton city, IA",civicclerk,queued_tier3,"real video, no transcript yet -- appended to tier3_auto_transcription_queue.txt",https://newtonia.portal.civicclerk.com/event/843/media,City Council Meeting,2026-08-17,
us:place:1960465,"Ottumwa city, IA",youtube,queued_tier3,"real video, no transcript yet -- appended to tier3_auto_transcription_queue.txt",https://www.youtube.com/watch?v=Q1b4LUA8CVo,,,
us:place:1986250,"Windsor Heights city, IA",civicclerk,skipped,civicclerk: no civicclerk link found on hit_source_url or first 4 hop2_urls,,,,
us:place:2033875,"Independence city, KS",civicclerk,queued_tier3,"real video, no transcript yet -- appended to tier3_auto_transcription_queue.txt",https://independenceks.portal.civicclerk.com/event/1967/media,Planning Commission/Board of Zoning Appeals Meeting,2026-09-01,
us:place:2036000,"Kansas City city, KS",civicclerk,skipped,civicclerk: no civicclerk link found on hit_source_url or first 4 hop2_urls,,,,
us:place:2054450,"Park City city, KS",,skipped,unhandled exception: 'NoneType' object has no attribute 'get',,,,
us:place:2060825,"Roeland Park city, KS",civicclerk,skipped,civicclerk: no civicclerk link found on hit_source_url or first 4 hop2_urls,,,,
us:place:2108902,"Bowling Green city, KY",vimeo,skipped,"vimeo: title looks like a non-meeting video (no governing-body keyword in title), not ingested: 'Bowling Green - A Great Place to Live and Work' (https://player.vimeo.com/video/704566009?title=0&playsinline=true)",,,,
us:place:2120350,"Dayton city, KY",youtube,skipped,youtube: no youtube link found on hit_source_url or first 4 hop2_urls,,,,
us:place:2128594,"Fort Thomas city, KY",youtube,queued_tier3,"real video, no transcript yet -- appended to tier3_auto_transcription_queue.txt",https://www.youtube.com/watch?v=m3pCgGTc7pQ,,,
us:place:2128918,"Franklin city, KY",youtube,queued_tier3,"real video, no transcript yet -- appended to tier3_auto_transcription_queue.txt",https://www.youtube.com/watch?v=M6Rf_W5cdyY,,,
us:place:2163138,"Princeton city, KY",civicweb,queued_tier3,"real video, no transcript yet -- appended to tier3_auto_transcription_queue.txt",https://princeton.civicweb.net/Portal/MeetingInformation.aspx?Id=910,Regular Agenda - 02 Sep 2026,2026-09-02,
us:place:2200100,"Abbeville city, LA",municode_meetings,skipped,municode_meetings: no municode_meetings link found on hit_source_url or first 4 hop2_urls,,,,
us:place:2204685,"Bastrop city, LA",youtube,queued_tier3,"real video, no transcript yet -- appended to tier3_auto_transcription_queue.txt",https://www.youtube.com/watch?v=ovoSOginpBs,,,
us:place:2232755,"Hammond city, LA",youtube,skipped,youtube: no youtube link found on hit_source_url or first 4 hop2_urls,,,,
us:place:2238355,"Jennings city, LA",youtube,queued_tier3,"real video, no transcript yet -- appended to tier3_auto_transcription_queue.txt",https://www.youtube.com/embed/-pNyufIO7xM?feature=oembed,,,
us:place:2241155,"Lake Charles city, LA",civicclerk,skipped,civicclerk: no past CivicClerk events with real media found via tenant Events API,,,,
us:place:2250885,"Minden city, LA",civicclerk,queued_tier3,"real video, no transcript yet -- appended to tier3_auto_transcription_queue.txt",https://mindenla.portal.civicclerk.com/event/113/media,"September 8, 2026, Minden City Council Regular Session",2026-09-08,
us:place:2251410,"Monroe city, LA",vimeo,skipped,vimeo: no vimeo link found on hit_source_url or first 4 hop2_urls,,,,
us:place:2263645,"Rayne city, LA",youtube,skipped,"youtube: title looks like a non-meeting video (no governing-body keyword in title), not ingested: 'City of Rayne   Drainage Improvement Program' (https://www.youtube.com/embed/_zQxOIdXs6Q?wmode=transparent&autoplay=0&mute=0&theme=dark&controls=1&autohide=1&loop=1&showinfo=0&rel=0&enablejsapi=0&playlist=_zQxOIdXs6Q)",,,,
us:place:2283405,"Zachary city, LA",youtube,skipped,youtube: no youtube link found on hit_source_url or first 4 hop2_urls,,,,
us:place:2303355,"Bath city, ME",granicus,skipped,granicus: no granicus link found on hit_source_url or first 4 hop2_urls,,,,
us:place:2310565,"Caribou city, ME",youtube,queued_tier3,"real video, no transcript yet -- appended to tier3_auto_transcription_queue.txt",https://www.youtube.com/watch?v=C4DA0gduaUw,,,
us:place:2355225,"Old Town city, ME",youtube,queued_tier3,"real video, no transcript yet -- appended to tier3_auto_transcription_queue.txt",https://www.youtube.com/watch?v=rkdMLMNIgKE,,,
us:place:2365725,"Sanford city, ME",granicus,skipped,granicus: no granicus link found on hit_source_url or first 4 hop2_urls,,,,
us:place:2421325,"Cumberland city, MD",civicclerk,queued_tier3,"real video, no transcript yet -- appended to tier3_auto_transcription_queue.txt",https://alleganycomd.portal.civicclerk.com/event/1049/media,Commissioner Public Work Session,2025-12-18,
us:place:2500840,"Agawam Town city, MA",cablecast,queued_tier3,"real video, no transcript yet -- appended to tier3_auto_transcription_queue.txt",http://agawamvod.cablecast.tv/internetchannel/show/2912?site=1,"Community Relations Subcommittee Meeting - Sep. 8, 2026",2026-09-09,
us:place:2503690,"Barnstable Town city, MA",cablecast,ingested_tier1_2,"660 transcript segments (matched an EXISTING page, not newly created)",https://barnstable.cablecast.tv/internetchannel/show/12106?site=1,Town Council 01-08-2026,2026-01-08,/m/barnstable-county-ma-2026-01-08-town-council-01-08-2026
us:place:2524960,"Framingham city, MA",iqm2,skipped,iqm2: resolved but no transcript/agenda/video (http://framinghamma.iqm2.com/Citizens/Detail_LegiFile.aspx?Frame=&MeetingID=12160&MediaPosition=&ID=3815&CssClass=),,,,
us:place:2556585,"Revere city, MA",iqm2,skipped,iqm2: resolved but no transcript/agenda/video (http://reverema.iqm2.com/Citizens/Detail_LegiFile.aspx?Frame=&MeetingID=1656&MediaPosition=&ID=2827&CssClass=),,,,
us:place:2601260,"Allegan city, MI",youtube,skipped,youtube: no youtube link found on hit_source_url or first 4 hop2_urls,,,,
us:place:2601740,"Alpena city, MI",youtube,skipped,"youtube: title looks like a non-meeting video (no governing-body keyword in title), not ingested: 'Departure of the Great Blue Herons' (https://youtu.be/YhGewTVU5io)",,,,
us:place:2604105,"Auburn Hills city, MI",telvue,skipped,telvue: no telvue link found on hit_source_url or first 4 hop2_urls,,,,
us:place:2627440,"Farmington Hills city, MI",youtube,queued_tier3,"real video, no transcript yet -- appended to tier3_auto_transcription_queue.txt",https://www.youtube.com/watch?v=GSTZcOcMgJs,,,
us:place:2629000,"Flint city, MI",youtube,skipped,"youtube: title looks like a non-meeting video (no governing-body keyword in title), not ingested: 'City of Flint 2025 State of the City Broadcast Special' (https://youtu.be/YoARCyoqwYs)",,,,
us:place:2633340,"Grand Haven city, MI",vimeo,skipped,"vimeo: title looks like a non-meeting video (no governing-body keyword in title), not ingested: 'Drone-Footage-updated-with-Credit-720' (https://player.vimeo.com/video/1104572472?autoplay=1&background=1&loop=1)",,,,
us:place:2635520,"Grosse Pointe Farms city, MI",youtube,skipped,youtube: no youtube link found on hit_source_url or first 4 hop2_urls,,,,
us:place:2635540,"Grosse Pointe Park city, MI",civicclerk,skipped,civicclerk: no past CivicClerk events with real media found via tenant Events API,,,,
us:place:2638180,"Highland Park city, MI",youtube,queued_tier3,"real video, no transcript yet -- appended to tier3_auto_transcription_queue.txt",https://www.youtube.com/watch?v=kS6fNXK9-4o,,,
us:place:2638640,"Holland city, MI",civicweb,skipped,civicweb: resolved but no transcript/agenda/video (https://cityofholland.civicweb.net/Portal/),,,,
us:place:2639360,"Houghton city, MI",vimeo,skipped,"vimeo: title looks like a non-meeting video (no governing-body keyword in title), not ingested: 'Houghton Art and Gardens' (https://player.vimeo.com/video/1003260824?h=0862389bc6&badge=0&autopause=0&player_id=0&app_id=58479)",,,,
us:place:2640860,"Ionia city, MI",civicclerk,skipped,civicclerk: no civicclerk link found on hit_source_url or first 4 hop2_urls,,,,
us:place:2641420,"Jackson city, MI",civicclerk,queued_tier3,"real video, no transcript yet -- appended to tier3_auto_transcription_queue.txt",https://jacksoncomi.portal.civicclerk.com/event/1092/media,Board of Commissioners Meeting,2026-01-20,
us:place:2646000,"Lansing city, MI",civicclerk,skipped,civicclerk: no civicclerk link found on hit_source_url or first 4 hop2_urls,,,,
us:place:2652180,"Mason city, MI",,skipped,unhandled exception: 'NoneType' object has no attribute 'get',,,,
us:place:2665820,"Port Huron city, MI",granicus,skipped,granicus: no granicus link found on hit_source_url or first 4 hop2_urls,,,,
us:place:2669020,"Rochester city, MI",telvue,skipped,telvue: no telvue link found on hit_source_url or first 4 hop2_urls,,,,
us:place:2669035,"Rochester Hills city, MI",legistar,skipped,legistar: no legistar link found on hit_source_url or first 4 hop2_urls,,,,
us:place:2671000,"St. Louis city, MI",vimeo,skipped,vimeo: no vimeo link found on hit_source_url or first 4 hop2_urls,,,,
us:place:2674900,"Southfield city, MI",cablecast,skipped,cablecast: resolved but no transcript/agenda/video (http://southfield.cablecast.tv/internetchannel/show/2059?channel=2),,,,
us:place:2705752,"Big Lake city, MN",viebit,skipped,viebit: resolved but no transcript/agenda/video (https://biglake.viebit.com/?folder=ALL),,,,
us:place:2708452,"Buffalo city, MN",viebit,queued_tier3,"real video, no transcript yet -- appended to tier3_auto_transcription_queue.txt",https://buffalo.viebit.com/watch?hash=11TLAPa5nJChjObE,"Buffalo City Council Meeting, Tuesday, September 8, 2026",2026-09-09,
us:place:2720546,"Faribault city, MN",civicclerk,ingested_tier1_2,"3300 transcript segments (matched an EXISTING page, not newly created)",https://ricecountymn.portal.civicclerk.com/event/1407/media,Rice County Committee of the Whole Meeting,2025-09-16,/m/faribault-mn-2025-09-16-rice-county-committee-of-the-whole-meeting
us:place:2731328,"Isanti city, MN",granicus,skipped,granicus: no granicus link found on hit_source_url or first 4 hop2_urls,,,,
us:place:2740688,"Marshall city, MN",municode_meetings,skipped,municode_meetings: no municode_meetings link found on hit_source_url or first 4 hop2_urls,,,,
us:place:2746798,"North Branch city, MN",civicclerk,ingested_tier1_2,2260 transcript segments,https://northbranchmn.portal.civicclerk.com/event/457/media,City Council First Monthly Meeting,2026-09-09,/m/north-branch-city-mn-2026-09-09-city-council-first-monthly-meeting
us:place:2758684,"Sauk Rapids city, MN",youtube,skipped,"youtube: title looks like a non-meeting video (no governing-body keyword in title), not ingested: 'Sauk Rapids, Minnesota Promotional Video' (http://www.youtube.com/watch?v=7Al2LumJe30)",,,,
us:place:2772022,"Wyoming city, MN",civicclerk,queued_tier3,"real video, no transcript yet -- appended to tier3_auto_transcription_queue.txt",https://wyomingmn.portal.civicclerk.com/event/666/media,"City Council - September 1, 2026",2026-09-01,
us:place:2810140,"Byram city, MS",civicclerk,queued_tier3,"real video, no transcript yet -- appended to tier3_auto_transcription_queue.txt",https://byramms.portal.civicclerk.com/event/2238/media,Budget Public Hearing,2026-09-03,
us:place:2841680,"Long Beach city, MS",primegov,queued_tier3,"real video, no transcript yet -- appended to tier3_auto_transcription_queue.txt",https://longbeach.primegov.com/Portal/Meeting?meetingTemplateId=36784,"Aug 27, 2026 Climate Resilient and Sustainable City Commission",2026-08-27,
us:place:2870240,"Starkville city, MS",civicclerk,skipped,civicclerk: no past CivicClerk events with real media found via tenant Events API,,,,
us:place:2879120,"West Point city, MS",youtube,skipped,youtube: no youtube link found on hit_source_url or first 4 hop2_urls,,,,
us:place:2901972,"Arnold city, MO",youtube,skipped,"youtube: title looks like a non-meeting video (no governing-body keyword in title), not ingested: 'Mayor William ""Bill"" Moritz' (https://www.youtube.com/watch?v=k2-tOXoIdAM)",,,,
us:place:2903160,"Ballwin city, MO",municode_meetings,skipped,municode_meetings: resolved but no transcript/agenda/video (https://ballwin-mo.municodemeetings.com/calendar),,,,
us:place:2907318,"Boonville city, MO",civicclerk,skipped,civicclerk: no past CivicClerk events with real media found via tenant Events API,,,,
us:place:2911368,"Carl Junction city, MO",civicclerk,queued_tier3,"real video, no transcript yet -- appended to tier3_auto_transcription_queue.txt",https://carljunctionmo.portal.civicclerk.com/event/1035/media,Board of Aldermen Meeting,2026-09-01,
us:place:2911692,"Caruthersville city, MO",youtube,skipped,youtube: no youtube link found on hit_source_url or first 4 hop2_urls,,,,
us:place:2913600,"Chesterfield city, MO",civicclerk,skipped,civicclerk: no civicclerk link found on hit_source_url or first 4 hop2_urls,,,,
us:place:2919252,"De Soto city, MO",civicclerk,skipped,civicclerk: no civicclerk link found on hit_source_url or first 4 hop2_urls,,,,
us:place:2941168,"Lebanon city, MO",civicclerk,queued_tier3,"real video, no transcript yet -- appended to tier3_auto_transcription_queue.txt",https://lebanonmo.portal.civicclerk.com/event/625/media,Park Board,2026-09-09,
us:place:2946586,"Maryland Heights city, MO",youtube,skipped,"youtube channel: checked 40 channel video(s), none looked like a real meeting (https://www.youtube.com/@cityofmarylandheights)",,,,
us:place:2953624,"Oak Grove city, MO",youtube,skipped,"youtube: title looks like a non-meeting video (no governing-body keyword in title), not ingested: '' (https://www.youtube.com/watch?v=8qePLwulFwk)",,,,
us:place:2954074,"O'Fallon city, MO",cablecast,skipped,cablecast: no cablecast link found on hit_source_url or first 4 hop2_urls,,,,
us:place:2958394,"Pleasant Hill city, MO",municode_meetings,skipped,municode_meetings: no municode_meetings link found on hit_source_url or first 4 hop2_urls,,,,
us:place:2960752,"Raymore city, MO",civicclerk,skipped,civicclerk: no past CivicClerk events with real media found via tenant Events API,,,,
us:place:2962912,"Rolla city, MO",youtube,skipped,"youtube: title looks like a non-meeting video (no governing-body keyword in title), not ingested: '' (https://www.youtube.com/watch?v=9bvaMRY0e24)",,,,
us:place:2965126,"St. Peters city, MO",civicclerk,skipped,civicclerk: no past CivicClerk events with real media found via tenant Events API,,,,
us:place:2965144,"St. Robert city, MO",youtube,skipped,youtube: no youtube link found on hit_source_url or first 4 hop2_urls,,,,
us:place:2967790,"Sikeston city, MO",youtube,queued_tier3,"real video, no transcript yet -- appended to tier3_auto_transcription_queue.txt",https://youtu.be/qkLrKX1r1no,,,
us:place:2979820,"Wildwood city, MO",civicclerk,skipped,civicclerk: no civicclerk link found on hit_source_url or first 4 hop2_urls,,,,
us:place:3035600,"Helena city, MT",primegov,skipped,primegov: resolved but no transcript/agenda/video (https://helenamt.primegov.com/Portal/Meeting?meetingTemplateId=408),,,,
us:place:3042700,"Laurel city, MT",civicclerk,queued_tier3,"real video, no transcript yet -- appended to tier3_auto_transcription_queue.txt",https://laurelmt.portal.civicclerk.com/event/2386/media,City Council Meeting,2026-09-08,
us:place:3043375,"Lewistown city, MT",youtube,queued_tier3,"real video, no transcript yet -- appended to tier3_auto_transcription_queue.txt",https://youtu.be/X-0qkBUu45I,,,
us:place:3067900,"Sidney city, MT",civicclerk,no-video-found,"agenda-only, no video (not ingested per WO-128 rule): https://sidneymt.portal.civicclerk.com/event/2501/files",https://sidneymt.portal.civicclerk.com/event/2501/files,Zoning/Board of Adjustments 9-23-26,2026-09-23,
us:place:3119595,"Grand Island city, NE",granicus,skipped,granicus: no granicus link found on hit_source_url or first 4 hop2_urls,,,,
us:place:3128000,"Lincoln city, NE",escribe,queued_tier3,"real video, no transcript yet -- appended to tier3_auto_transcription_queue.txt",https://pub-lincoln.escribemeetings.com/Meeting.aspx?Agenda=Agenda&Id=08e3d8fe-c855-4b61-9c1c-4a1bcec8fcab&lang=English,Committee of the Whole,2023-06-19,
us:place:3137000,"Omaha city, NE",youtube,queued_tier3,"real video, no transcript yet -- appended to tier3_auto_transcription_queue.txt",https://www.youtube.com/watch?v=T3VwKCAj64o,,,
us:place:3144245,"Scottsbluff city, NE",civicclerk,queued_tier3,"real video, no transcript yet -- appended to tier3_auto_transcription_queue.txt",https://scottsbluffne.portal.civicclerk.com/event/883/media,City Council Meeting,2026-09-08,
us:place:3224100,"Fallon city, NV",civicclerk,queued_tier3,"real video, no transcript yet -- appended to tier3_auto_transcription_queue.txt",https://churchillconv.portal.civicclerk.com/event/4243/media,Board of County Commissioners - Jail Inspection,2026-09-03,
us:place:3224900,"Fernley city, NV",civicclerk,skipped,civicclerk: no civicclerk link found on hit_source_url or first 4 hop2_urls,,,,
us:place:3401960,"Asbury Park city, NJ",iqm2,skipped,iqm2: resolved but no transcript/agenda/video (https://asburyparknj.iqm2.com/Citizens/Detail_LegiFile.aspx?Frame=&MeetingID=1651&MediaPosition=&ID=6480&CssClass=),,,,
us:place:3432250,"Hoboken city, NJ",iqm2,skipped,iqm2: resolved but no transcript/agenda/video (https://hobokennj.iqm2.com/Citizens/Detail_LegiFile.aspx?Frame=&MeetingID=3114&MediaPosition=&ID=13563&CssClass=),,,,
us:place:3445900,"Middlesex borough, NJ",civicclerk,skipped,civicclerk: no civicclerk link found on hit_source_url or first 4 hop2_urls,,,,
us:place:3448300,"Morristown town, NJ",iqm2,skipped,iqm2: resolved but no transcript/agenda/video (http://morristownnj.iqm2.com/Citizens/Detail_LegiFile.aspx?Frame=&MeetingID=1005&MediaPosition=&ID=1069&CssClass),,,,
us:place:3448510,"Mountainside borough, NJ",youtube,queued_tier3,"real video, no transcript yet -- appended to tier3_auto_transcription_queue.txt",https://www.youtube.com/watch?v=fnnKLtVdaFo,,,
us:place:3454990,"Oradell borough, NJ",telvue,skipped,telvue: resolved but no transcript/agenda/video (https://connect.telvue.com),,,,
us:place:3459640,"Pleasantville city, NJ",,skipped,unhandled exception: 'NoneType' object has no attribute 'get',,,,
us:place:3463150,"Ringwood borough, NJ",viebit,skipped,viebit: no viebit link found on hit_source_url or first 4 hop2_urls,,,,
us:place:3464620,"Roselle borough, NJ",vimeo,skipped,vimeo: resolved but no transcript/agenda/video (https://vimeo.com/channels/staffpicks),,,,
us:place:3465790,"Sayreville borough, NJ",youtube,queued_tier3,"real video, no transcript yet -- appended to tier3_auto_transcription_queue.txt",https://www.youtube.com/watch?v=7Rc-p4JjrhU,,,
us:place:3512150,"Carlsbad city, NM",civicclerk,skipped,civicclerk: no civicclerk link found on hit_source_url or first 4 hop2_urls,,,,
us:place:3520270,"Deming city, NM",youtube,skipped,"youtube: title looks like a non-meeting video (no governing-body keyword in title), not ingested: 'All Inclusive Park 2022' (https://www.youtube.com/embed/pQbURtXYFYs?autoplay=1&mute=1&loop=1&list=PLjP6eTKvg6AXH5oNtAmQ7Ui3iqotsmegh)",,,,
us:place:3544490,"Lovington city, NM",civicclerk,queued_tier3,"real video, no transcript yet -- appended to tier3_auto_transcription_queue.txt",https://leacountynm.portal.civicclerk.com/event/187/media,"Lea County Board of County Commissioners January 16, 2025 Regular Meeting",2025-01-16,
us:place:3617332,"Colonie village, NY",iqm2,queued_tier3,"real video, no transcript yet -- appended to tier3_auto_transcription_queue.txt",http://colonieny.iqm2.com/Citizens/SplitView.aspx?Format=Minutes&MeetingID=1083&Mode=Video,Town Board Regular Meeting,2019-09-12,
us:place:3635672,"Hornell city, NY",youtube,skipped,youtube: no youtube link found on hit_source_url or first 4 hop2_urls,,,,
us:place:3647988,"Monroe village, NY",youtube,queued_tier3,"real video, no transcript yet -- appended to tier3_auto_transcription_queue.txt",https://www.youtube.com/watch?v=q5Gvlzvztpo,,,
us:place:3650397,"New Hyde Park village, NY",youtube,skipped,"youtube: title looks like a non-meeting video (no governing-body keyword in title), not ingested: 'New Hyde Park Fire Department Honors 50 Year Members' (https://youtu.be/tAaGk1PwMho)",,,,
us:place:3651055,"Niagara Falls city, NY",civicweb,queued_tier3,"real video, no transcript yet -- appended to tier3_auto_transcription_queue.txt",https://niagarafalls.civicweb.net/Portal/MeetingInformation.aspx?Id=1998&Org=Cal,City Council - 23 Jun 2026,2026-06-23,
us:place:3700680,"Albemarle city, NC",granicus,queued_tier3,"real video, no transcript yet -- appended to tier3_auto_transcription_queue.txt",https://albemarle.granicus.com/player/clip/1452,Board of Supervisors on 2026-03-04 1:00 PM - Regular First Meeting,2026-03-04,
us:place:3705220,"Bessemer City city, NC",municode_meetings,skipped,municode_meetings: no municode_meetings link found on hit_source_url or first 4 hop2_urls,,,,
us:place:3706140,"Black Mountain town, NC",civicclerk,skipped,civicclerk: no past CivicClerk events with real media found via tenant Events API,,,,
us:place:3707080,"Boone town, NC",iqm2,skipped,iqm2: resolved but no transcript/agenda/video (https://boonenc.iqm2.com/Citizens/Detail_Communication.aspx?Frame=&MeetingID=1797&MediaPosition=&ID=1),,,,
us:place:3707720,"Brevard city, NC",civicclerk,skipped,civicclerk: no civicclerk link found on hit_source_url or first 4 hop2_urls,,,,
us:place:3712340,"Cherryville city, NC",youtube,queued_tier3,"real video, no transcript yet -- appended to tier3_auto_transcription_queue.txt",https://www.youtube.com/watch?v=hrG2RzUj78A,,,
us:place:3714700,"Cornelius town, NC",youtube,queued_tier3,"real video, no transcript yet -- appended to tier3_auto_transcription_queue.txt",https://www.youtube.com/watch?v=uGjiNOTkOoM,,,
us:place:3715260,"Cramerton town, NC",granicus,skipped,granicus: no granicus link found on hit_source_url or first 4 hop2_urls,,,,
us:place:3716400,"Davidson town, NC",civicclerk,queued_tier3,"real video, no transcript yet -- appended to tier3_auto_transcription_queue.txt",https://davidsonnc.portal.civicclerk.com/event/315/media,Board of Commissioners Meeting,2026-09-08,
us:place:3723760,"Fletcher town, NC",civicclerk,skipped,civicclerk: no past CivicClerk events with real media found via tenant Events API,,,,
us:place:3724080,"Forest City town, NC",civicweb,skipped,civicweb: resolved but no transcript/agenda/video (https://townofforestcity.civicweb.net/portal/),,,,
us:place:3729160,"Hamlet city, NC",vimeo,skipped,"vimeo: title looks like a non-meeting video (no governing-body keyword in title), not ingested: 'Hamlet Depot and Museum_PromoFINAL.mp4' (https://player.vimeo.com/video/1097913077?badge=0&byline=0&h=fad05d291b&portrait=0&title=0&autoplay=0&loop=0&muted=0&controls=1)",,,,
us:place:3735600,"Kernersville town, NC",civicweb,skipped,civicweb: resolved but no transcript/agenda/video (https://toknc.civicweb.net/Portal/),,,,
us:place:3743920,"Monroe city, NC",civicclerk,skipped,civicclerk: no civicclerk link found on hit_source_url or first 4 hop2_urls,,,,
us:place:3744960,"Mount Holly city, NC",youtube,skipped,"youtube channel: checked 15 channel video(s), none looked like a real meeting (https://www.youtube.com/@mounthollync9659)",,,,
us:place:3757260,"Rockingham city, NC",youtube,skipped,"youtube: title looks like a non-meeting video (no governing-body keyword in title), not ingested: 'Rockingham: Star of the Sandhills' (https://youtube.com/embed/ExcfufFWkwU?rel=0&showinfo=0&start=0&autoplay=0&loop=0&muted=0&controls=1)",,,,
us:place:3760800,"Shallotte town, NC",municode_meetings,skipped,municode_meetings: no municode_meetings link found on hit_source_url or first 4 hop2_urls,,,,
us:place:3762520,"Smithfield town, NC",youtube,queued_tier3,"real video, no transcript yet -- appended to tier3_auto_transcription_queue.txt",https://www.youtube.com/embed/afHjTksIFEo?si=RUb24MBz_SkPODBl,,,
us:place:3763120,"Southern Pines town, NC",civicclerk,queued_tier3,"real video, no transcript yet -- appended to tier3_auto_transcription_queue.txt",https://southernpinesnc.portal.civicclerk.com/event/484/media,Town Council Business Meeting,2026-09-08,
us:place:3764180,"Spring Lake town, NC",youtube,skipped,"youtube: title looks like a non-meeting video (no governing-body keyword in title), not ingested: ""'THE FIGHT CONTINUES': Jersey Shore residents refuse to back down against Verizon"" (https://www.youtube.com/embed/nK5tebXMk9U?si=V4uucxKhMMzL2JvB)",,,,
us:place:3764420,"Stallings town, NC",youtube,skipped,youtube: no youtube link found on hit_source_url or first 4 hop2_urls,,,,
us:place:3775060,"Winterville town, NC",youtube,skipped,youtube: no youtube link found on hit_source_url or first 4 hop2_urls,,,,
us:place:3775280,"Woodfin town, NC",youtube,queued_tier3,"real video, no transcript yet -- appended to tier3_auto_transcription_queue.txt",https://www.youtube.com/watch?v=CtT4GtYujpg,,,
us:place:3776220,"Zebulon town, NC",youtube,skipped,youtube: no youtube link found on hit_source_url or first 4 hop2_urls,,,,
us:place:3849900,"Mandan city, ND",civicclerk,queued_tier3,"real video, no transcript yet -- appended to tier3_auto_transcription_queue.txt",https://mandannd.portal.civicclerk.com/event/344/media,City Commission Meeting,2026-09-01,
us:place:3904878,"Bedford city, OH",primegov,skipped,primegov: resolved but no transcript/agenda/video (https://bedfordoh.primegov.com/Portal/Meeting?meetingTemplateId=1826),,,,
us:place:3908364,"Brecksville city, OH",civicclerk,queued_tier3,"real video, no transcript yet -- appended to tier3_auto_transcription_queue.txt",https://brecksvilleoh.portal.civicclerk.com/event/1389/media,City Council Committee Meeting,2026-09-01,
us:place:3909064,"Broadview Heights city, OH",champds,skipped,champds: no champds link found on hit_source_url or first 4 hop2_urls,,,,
us:place:3909792,"Bryan city, OH",youtube,skipped,youtube: no youtube link found on hit_source_url or first 4 hop2_urls,,,,
us:place:3918868,"Coshocton city, OH",youtube,skipped,"youtube: title looks like a non-meeting video (no governing-body keyword in title), not ingested: 'Coshocton Commercial 2023' (https://www.youtube.com/embed/v7fzfbKCHRs?feature=oembed)",,,,
us:place:3927706,"Forest Park city, OH",civicweb,skipped,civicweb: resolved but no transcript/agenda/video (https://forestpark.civicweb.net/Portal/),,,,
us:place:3928476,"Franklin city, OH",municode_meetings,skipped,municode_meetings: no municode_meetings link found on hit_source_url or first 4 hop2_urls,,,,
us:place:3937016,"Huron city, OH",granicus,skipped,granicus: no granicus link found on hit_source_url or first 4 hop2_urls,,,,
us:place:3947628,"Marietta city, OH",youtube,skipped,youtube: no youtube link found on hit_source_url or first 4 hop2_urls,,,,
us:place:3964486,"Powell city, OH",granicus,skipped,granicus: no granicus link found on hit_source_url or first 4 hop2_urls,,,,
us:place:3966152,"Reminderville city, OH",youtube,skipped,"youtube: title looks like a non-meeting video (no governing-body keyword in title), not ingested: '' (https://www.youtube.com/watch?v=CbzVmxAkxYE&feature=youtu.be)",,,,
us:place:3970380,"Sandusky city, OH",youtube,queued_tier3,"real video, no transcript yet -- appended to tier3_auto_transcription_queue.txt",https://www.youtube.com/watch?v=HzjMQP1ToH0,,,
us:place:3977504,"Trotwood city, OH",granicus,skipped,granicus: no granicus link found on hit_source_url or first 4 hop2_urls,,,,
us:place:3983090,"West Carrollton city, OH",youtube,queued_tier3,"real video, no transcript yet -- appended to tier3_auto_transcription_queue.txt",https://www.youtube.com/watch?v=fnZup1KBfr4,,,
us:place:3983622,"Westlake city, OH",youtube,skipped,youtube: no youtube link found on hit_source_url or first 4 hop2_urls,,,,
us:place:3984770,"Whitehouse village, OH",civicweb,queued_tier3,"real video, no transcript yet -- appended to tier3_auto_transcription_queue.txt",https://whitehouse.civicweb.net/Portal/MeetingInformation.aspx?Id=5493,City Council - Aug 24 2026,2026-08-24,
us:place:4000200,"Ada city, OK",civicclerk,skipped,civicclerk: no past CivicClerk events with real media found via tenant Events API,,,,
us:place:4006700,"Blanchard city, OK",youtube,skipped,youtube: no youtube link found on hit_source_url or first 4 hop2_urls,,,,
us:place:4031700,"Guthrie city, OK",youtube,skipped,youtube: no youtube link found on hit_source_url or first 4 hop2_urls,,,,
us:place:4048350,"Midwest City city, OK",civicclerk,skipped,civicclerk: no civicclerk link found on hit_source_url or first 4 hop2_urls,,,,
us:place:4066800,"Shawnee city, OK",civicclerk,queued_tier3,"real video, no transcript yet -- appended to tier3_auto_transcription_queue.txt",https://shawneeok.portal.civicclerk.com/event/2124/media,Board of City Commissioners Special Call Meeting,2026-08-26,
us:place:4073250,"The Village city, OK",municode_meetings,queued_tier3,"real video, no transcript yet -- appended to tier3_auto_transcription_queue.txt",https://douglas-mi.municodemeetings.com/bc-citycouncil/page/regular-meeting-city-council-91,,,
us:place:4079450,"Weatherford city, OK",vimeo,skipped,"vimeo: title looks like a non-meeting video (no governing-body keyword in title), not ingested: 'To New Heights: Weatherford Public Schools' (https://player.vimeo.com/video/813295251?h=c5b09e14e3)",,,,
us:place:4101000,"Albany city, OR",youtube,queued_tier3,"real video, no transcript yet -- appended to tier3_auto_transcription_queue.txt",https://www.youtube.com/watch?v=0xRPRA4MI-0,,,
us:place:4115800,"Corvallis city, OR",civicclerk,ingested_tier1_2,"915 transcript segments (matched an EXISTING page, not newly created)",https://bentoncoor.portal.civicclerk.com/event/10/media,Board of Commissioners Meeting,2025-04-01,/m/corvallis-or-2025-04-01-board-of-commissioners-meeting
us:place:4123800,"Estacada city, OR",youtube,queued_tier3,"real video, no transcript yet -- appended to tier3_auto_transcription_queue.txt",https://youtu.be/R7HvU9XPO3o,,,
us:place:4139150,"King City city, OR",youtube,skipped,youtube channel: channel listing returned no entries (https://www.youtube.com/@cityofkingcityoregon838/about),,,,
us:place:4149450,"Molalla city, OR",granicus,skipped,granicus: no granicus link found on hit_source_url or first 4 hop2_urls,,,,
us:place:4154900,"Ontario city, OR",civicclerk,skipped,civicclerk: no past CivicClerk events with real media found via tenant Events API,,,,
us:place:4206064,"Bethel Park municipality, PA",cablecast,skipped,cablecast: no cablecast link found on hit_source_url or first 4 hop2_urls,,,,
us:place:4211272,"Carlisle borough, PA",youtube,queued_tier3,"real video, no transcript yet -- appended to tier3_auto_transcription_queue.txt",https://www.youtube.com/watch?v=cn8cmR4Gkk8,,,
us:place:4215848,"Conshohocken borough, PA",youtube,queued_tier3,"real video, no transcript yet -- appended to tier3_auto_transcription_queue.txt",https://www.youtube.com/watch?v=G3OmQMWslVE,,,
us:place:4219784,"Doylestown borough, PA",iqm2,skipped,iqm2: no iqm2 link found on hit_source_url or first 4 hop2_urls,,,,
us:place:4236368,"Huntingdon borough, PA",youtube,skipped,"youtube: title looks like a non-meeting video (no governing-body keyword in title), not ingested: ""There's No Place Like Huntingdon"" (https://www.youtube.com/embed/H9qQ1_jGHQo?feature=oembed)",,,,
us:place:4239352,"Kennett Square borough, PA",youtube,skipped,youtube: no youtube link found on hit_source_url or first 4 hop2_urls,,,,
us:place:4248360,"Meadville city, PA",youtube,skipped,youtube: no youtube link found on hit_source_url or first 4 hop2_urls,,,,
us:place:4250344,"Monessen city, PA",vimeo,skipped,"vimeo: title looks like a non-meeting video (no governing-body keyword in title), not ingested: 'Monessen Mayoral Plans.MOV' (https://player.vimeo.com/video/744168137?h=ab72035fe4)",,,,
us:place:4252320,"Munhall borough, PA",youtube,queued_tier3,"real video, no transcript yet -- appended to tier3_auto_transcription_queue.txt",https://www.youtube.com/watch?v=G2cQUCYo9ZE,,,
us:place:4271776,"Somerset borough, PA",youtube,skipped,"youtube: title looks like a non-meeting video (no governing-body keyword in title), not ingested: 'Somerset County 25-250 - 08/08/2026 2:32 PM' (https://www.youtube.com/live/q3Nmy8wcPiQ?si=txcihbqb6Yr1O_cE)",,,,
us:place:4271856,"Souderton borough, PA",youtube,queued_tier3,"real video, no transcript yet -- appended to tier3_auto_transcription_queue.txt",https://www.youtube.com/watch?v=WNXXw04jxvg,,,
us:place:4273808,"State College borough, PA",telvue,ingested_tier1_2,2365 transcript segments,https://videoplayer.telvue.com/player/GNduNoua2rBThhw6N4PRP9OCSPf6B2ru/playlists/4824/media/967743?autostart=true&fullscreen=true,8/6/25 State College Borough Planning Commission,,/m/state-college-pa-8-6-25-state-college-borough-planning-commission
us:place:4273888,"Steelton borough, PA",youtube,skipped,"youtube channel: checked 9 channel video(s), none looked like a real meeting (https://www.youtube.com/channel/UCCK2-im2-Cj2tzhu5vj7CGA)",,,,
us:place:4282704,"West Chester borough, PA",civicclerk,ingested_tier1_2,"1746 transcript segments (matched an EXISTING page, not newly created)",https://chestercopa.portal.civicclerk.com/event/1019/media,Board of Elections Meeting,2025-12-05,/m/west-chester-pa-2025-12-05-board-of-elections-meeting
us:place:4284704,"White Oak borough, PA",youtube,queued_tier3,"real video, no transcript yet -- appended to tier3_auto_transcription_queue.txt",https://www.youtube.com/embed/ZdFPHNoK46o,,,
us:place:4286968,"Yeadon borough, PA",youtube,skipped,youtube: no youtube link found on hit_source_url or first 4 hop2_urls,,,,
us:place:4504690,"Beaufort city, SC",civicclerk,skipped,civicclerk: no civicclerk link found on hit_source_url or first 4 hop2_urls,,,,
us:place:4507210,"Bluffton town, SC",municode_meetings,skipped,municode_meetings: resolved but no transcript/agenda/video (https://bluffton-sc.municodemeetings.com/),,,,
us:place:4530850,"Greenville city, SC",civicclerk,skipped,civicclerk: no civicclerk link found on hit_source_url or first 4 hop2_urls,,,,
us:place:4549570,"Newberry city, SC",youtube,skipped,"youtube channel: checked 40 channel video(s), none looked like a real meeting (https://www.youtube.com/@cityofnewberrysc3201)",,,,
us:place:4553080,"Orangeburg city, SC",youtube,queued_tier3,"real video, no transcript yet -- appended to tier3_auto_transcription_queue.txt",https://www.youtube.com/watch?v=LQalYL8BdGQ,,,
us:place:4579090,"Woodruff city, SC",youtube,skipped,"youtube: title looks like a non-meeting video (no governing-body keyword in title), not ingested: '2023 Economic Champion Award: The City of Woodruff' (https://www.youtube.com/watch?v=bTwakq9t1gU&t=20s)",,,,
us:place:4606840,"Brandon city, SD",youtube,skipped,youtube: no youtube link found on hit_source_url or first 4 hop2_urls,,,,
us:place:4701740,"Arlington town, TN",youtube,skipped,youtube: no youtube link found on hit_source_url or first 4 hop2_urls,,,,
us:place:4716300,"Collegedale city, TN",champds,skipped,champds: no champds link found on hit_source_url or first 4 hop2_urls,,,,
us:place:4716420,"Collierville town, TN",granicus,skipped,granicus: no granicus link found on hit_source_url or first 4 hop2_urls,,,,
us:place:4737960,"Jefferson City city, TN",municode_meetings,skipped,municode_meetings: resolved but no transcript/agenda/video (https://jeffersoncity-tn.municodemeetings.com/),,,,
us:place:4738540,"Jonesborough town, TN",youtube,skipped,youtube: no youtube link found on hit_source_url or first 4 hop2_urls,,,,
us:place:4743780,"Loudon city, TN",youtube,skipped,youtube: no youtube link found on hit_source_url or first 4 hop2_urls,,,,
us:place:4748660,"Milan city, TN",youtube,skipped,"youtube: title looks like a non-meeting video (no governing-body keyword in title), not ingested: 'Milan, Tennessee Economic Development Video' (https://www.youtube.com/embed/Bk84ZZcGZ6s?si=Sp8CxxvQKsFwvtHj)",,,,
us:place:4767760,"Shelbyville city, TN",youtube,queued_tier3,"real video, no transcript yet -- appended to tier3_auto_transcription_queue.txt",https://www.youtube.com/watch?v=71Sx5WhXULs,,,
us:place:4801576,"Alamo city, TX",youtube,queued_tier3,"real video, no transcript yet -- appended to tier3_auto_transcription_queue.txt",https://www.youtube.com/watch?v=835iIyT6Wfw,,,
us:place:4801852,"Alice city, TX",civicweb,skipped,civicweb: resolved but no transcript/agenda/video (https://cityofalice.civicweb.net/Portal/CitizenEngagement.aspx),,,,
us:place:4802260,"Alvarado city, TX",civicclerk,skipped,civicclerk: no civicclerk link found on hit_source_url or first 4 hop2_urls,,,,
us:place:4805864,"Bastrop city, TX",municode_meetings,queued_tier3,"real video, no transcript yet -- appended to tier3_auto_transcription_queue.txt",https://bastrop-tx.municodemeetings.com/bc-citycouncil/page/regular-city-council-meeting-69,,,
us:place:4810156,"Brenham city, TX",civicclerk,skipped,civicclerk: no past CivicClerk events with real media found via tenant Events API,,,,
us:place:4810264,"Bridgeport city, TX",civicclerk,queued_tier3,"real video, no transcript yet -- appended to tier3_auto_transcription_queue.txt",https://bridgeporttx.portal.civicclerk.com/event/950/media,Special Council Meeting,2026-08-17,
us:place:4813732,"Center city, TX",youtube,skipped,youtube: no youtube link found on hit_source_url or first 4 hop2_urls,,,,
us:place:4822660,"Edinburg city, TX",civicclerk,skipped,civicclerk: no past CivicClerk events with real media found via tenant Events API,,,,
us:place:4833212,"Henderson city, TX",civicclerk,skipped,civicclerk: no civicclerk link found on hit_source_url or first 4 hop2_urls,,,,
us:place:4833428,"Hewitt city, TX",civicclerk,skipped,civicclerk: no civicclerk link found on hit_source_url or first 4 hop2_urls,,,,
us:place:4834220,"Hitchcock city, TX",youtube,queued_tier3,"real video, no transcript yet -- appended to tier3_auto_transcription_queue.txt",https://www.youtube.com/watch?v=IxKhIHcloIk,Special City Council Meeting 7-27-2026,2026-07-27,
us:place:4837216,"Jacksonville city, TX",civicclerk,skipped,civicclerk: no civicclerk link found on hit_source_url or first 4 hop2_urls,,,,
us:place:4838488,"Kaufman city, TX",civicclerk,skipped,civicclerk: no civicclerk link found on hit_source_url or first 4 hop2_urls,,,,
us:place:4839928,"Krum city, TX",youtube,skipped,youtube: no youtube link found on hit_source_url or first 4 hop2_urls,,,,
us:place:4840516,"Lake Dallas city, TX",civicclerk,queued_tier3,"real video, no transcript yet -- appended to tier3_auto_transcription_queue.txt",https://lakedallastx.portal.civicclerk.com/event/2493/media,City Council Meeting,2026-09-03,
us:place:4848768,"Mission city, TX",municode_meetings,skipped,municode_meetings: resolved but no transcript/agenda/video (https://mission-tx.municodemeetings.com/),,,,
us:place:4856384,"Pearsall city, TX",civicclerk,skipped,civicclerk: no civicclerk link found on hit_source_url or first 4 hop2_urls,,,,
us:place:4860836,"Raymondville city, TX",vimeo,skipped,vimeo: no vimeo link found on hit_source_url or first 4 hop2_urls,,,,
us:place:4864112,"Saginaw city, TX",granicus,skipped,granicus: resolved but no transcript/agenda/video (https://saginaw.granicus.com/ViewPublisher.php?view_id=1),,,,
us:place:4865344,"Sandy Oaks city, TX",youtube,queued_tier3,"real video, no transcript yet -- appended to tier3_auto_transcription_queue.txt",https://www.youtube.com/watch?v=_NoD-1pBuCA,,,
us:place:4866464,"Sealy city, TX",vimeo,skipped,vimeo: no vimeo link found on hit_source_url or first 4 hop2_urls,,,,
us:place:4870904,"Sulphur Springs city, TX",youtube,skipped,youtube: no youtube link found on hit_source_url or first 4 hop2_urls,,,,
us:place:4875236,"Venus town, TX",civicclerk,queued_tier3,"real video, no transcript yet -- appended to tier3_auto_transcription_queue.txt",https://venustx.portal.civicclerk.com/event/295/media,Venus Community Service Development Corporation,2026-09-01,
us:place:4879972,"Wolfforth city, TX",municode_meetings,skipped,municode_meetings: resolved but no transcript/agenda/video (https://wolfforth-tx.municodemeetings.com/),,,,
us:place:4924850,"Farr West city, UT",youtube,queued_tier3,"real video, no transcript yet -- appended to tier3_auto_transcription_queue.txt",https://www.youtube.com/watch?v=uJWGuSO98Zc,,,
us:place:4954660,"Nibley city, UT",,skipped,unhandled exception: 'NoneType' object has no attribute 'get',,,,
us:place:4954990,"North Logan city, UT",youtube,queued_tier3,"real video, no transcript yet -- appended to tier3_auto_transcription_queue.txt",https://www.youtube.com/watch?v=HnMjtCFKC4c,,,
us:place:4964670,"Roosevelt city, UT",youtube,queued_tier3,"real video, no transcript yet -- appended to tier3_auto_transcription_queue.txt",https://www.youtube.com/embed/tET2EUqdYTM,,,
us:place:4965110,"Roy city, UT",youtube,queued_tier3,"real video, no transcript yet -- appended to tier3_auto_transcription_queue.txt",https://www.youtube.com/watch?v=tJg0xjN8VDI,,,
us:place:4982930,"West Haven city, UT",,skipped,unhandled exception: 'NoneType' object has no attribute 'get',,,,
us:place:5003175,"Barre city, VT",telvue,skipped,telvue: no telvue link found on hit_source_url or first 4 hop2_urls,,,,
us:place:5135624,"Harrisonburg city, VA",granicus,queued_tier3,"real video, no transcript yet -- appended to tier3_auto_transcription_queue.txt",https://harrisonburg-va.granicus.com/player/clip/1234?view_id=4,City Council on 2025-12-09 7:00 PM,2025-12-09,
us:place:5309480,"Camas city, WA",swagit,ingested_tier1_2,"10 transcript segments (matched an EXISTING page, not newly created)",https://camas.new.swagit.com/videos/351088,"Jul 28, 2025 School Board Meeting",2025-07-28,/m/camas-school-district-wa-2025-07-28-jul-28-2025-school-board-meeting
us:place:5313855,"College Place city, WA",civicclerk,queued_tier3,"real video, no transcript yet -- appended to tier3_auto_transcription_queue.txt",https://collegeplacewa.portal.civicclerk.com/event/125/media,City Council Meeting,2026-08-25,
us:place:5315290,"Covington city, WA",primegov,skipped,primegov: resolved but no transcript/agenda/video (https://covingtonwa.primegov.com/Portal/Meeting?meetingTemplateId=693),,,,
us:place:5357115,"Quincy city, WA",civicweb,skipped,civicweb: resolved but no transcript/agenda/video (https://quincy.civicweb.net/filepro/documents/),,,,
us:place:5357535,"Redmond city, WA",granicus,queued_tier3,"real video, no transcript yet -- appended to tier3_auto_transcription_queue.txt",https://redmond.granicus.com/player/clip/3124?view_id=2,City Council on 2025-06-03 7:00 PM - Business Meeting,2025-06-03,
us:place:5365170,"Snohomish city, WA",granicus,queued_tier3,"real video, no transcript yet -- appended to tier3_auto_transcription_queue.txt",https://snohomish.granicus.com/player/clip/9589?view_id=18,Health and Community Services,2026-01-27,
us:place:5367455,"Stanwood city, WA",civicclerk,queued_tier3,"real video, no transcript yet -- appended to tier3_auto_transcription_queue.txt",https://stanwoodwa.portal.civicclerk.com/event/706/media,City Council Meeting,2026-08-13,
us:place:5376405,"Washougal city, WA",civicclerk,skipped,civicclerk: no civicclerk link found on hit_source_url or first 4 hop2_urls,,,,
us:place:5455756,"Morgantown city, WV",granicus,queued_tier3,"real video, no transcript yet -- appended to tier3_auto_transcription_queue.txt",https://morgantown.granicus.com/player/clip/897?view_id=2,City Council Committee of the Whole,,
us:place:5456020,"Moundsville city, WV",civicclerk,skipped,civicclerk: no civicclerk link found on hit_source_url or first 4 hop2_urls,,,,
us:place:5475292,"South Charleston city, WV",youtube,skipped,youtube: no youtube link found on hit_source_url or first 4 hop2_urls,,,,
us:place:5502250,"Antigo city, WI",iqm2,skipped,iqm2: resolved but no transcript/agenda/video (http://antigowi.iqm2.com/Citizens/Detail_LegiFile.aspx?Frame=&MeetingID=1666&MediaPosition=&ID=5910&CssClass=),,,,
us:place:5506925,"Berlin city, WI",youtube,skipped,"youtube: title looks like a non-meeting video (no governing-body keyword in title), not ingested: ""2022 Berlin Veteran's Slideshow"" (https://www.youtube.com/watch?v=wlEKaZOZqKY)",,,,
us:place:5519450,"Delavan city, WI",civicweb,skipped,civicweb: resolved but no transcript/agenda/video (https://delavan.civicweb.net/Portal/MeetingTypeList.aspx),,,,
us:place:5533000,"Hartford city, WI",civicweb,queued_tier3,"real video, no transcript yet -- appended to tier3_auto_transcription_queue.txt",https://hartford.civicweb.net/Portal/MeetingInformation.aspx?Id=3385,Hybrid City Council - Oct 23 2023,2023-10-23,
us:place:5537825,"Janesville city, WI",granicus,skipped,granicus: no granicus link found on hit_source_url or first 4 hop2_urls,,,,
us:place:5554725,"Mount Horeb village, WI",civicclerk,skipped,civicclerk: no past CivicClerk events with real media found via tenant Events API,,,,
us:place:5583975,"Watertown city, WI",civicweb,queued_tier3,"real video, no transcript yet -- appended to tier3_auto_transcription_queue.txt",https://watertown.civicweb.net/Portal/MeetingInformation.aspx?Id=117,"Public Works, Finance & Safety Committee - Mar 16 2020",2020-03-16,
us:place:5586925,"Whitewater city, WI",municode_meetings,skipped,municode_meetings: no municode_meetings link found on hit_source_url or first 4 hop2_urls,,,,
us:place:5645050,"Laramie city, WY",granicus,queued_tier3,"real video, no transcript yet -- appended to tier3_auto_transcription_queue.txt",https://laramiecounty.granicus.com/player/clip/841?view_id=1,20251021,2025-10-07,
us:place:5666220,"Riverton city, WY",youtube,queued_tier3,"real video, no transcript yet -- appended to tier3_auto_transcription_queue.txt",https://www.youtube.com/watch?v=L2vPFXq-e2U,,,
us:place:5667235,"Rock Springs city, WY",youtube,queued_tier3,"real video, no transcript yet -- appended to tier3_auto_transcription_queue.txt",https://www.youtube.com/watch?v=zXY8UlA7kYI,,,
ca:csd:1301006,"Saint John, NB",escribe,skipped,escribe: resolved but no transcript/agenda/video (https://pub-saintjohn.escribemeetings.com/Meeting.aspx?Agenda=Agenda&Id=7830c195-2fa0-4f72-98ef-a2bfef35ffdc&lang=English),,,,
ca:csd:3501020,"South Dundas, ON",escribe,skipped,escribe tenant calendar: no HasVideo meeting via GetCalendarMeetings in the last 120 days (https://pub-southdundas.escribemeetings.com),,,,
ca:csd:3502008,"Hawkesbury, ON",escribe,skipped,escribe tenant calendar: no HasVideo meeting via GetCalendarMeetings in the last 120 days (https://pub-hawkesbury.escribemeetings.com),,,,
ca:csd:3502023,"Alfred and Plantagenet, ON",escribe,skipped,escribe: no escribe link found on hit_source_url or first 4 hop2_urls,,,,
ca:csd:3507006,"Augusta, ON",escribe,skipped,escribe: no escribe link found on hit_source_url or first 4 hop2_urls,,,,
ca:csd:3509004,"Smiths Falls, ON",escribe,skipped,escribe tenant calendar: no HasVideo meeting via GetCalendarMeetings in the last 120 days (https://pub-smithsfalls.escribemeetings.com),,,,
ca:csd:3509028,"Carleton Place, ON",escribe,skipped,escribe tenant calendar: no HasVideo meeting via GetCalendarMeetings in the last 120 days (https://pub-carletonplace.escribemeetings.com),,,,
ca:csd:3509039,"Lanark Highlands, ON",escribe,skipped,escribe tenant calendar: no HasVideo meeting via GetCalendarMeetings in the last 120 days (https://pub-lanarkhighlands.escribemeetings.com),,,,
ca:csd:3515013,"Cavan Monaghan, ON",escribe,skipped,escribe tenant calendar: no HasVideo meeting via GetCalendarMeetings in the last 120 days (https://pub-cavanmonaghan.escribemeetings.com),,,,
ca:csd:3515023,"Douro-Dummer, ON",escribe,skipped,escribe tenant calendar: no HasVideo meeting via GetCalendarMeetings in the last 120 days (https://pub-douro-dummer.escribemeetings.com),,,,
ca:csd:3519046,"Aurora, ON",escribe,skipped,escribe tenant calendar: no HasVideo meeting via GetCalendarMeetings in the last 120 days (https://pub-auroraon.escribemeetings.com),,,,
ca:csd:3523043,"Minto, ON",escribe,skipped,escribe: no escribe link found on hit_source_url or first 4 hop2_urls,,,,
ca:csd:3523050,"Wellington North, ON",escribe,skipped,escribe: no escribe link found on hit_source_url or first 4 hop2_urls,,,,
ca:csd:3526021,"West Lincoln, ON",escribe,skipped,escribe tenant calendar: no HasVideo meeting via GetCalendarMeetings in the last 120 days (https://pub-westlincoln.escribemeetings.com),,,,
ca:csd:3526032,"Welland, ON",escribe,queued_tier3,"real video, no transcript yet -- appended to tier3_auto_transcription_queue.txt",https://pub-elgincounty.escribemeetings.com/Meeting.aspx?Id=401f3f40-356d-4776-bb76-b6061d58f2a5,Committee of the Whole Meeting,2026-09-08,
ca:csd:3526037,"Thorold, ON",escribe,skipped,escribe tenant calendar: no HasVideo meeting via GetCalendarMeetings in the last 120 days (https://pub-thorold.escribemeetings.com),,,,
ca:csd:3526065,"Grimsby, ON",escribe,skipped,escribe tenant calendar: no HasVideo meeting via GetCalendarMeetings in the last 120 days (https://pub-grimsby.escribemeetings.com),,,,
ca:csd:3529006,"Brantford, ON",escribe,skipped,escribe tenant calendar: no HasVideo meeting via GetCalendarMeetings in the last 120 days (https://pub-brantford.escribemeetings.com),,,,
ca:csd:3530027,"Wellesley, ON",escribe,skipped,escribe tenant calendar: no HasVideo meeting via GetCalendarMeetings in the last 120 days (https://pub-wellesley.escribemeetings.com),,,,
ca:csd:3530035,"Woolwich, ON",escribe,skipped,escribe tenant calendar: no HasVideo meeting via GetCalendarMeetings in the last 120 days (https://pub-woolwich.escribemeetings.com),,,,
ca:csd:3534042,"West Elgin, ON",escribe,skipped,escribe: no escribe link found on hit_source_url or first 4 hop2_urls,,,,
ca:csd:3539005,"Southwest Middlesex, ON",escribe,skipped,escribe tenant calendar: no HasVideo meeting via GetCalendarMeetings in the last 120 days (https://pub-southwestmiddlesex.escribemeetings.com),,,,
ca:csd:3539027,"Thames Centre, ON",escribe,skipped,escribe tenant calendar: no HasVideo meeting via GetCalendarMeetings in the last 120 days (https://pub-thamescentre.escribemeetings.com),,,,
ca:csd:3539033,"Middlesex Centre, ON",escribe,skipped,escribe tenant calendar: no HasVideo meeting via GetCalendarMeetings in the last 120 days (https://pub-middlesexcentre.escribemeetings.com),,,,
ca:csd:3539041,"North Middlesex, ON",escribe,skipped,escribe tenant calendar: no HasVideo meeting via GetCalendarMeetings in the last 120 days (https://pub-northmiddlesex.escribemeetings.com),,,,
ca:csd:3539060,"Lucan Biddulph, ON",escribe,skipped,escribe tenant calendar: no HasVideo meeting via GetCalendarMeetings in the last 120 days (https://pub-lucanbiddulph.escribemeetings.com),,,,
ca:csd:3540005,"South Huron, ON",escribe,skipped,escribe tenant calendar: no HasVideo meeting via GetCalendarMeetings in the last 120 days (https://pub-southhuron.escribemeetings.com),,,,
ca:csd:3540055,"North Huron, ON",escribe,skipped,escribe: no escribe link found on hit_source_url or first 4 hop2_urls,,,,
ca:csd:3542005,"Southgate, ON",escribe,skipped,escribe: no escribe link found on hit_source_url or first 4 hop2_urls,,,,
ca:csd:3542029,"Hanover, ON",escribe,skipped,escribe: no escribe link found on hit_source_url or first 4 hop2_urls,,,,
ca:csd:3542053,"Georgian Bluffs, ON",escribe,skipped,escribe tenant calendar: no HasVideo meeting via GetCalendarMeetings in the last 120 days (https://pub-georgianbluffs.escribemeetings.com),,,,
ca:csd:3547048,"Renfrew, ON",escribe,skipped,escribe: resolved but no transcript/agenda/video (https://pub-renfrew.escribemeetings.com/Meeting.aspx?Agenda=Agenda&Id=04d241cc-8532-44a4-ba79-5cac4121f315&lang=English),,,,
ca:csd:3557061,"Sault Ste. Marie, ON",escribe,skipped,escribe: no escribe link found on hit_source_url or first 4 hop2_urls,,,,
ca:csd:4812002,"Cold Lake, AB",escribe,skipped,escribe: resolved but no transcript/agenda/video (https://pub-coldlake.escribemeetings.com/Meeting.aspx?Agenda=Agenda&Id=0003e7ce-313c-464b-8d21-7324a9b64e25&lang=English),,,,
ca:csd:5909020,"Chilliwack, BC",escribe,skipped,escribe: resolved but no transcript/agenda/video (https://pub-chilliwack.escribemeetings.com/Meeting.aspx?Agenda=Agenda&Id=0233b35c-825a-4a4a-8ab2-b8095f9ad1d4&lang=English),,,,
ca:csd:5933006,"Merritt, BC",escribe,skipped,escribe: resolved but no transcript/agenda/video (https://pub-merritt.escribemeetings.com/Meeting.aspx?Agenda=Agenda&Id=013f17a2-f3ef-48d3-bb6b-ce33302de0e4&lang=English),,,,
us:place:0177256,"Tuscaloosa city, AL",vimeo,skipped,vimeo: no vimeo link found on hit_source_url or first 4 hop2_urls,,,,
us:place:0603064,"Atascadero city, CA",escribe,skipped,escribe: resolved but no transcript/agenda/video (https://pub-atascadero.escribemeetings.com/Meeting.aspx?Agenda=Agenda&Id=05dfc70d-336a-45a8-9c11-18a961b7a499&lang=English),,,,
us:place:0616742,"Covina city, CA",escribe,skipped,escribe: resolved but no transcript/agenda/video (https://pub-covinaca.escribemeetings.com/Meeting.aspx?Agenda=Agenda&Id=33095028-2a8c-44da-bd07-bb63c6939e4f&lang=English),,,,
us:place:1301052,"Albany city, GA",escribe,skipped,escribe: resolved but no transcript/agenda/video (https://pub-albanyga.escribemeetings.com/Meeting.aspx?Agenda=Agenda&Id=80a65f32-e769-4a5d-a13e-005d8aaa3059&lang=English),,,,
us:place:1319000,"Columbus city, GA",granicus,skipped,granicus: no granicus link found on hit_source_url or first 4 hop2_urls,,,,
us:place:2509000,"Brockton city, MA",escribe,skipped,escribe: no escribe link found on hit_source_url or first 4 hop2_urls,,,,
us:place:2970000,"Springfield city, MO",civicclerk,skipped,civicclerk: no past CivicClerk events with real media found via tenant Events API,,,,
us:place:3736080,"Knightdale town, NC",escribe,skipped,escribe: resolved but no transcript/agenda/video (https://pub-knightdalenc.escribemeetings.com/Meeting.aspx?Agenda=Agenda&Id=111279b9-db4a-49f7-a657-ba11e8471d0f&lang=English),,,,
us:place:1351670,"Milton city, GA",escribe,ingested_tier1_2,"526 transcript segments (matched an EXISTING page, not newly created)",https://pub-milton.escribemeetings.com/Meeting.aspx?Id=957bd13f-1e24-4348-8f1d-2bd885725d27&Agenda=Agenda,Committee of Adjustment and Consent,2026-07-30,/m/town-of-milton-on-2026-07-30-committee-of-adjustment-and-consent-4f5a63
us:place:1864260,"Richmond city, IN",escribe,queued_tier3,"real video, no transcript yet -- appended to tier3_auto_transcription_queue.txt",https://pub-richmond.escribemeetings.com/Meeting.aspx?Id=109ce607-21c0-4495-9bfc-e2024d85afac&Agenda=Agenda,Special Closed Session,2026-08-26,
us:place:2679120,"Tecumseh city, MI",escribe,ingested_tier1_2,"1089 transcript segments (matched an EXISTING page, not newly created)",https://tecumseh-pub.escribemeetings.com/Meeting.aspx?Id=2fa4a405-84f3-40e7-93c0-0a58f47f18ed&Agenda=Agenda,Special Council Meeting,2026-08-19,/m/2026-08-19-special-council-meeting
