platform,tenant_host,match_value,rows,reason,landing_url,stored_names,example_slug
escribe,pub-gloucesterva.escribemeetings.com,,3,multiple_governments,,"us:county:51073 (Gloucester County, VA)|us:place:2526150 (Gloucester, MA)|us:sd:5101620 (Gloucester County Public Schools, VA)",
escribe,pub-northcowichan.escribemeetings.com,,3,multiple_governments,,"ca:csd:5919008 (North Cowichan, BC)|ca:csd:5919016 (Lake Cowichan, BC)|ca:csd:5924034 (Campbell River, BC)",
escribe,coe-pub.escribemeetings.com,,2,multiple_governments,,"ca:cd:3537 (Essex, ON)|ca:csd:3537016 (Essex, ON)",
escribe,pub-hainescity.escribemeetings.com,,2,multiple_governments,,"rtr:us:fl:haines-city-settlement (Haines City  Settlement, FL)|us:place:1228400 (Haines City, FL)",
escribe,pub-langleycity.escribemeetings.com,,2,multiple_governments,,"us:cousub:2005338600 (Langley Township, KS)|us:place:5338355 (Langley, WA)",
escribe,pub-owensound.escribemeetings.com,,2,multiple_governments,,"ca:csd:3542059 (Owen Sound, ON)|us:place:5560825 (Owen, WI)",
escribe,pub-rdco.escribemeetings.com,,2,multiple_governments,,"ca:csd:5935010 (Kelowna, BC)|rtr:ca:bc:regional-district-of-central-okanagan (Regional District of Central Okanagan, BC)",
escribe,pub-richmond.escribemeetings.com,,2,multiple_governments,,"ca:csd:5915015 (Richmond, BC)|us:place:0660620 (Richmond, CA)",
escribe,pub-salmonarm.escribemeetings.com,,2,multiple_governments,,"ca:csd:5939032 (Salmon Arm, BC)|us:place:1671650 (Salmon, ID)",
escribe,pub-southamptonny.escribemeetings.com,,2,multiple_governments,,"rtr:us:ny:southampton-village (Southampton (village), NY)|us:place:3668462 (Southampton (village), NY)",
escribe,pub-strathroy-caradoc.escribemeetings.com,,2,multiple_governments,,"ca:cd:3539 (Middlesex, ON)|ca:csd:3539015 (Strathroy-Caradoc, ON)",
cablecast,champaign-cablecast.cablecast.tv,,2,multiple_governments,,"rtr:us:il:champaign-city (Champaign (city), IL)|us:place:1712385 (Champaign (city), IL)",
cablecast,champaign.cablecast.tv,,2,multiple_governments,,"rtr:us:il:champaign-city (Champaign (city), IL)|us:place:1712385 (Champaign (city), IL)",
swagit,browardmpo.new.swagit.com,,2,multiple_governments,,"rtr:us:fl:broward-metropolitan-planning-organization (Broward Metropolitan Planning Organization, FL)|us:place:1216475 (Davie, FL)",
telvue,videoplayer.telvue.com,,23,multiple_governments,,"us:county:24035 (Queen Anne's County, MD)|us:cousub:2301516235 (Damariscotta Town, ME)|us:cousub:2500182525 (Yarmouth Town, MA)|us:cousub:2501743895 (Natick Town, MA)|us:cousub:2501767665 (Stoneham Town, MA)|us:cousub:2502144105 (Needham Town, MA)|us:cousub:3301129860 (Goffstown Town, NH)|us:cousub:3301552340 (Newmarket Town, NH)|us:cousub:3401347500 (Montclair Township, NJ)|us:cousub:3605537726 (Irondequoit Town, NY)|us:cousub:3605557144 (Penfield Town, NY)|us:cousub:3610361984 (Riverhead Town, NY)|us:place:0654806 (Pacifica, CA)|us:place:0880040 (Vail, CO)|us:place:1021200 (Dover, DE)|us:place:1933465 (Guttenberg, IA)|us:place:2521990 (Everett, MA)|us:place:2642160 (Kalamazoo, MI)|us:place:3350260 (Nashua, NH)|us:place:3665508 (Schenectady, NY)|us:place:4500550 (Aiken, SC)|us:place:4649600 (Pierre, SD)|us:sd:4222770 (State College Area School District, PA)",
unknown,www.youtube.com,,150,multiple_governments,,"rtr:us:ak:juneau (Juneau, AK)|rtr:us:il:riverside-village (Riverside (village), IL)|rtr:us:in:lafayette-city (Lafayette (city), IN)|rtr:us:mn:crookston-city (Crookston (city), MN)|rtr:us:mn:st-james-city (St. James (city), MN)|rtr:us:nj:rockaway-borough (Rockaway (borough), NJ)|rtr:us:ny:amsterdam-city (Amsterdam (city), NY)|rtr:us:ny:babylon-town (Babylon (town), NY)|rtr:us:ny:red-hook-village (Red Hook (village), NY)|rtr:us:oh:twinsburg-city (Twinsburg (city), OH)|rtr:us:pa:newtown-borough (Newtown (borough), PA)|rtr:us:sd:vermillion-city (Vermillion (city), SD)|rtr:us:wi:columbus-city (Columbus (city), WI)|rtr:us:wi:cottage-grove-village (Cottage Grove (village), WI)|rtr:us:wi:sheboygan-city (Sheboygan (city), WI)|us:county:13297 (Walton County, GA)|us:county:37141 (Pender County, NC)|us:county:41071 (Yamhill County, OR)|us:county:44001 (Bristol County, RI)|us:county:46011 (Brookings County, SD)|us:cousub:2300511125 (Casco Town, ME)|us:place:0613945 (Clearlake, CA)|us:place:0614190 (Cloverdale, CA)|us:place:0639304 (La Habra Heights, CA)|us:place:0644112 (Los Gatos, CA)|us:place:0647486 (Millbrae, CA)|us:place:0649187 (Moraga, CA)|us:place:0650734 (Needles, CA)|us:place:0660900 (Rio Dell, CA)|us:place:0665084 (San Clemente, CA)|us:place:0685600 (Willits, CA)|us:place:0828305 (Fraser, CO)|us:place:0857025 (Palmer Lake, CO)|us:place:1202681 (Aventura, FL)|us:place:1219650 (Eatonville, FL)|us:place:1221350 (Eustis, FL)|us:place:1230200 (Highland Beach, FL)|us:place:1241577 (Loxahatchee Groves, FL)|us:place:1242400 (Madeira Beach, FL)|us:place:1253800 (Pahokee, FL)|us:place:1258575 (Port Orange, FL)|us:place:1304644 (Avondale Estates, GA)|us:place:1347196 (Loganville, GA)|us:place:1373784 (Stonecrest, GA)|us:place:1664090 (Pocatello, ID)|us:place:1732746 (Hanover Park, IL)|us:place:1735879 (Homewood, IL)|us:place:1770122 (Skokie, IL)|us:place:1802908 (Avon, IN)|us:place:1807750 (Bristol, IN)|us:place:1869318 (Shelbyville, IN)|us:place:1885184 (Woodburn, IN)|us:place:1886372 (Zionsville, IN)|us:place:1938100 (Independence, IA)|us:place:1949215 (Maquoketa, IA)|us:place:2005337 (Bel Aire, KS)|us:place:2031100 (Hays, KS)|us:place:2057625 (Pratt, KS)|us:place:2079000 (Wichita, KS)|us:place:2404000 (Baltimore, MD)|us:place:2407850 (Bladensburg, MD)|us:place:2415925 (Chesapeake Beach, MD)|us:place:2428725 (Forest Heights, MD)|us:place:2430900 (Frostburg, MD)|us:place:2445900 (Laurel, MD)|us:place:2476550 (Sykesville, MD)|us:place:2476650 (Takoma Park, MD)|us:place:2479875 (Upper Marlboro, MD)|us:place:2622740 (Douglas, MI)|us:place:2647800 (Lincoln Park, MI)|us:place:2670520 (Saginaw, MI)|us:place:2679000 (Taylor, MI)|us:place:2707300 (Brainerd, MN)|us:place:2717612 (East Grand Forks, MN)|us:place:2721770 (Forest Lake, MN)|us:place:2745808 (New Prague, MN)|us:place:2751388 (Pipestone, MN)|us:place:2854040 (Olive Branch, MS)|us:place:2908236 (Brentwood, MO)|us:place:2977092 (Warrensburg, MO)|us:place:2979882 (Willard, MO)|us:place:3108605 (Chadron, NE)|us:place:3430570 (Hawthorne, NJ)|us:place:3431500 (Highlands, NJ)|us:place:3453850 (Oakland, NJ)|us:place:3460900 (Princeton, NJ)|us:place:3464590 (Roseland, NJ)|us:place:3472420 (Tenafly, NJ)|us:place:3473020 (Tinton Falls, NJ)|us:place:3601000 (Albany, NY)|us:place:3656660 (Patchogue, NY)|us:place:3664452 (Sagaponack, NY)|us:place:3665508 (Schenectady, NY)|us:place:3675484 (Troy, NY)|us:place:3706500 (Blowing Rock, NC)|us:place:3710500 (Carolina Beach, NC)|us:place:3720120 (Edenton, NC)|us:place:3730720 (Hendersonville, NC)|us:place:3731620 (Hillsborough, NC)|us:place:3743260 (Mills River, NC)|us:place:3763130 (Southern Shores, NC)|us:place:3766360 (Swansboro, NC)|us:place:3766500 (Sylva, NC)|us:place:3918070 (Commercial Point, OH)|us:place:3926446 (Fairview Park, OH)|us:place:3929148 (Galena, OH)|us:place:3945094 (Louisville, OH)|us:place:3956154 (North Baltimore, OH)|us:place:3957260 (Norton, OH)|us:place:3975602 (Sunbury, OH)|us:place:4037800 (Jenks, OK)|us:place:4061000 (Pryor Creek, OK)|us:place:4072100 (Tahlequah, OK)|us:place:4140350 (La Grande, OR)|us:place:4141650 (Lebanon, OR)|us:place:4159850 (Prineville, OR)|us:place:4165500 (Scappoose, OR)|us:place:4165950 (Seaside, OR)|us:place:4228960 (Gettysburg, PA)|us:place:4250528 (Monroeville, PA)|us:place:4254656 (Norristown, PA)|us:place:4504690 (Beaufort, SC)|us:place:4514950 (Clemson, SC)|us:place:4527070 (Fountain Inn, SC)|us:place:4733280 (Hendersonville, TN)|us:place:4739560 (Kingsport, TN)|us:place:4751080 (Mount Pleasant, TN)|us:place:4810132 (Breckenridge, TX)|us:place:4821424 (Dripping Springs, TX)|us:place:4825168 (Fair Oaks Ranch, TX)|us:place:4849392 (Morgan's Point Resort, TX)|us:place:4849860 (Mount Vernon, TX)|us:place:4861904 (Richwood, TX)|us:place:4865408 (Sanger, TX)|us:place:4867400 (Shenandoah, TX)|us:place:4873316 (Tomball, TX)|us:place:4879492 (Willow Park, TX)|us:place:4927490 (Fruit Heights, UT)|us:place:4958510 (Parowan, UT)|us:place:4962360 (Providence, UT)|us:place:4962470 (Provo, UT)|us:place:5120160 (Crewe, VA)|us:place:5165392 (Radford, VA)|us:place:5307380 (Bothell, WA)|us:place:5308570 (Buckley, WA)|us:place:5314870 (Cosmopolis, WA)|us:place:5337270 (Lake Forest Park, WA)|us:place:5346020 (Milton, WA)|us:place:5372905 (Tumwater, WA)|us:place:5538675 (Juneau, WI)",
unknown,youtu.be,,59,multiple_governments,,"rtr:us:il:monee-village (Monee (village), IL)|rtr:us:in:charlestown-city (Charlestown (city), IN)|rtr:us:ks:iola-city (Iola (city), KS)|rtr:us:ks:osawatomie-city (Osawatomie (city), KS)|rtr:us:nj:boonton-town (Boonton (town), NJ)|rtr:us:wi:columbus-city (Columbus (city), WI)|rtr:us:wi:cottage-grove-town (Cottage Grove (town), WI)|rtr:us:wi:cross-plains-village (Cross Plains (village), WI)|rtr:us:wi:fredonia-village (Fredonia (village), WI)|us:county:55113 (Sawyer County, WI)|us:place:0531090 (Heber Springs, AR)|us:place:0603302 (Avenal, CA)|us:place:0612524 (Ceres, CA)|us:place:0636546 (Inglewood, CA)|us:place:0643224 (Los Alamitos, CA)|us:place:0658380 (Portola Valley, CA)|us:place:0660704 (Ridgecrest, CA)|us:place:0686440 (Woodside, CA)|us:place:0828745 (Fruita, CO)|us:place:0886090 (Woodland Park, CO)|us:place:1250525 (Oakland, FL)|us:place:1380228 (Walnut Grove, GA)|us:place:1717458 (Crest Hill, IL)|us:place:1978285 (Tipton, IA)|us:place:2004400 (Basehor, KS)|us:place:2057625 (Pratt, KS)|us:place:2079000 (Wichita, KS)|us:place:2414950 (Centreville, MD)|us:place:2454275 (Mount Rainier, MD)|us:place:2519365 (Easthampton, MA)|us:place:2559105 (Salem, MA)|us:place:2689140 (Ypsilanti, MI)|us:place:2954650 (Olivette, MO)|us:place:2971746 (Sunset Hills, MO)|us:place:3016600 (Columbia Falls, MT)|us:place:3061525 (Red Lodge, MT)|us:place:3422440 (Fair Haven, NJ)|us:place:3517960 (Corrales, NM)|us:place:3573260 (Silver City, NM)|us:place:3675484 (Troy, NY)|us:place:3721160 (Emerald Isle, NC)|us:place:3733560 (Indian Trail, NC)|us:place:3747880 (North Wilkesboro, NC)|us:place:3928014 (Fostoria, OH)|us:place:3952052 (Moreland Hills, OH)|us:place:3979492 (Vandalia, OH)|us:place:4115350 (Coquille, OR)|us:place:4128450 (Gearhart, OR)|us:place:4145250 (Madras, OR)|us:place:4237955 (Jefferson Hills, PA)|us:place:4243816 (Lititz, PA)|us:place:4570585 (Surfside Beach, SC)|us:place:4819900 (Denison, TX)|us:place:5307695 (Bremerton, WA)|us:place:5319035 (Duvall, WA)|us:place:5377665 (West Richland, WA)|us:place:5510375 (Brown Deer, WI)|us:place:5577675 (Stoughton, WI)|us:place:5586700 (Whitefish Bay, WI)",
unknown,play.champds.com,,20,multiple_governments,,"rtr:us:wi:fond-du-lac-city (Fond du Lac (city), WI)|us:county:37193 (Wilkes County, NC)|us:county:47119 (Maury County, TN)|us:cousub:0919083500 (Westport Town, CT)|us:cousub:2300524495 (Falmouth Town, ME)|us:cousub:2500112995 (Chatham Town, MA)|us:place:1221150 (Estero, FL)|us:place:1239425 (Largo, FL)|us:place:1270075 (Surfside, FL)|us:place:1304000 (Atlanta, GA)|us:place:1743744 (Lincolnwood, IL)|us:place:3603078 (Auburn, NY)|us:place:3659223 (Port Chester, NY)|us:place:3949056 (Mentor, OH)|us:place:4704620 (Belle Meade, TN)|us:place:4725440 (Fairview, TN)|us:place:4748980 (Millersville, TN)|us:place:4753460 (Nolensville, TN)|us:place:4754780 (Oak Hill, TN)|us:place:4770580 (Spring Hill, TN)",
unknown,public.destinyhosted.com,,17,multiple_governments,,"rtr:us:tx:the-woodlands-township (The Woodlands Township, TX)|us:county:04012 (La Paz County, AZ)|us:county:04017 (Navajo County, AZ)|us:county:48355 (Nueces County, TX)|us:county:48409 (San Patricio County, TX)|us:county:48491 (Williamson County, TX)|us:place:0412000 (Chandler, AZ)|us:place:0427820 (Glendale, AZ)|us:place:0444270 (Marana, AZ)|us:place:0451600 (Oro Valley, AZ)|us:place:1224300 (Fort Pierce, FL)|us:place:3936610 (Huber Heights, OH)|us:place:4023200 (Edmond, OK)|us:place:4806128 (Baytown, TX)|us:place:4845000 (Lubbock, TX)|us:place:4866128 (Schertz, TX)|us:place:4872392 (Texas City, TX)",
unknown,youtube.com,,11,multiple_governments,,"ca:csd:4817029 (Slave Lake, AB)|rtr:us:in:anderson-city (Anderson (city), IN)|us:county:13179 (Liberty County, GA)|us:place:0157504 (Owens Cross Roads, AL)|us:place:1757407 (Palos Park, IL)|us:place:3503400 (Angel Fire, NM)|us:place:3725300 (Fuquay-Varina, NC)|us:place:3976106 (Tallmadge, OH)|us:place:4037100 (Inola, OK)|us:place:4551280 (North Myrtle Beach, SC)|us:place:5105544 (Bedford, VA)",
unknown,vimeo.com,,6,multiple_governments,,"us:county:06073 (San Diego County, CA)|us:cousub:2500560645 (Seekonk Town, MA)|us:place:0659451 (Rancho Cucamonga, CA)|us:place:1986520 (Winterset, IA)|us:place:3451210 (New Brunswick, NJ)|us:place:3466570 (Secaucus, NJ)",
unknown,clerkshq.com,,3,multiple_governments,,"us:cousub:4400751760 (North Providence Town, RI)|us:place:3986940 (Yellow Springs, OH)|us:place:4422960 (East Providence, RI)",
unknown,townhallstreams.com,,3,multiple_governments,,"us:cousub:0911044910 (Mansfield Town, CT)|us:cousub:2300140035 (Lisbon Town, ME)|us:cousub:3300577380 (Troy Town, NH)",
unknown,addison.granicus.com,,2,multiple_governments,,"rtr:us:il:addison-village (Addison (village), IL)|us:place:1700243 (Addison (village), IL)",
unknown,ashlandcowi.portal.civicclerk.com,,2,multiple_governments,,"rtr:us:wi:ashland-city (Ashland (city), WI)|us:county:55003 (Ashland County, WI)",
unknown,bladensburgtown-md.municodemeetings.com,,2,multiple_governments,,"rtr:us:md:july13-2026-town-of-bladensburg-maryland-meetings-hub (July13, 2026 | Town of Bladensburg Maryland Meetings Hub, MD)|us:place:2407850 (Bladensburg, MD)",
unknown,brookfieldil.civicweb.net,,2,multiple_governments,,"rtr:us:il:brookfield-village (Brookfield (village), IL)|us:place:1708576 (Brookfield (village), IL)",
unknown,brookhavenny.portal.civicclerk.com,,2,multiple_governments,,"rtr:us:ny:farmingville (Farmingville, NY)|us:cousub:3610310000 (Brookhaven Town, NY)",
unknown,citrusclerk.portal.civicclerk.com,,2,multiple_governments,,"us:county:12017 (Citrus County, FL)|us:place:1233950 (Inverness, FL)",
unknown,cityofmenifee.primegov.com,,2,multiple_governments,,"rtr:us:ca:menifee-nbsp (City of Menifee&nbsp, CA)|us:place:0646842 (Menifee, CA)",
unknown,columbus-wi.municodemeetings.com,,2,multiple_governments,,"rtr:us:wi:columbus-wisconsin-meetings-hub (Columbus Wisconsin Meetings Hub, WI)|us:place:5516450 (Columbus (city), WI)",
unknown,cooper.granicus.com,,2,multiple_governments,,"us:place:1214125 (Cooper City, FL)|us:place:4816564 (Cooper, TX)",
unknown,cosumnescommunityservices.portal.civicclerk.com,,2,multiple_governments,,"rtr:us:ca:cosumnes-community-services-district (Cosumnes Community Services District, CA)|us:place:0622020 (Elk Grove, CA)",
unknown,dallascounty.civicweb.net,,2,multiple_governments,,"us:county:48113 (Dallas County, TX)|us:place:4819000 (Dallas, TX)",
unknown,dubuquecountyia.portal.civicclerk.com,,2,multiple_governments,,"us:county:19061 (Dubuque County, IA)|us:place:1922395 (Dubuque, IA)",
unknown,duluth-mn.granicus.com,,2,multiple_governments,,"rtr:us:mn:duluth-city (Duluth (city), MN)|us:place:2717000 (Duluth (city), MN)",
unknown,emporiaks.portal.civicclerk.com,,2,multiple_governments,,"rtr:us:ks:emporia-city (Emporia (city), KS)|us:place:2021275 (Emporia (city), KS)",
unknown,galesburg.granicus.com,,2,multiple_governments,,"rtr:us:il:galesburg-city (Galesburg (city), IL)|us:place:1728326 (Galesburg (city), IL)",
unknown,greenbaywi.portal.civicclerk.com,,2,multiple_governments,,"rtr:us:wi:green-bay-city (Green Bay (city), WI)|us:place:5531000 (Green Bay (city), WI)",
unknown,highlands-nj.municodemeetings.com,,2,multiple_governments,,"us:county:12055 (Highlands County, FL)|us:place:3431500 (Highlands, NJ)",
unknown,jamescitycova.portal.civicclerk.com,,2,multiple_governments,,"ca:csd:3554042 (James, ON)|us:county:51095 (James City County, VA)",
unknown,juneauak.portal.civicclerk.com,,2,multiple_governments,,"rtr:us:ak:juneau (Juneau, AK)|us:place:5538675 (Juneau, WI)",
unknown,kingsport-tn.municodemeetings.com,,2,multiple_governments,,"rtr:us:tn:municode-portal (Municode Portal, TN)|us:place:4739560 (Kingsport, TN)",
unknown,laurel-md.municodemeetings.com,,2,multiple_governments,,"rtr:us:md:municode-portal (Municode Portal, MD)|us:place:2445900 (Laurel, MD)",
unknown,lucascooh.portal.civicclerk.com,,2,multiple_governments,,"us:county:39095 (Lucas County, OH)|us:place:3945276 (Lucas, OH)",
unknown,madeirabeach-fl.municodemeetings.com,,2,multiple_governments,,"rtr:us:fl:madeira-beach-florida-meetings-hub (Madeira Beach Florida Meetings Hub, FL)|us:place:1242400 (Madeira Beach, FL)",
unknown,madisonsd.portal.civicclerk.com,,2,multiple_governments,,"rtr:us:sd:madison-city (Madison (city), SD)|us:place:4640220 (Madison (city), SD)",
unknown,manitowoc.granicus.com,,2,multiple_governments,,"rtr:us:wi:manitowoc-city (Manitowoc (city), WI)|us:place:5548500 (Manitowoc (city), WI)",
unknown,nbvillage.granicus.com,,2,multiple_governments,,"us:place:1245000 (Miami, FL)|us:place:1249225 (North Bay Village, FL)",
unknown,newark.granicus.com,,2,multiple_governments,,"us:place:0650916 (Newark, CA)|us:place:3451000 (Newark, NJ)",
unknown,northbranchmn.portal.civicclerk.com,,2,multiple_governments,,"rtr:us:mn:north-branch-city (North Branch (city), MN)|us:place:2746798 (North Branch (city), MN)",
unknown,oh-sunbury.civicplus.com,,2,multiple_governments,,"us:place:3929148 (Galena, OH)|us:place:3975602 (Sunbury, OH)",
unknown,player.vimeo.com,,2,multiple_governments,,"us:cousub:2609336100 (Hamburg Township, MI)|us:place:0654274 (Orland, CA)",
unknown,portagecowi.portal.civicclerk.com,,2,multiple_governments,,"us:county:55097 (Portage County, WI)|us:place:5564100 (Portage, WI)",
unknown,pwcgov.granicus.com,,2,multiple_governments,,"us:county:51153 (Prince William County, VA)|us:place:5148968 (Manassas Park, VA)",
unknown,reno.primegov.com,,2,multiple_governments,,"rtr:us:nv:reno-logo (City of Reno Logo"", NV)|us:place:3260600 (Reno, NV)",
unknown,richwood-tx.municodemeetings.com,,2,multiple_governments,,"rtr:us:tx:richwood-texas (City of Richwood Texas, TX)|us:place:4861904 (Richwood, TX)",
unknown,rochestermn.granicus.com,,2,multiple_governments,,"rtr:us:mn:rochester-city (Rochester (city), MN)|us:place:2754880 (Rochester (city), MN)",
unknown,santarosacofl.portal.civicclerk.com,,2,multiple_governments,,"us:county:12113 (Santa Rosa County, FL)|us:place:1245750 (Milton, FL)",
unknown,springhillks.gov,,2,multiple_governments,,"rtr:us:ks:spring-hill-city (Spring Hill (city), KS)|us:place:2067625 (Spring Hill (city), KS)",
unknown,tillamookcoor.portal.civicclerk.com,,2,multiple_governments,,"us:county:41057 (Tillamook County, OR)|us:place:4173700 (Tillamook, OR)",
unknown,townofbabylonny.gov,,2,multiple_governments,,"rtr:us:ny:babylon-town (Babylon (town), NY)|us:cousub:3610304000 (Babylon (town), NY)",
unknown,townofchenango.civicweb.net,,2,multiple_governments,,"us:county:36017 (Chenango County, NY)|us:cousub:3600715110 (Chenango Town, NY)",
unknown,uatccta.primegov.com,,2,multiple_governments,,"us:place:0621796 (El Cerrito, CA)|us:place:0668294 (San Pablo, CA)",
unknown,waltoncounty-ga.municodemeetings.com,,2,multiple_governments,,"rtr:us:ga:walton-county-meetings-portal (Walton County Meetings Portal, GA)|us:county:13297 (Walton County, GA)",
unknown,walworthcowi.portal.civicclerk.com,,2,multiple_governments,,"rtr:us:wi:walworth-village (Walworth (village), WI)|us:county:55127 (Walworth County, WI)",
unknown,wi-cottagegrove.civicplus.com,,2,multiple_governments,,"us:cousub:5502517200 (Cottage Grove (town), WI)|us:place:5517175 (Cottage Grove (village), WI)",
unknown,willowpark-tx.municodemeetings.com,,2,multiple_governments,,"rtr:us:tx:willow-park-texas-meetings-hub (Willow Park Texas Meetings Hub, TX)|us:place:4879492 (Willow Park, TX)",
escribe,pub-cambridge.escribemeetings.com,,6,unresolved,https://pub-cambridge.escribemeetings.com,Cambridge|City of Cambridge,cambridge-council-meeting-agenda-meeting-2026-02-03-council-meeting
escribe,pub-lincoln.escribemeetings.com,,4,unresolved,https://pub-lincoln.escribemeetings.com,Lincoln|Town of Lincoln,lincoln-2023-06-19-committee-of-the-whole
escribe,pub-london.escribemeetings.com,,4,unresolved,https://pub-london.escribemeetings.com,City of London,city-of-london-2015-12-07-strategic-priorities-and-policy-committee
escribe,pub-halifax.escribemeetings.com,,3,unresolved,https://pub-halifax.escribemeetings.com,Halifax,halifax-2026-06-16-case-23563-appeal-of-site-plan-approval-highway-7-porters-lak
escribe,pub-hamilton.escribemeetings.com,,3,unresolved,https://pub-hamilton.escribemeetings.com,City of Hamilton,city-of-hamilton-2024-12-16-community-benefits-protocol-sub-committee
escribe,pub-langford.escribemeetings.com,,3,unresolved,https://pub-langford.escribemeetings.com,City of Langford|Langford,langford-sd-2026-03-02-council-meeting
escribe,pub-mission.escribemeetings.com,,3,unresolved,https://pub-mission.escribemeetings.com,City of Mission|Mission,mission-2026-03-02-healthcare-in-mission-regular-council-meeting
escribe,pub-norfolkcounty.escribemeetings.com,,3,unresolved,https://pub-norfolkcounty.escribemeetings.com,Norfolk County,norfolkcounty-2026-01-27-consent-items-council
escribe,pub-oliver.escribemeetings.com,,3,unresolved,https://pub-oliver.escribemeetings.com,Town of Oliver,oliver-2025-12-08-special-open-council-meeting
escribe,pub-paradise.escribemeetings.com,,3,unresolved,https://pub-paradise.escribemeetings.com,Town of Paradise,paradise-2025-09-02-public-council-meeting
escribe,pub-porthope.escribemeetings.com,,3,unresolved,https://pub-porthope.escribemeetings.com,Port Hope,port-hope-2026-08-25-community-advisory-committee-cac
escribe,pub-wilmot.escribemeetings.com,,3,unresolved,https://pub-wilmot.escribemeetings.com,Wilmot,wilmot-2026-08-24-council-meeting
escribe,pub-amherst.escribemeetings.com,,2,unresolved,https://pub-amherst.escribemeetings.com,Amherst|Town of Amherst,town-of-amherst-2025-03-04-audit-committee
escribe,pub-creston.escribemeetings.com,,2,unresolved,https://pub-creston.escribemeetings.com,Town of Creston,creston-2025-10-14-council-meeting
escribe,pub-leeds1000islands.escribemeetings.com,,2,unresolved,https://pub-leeds1000islands.escribemeetings.com,Leeds1000Islands,leeds1000islands-2025-12-01-committee-of-the-whole-meeting
escribe,pub-northbay.escribemeetings.com,,2,unresolved,https://pub-northbay.escribemeetings.com,North Bay|North Bay By,north-bay-by-2026-01-27-council-meeting
escribe,pub-salinecounty.escribemeetings.com,,2,unresolved,https://pub-salinecounty.escribemeetings.com,Saline County,salinecounty-2026-01-20-board-of-county-commissioners
escribe,pub-sd57.escribemeetings.com,,2,unresolved,https://pub-sd57.escribemeetings.com,Sd57,sd57-2026-04-14-regular-open
escribe,pub-whiterockcity.escribemeetings.com,,2,unresolved,https://pub-whiterockcity.escribemeetings.com,City of White Rock,white-rock-sd-2025-10-20-2025-events-year-in-review-regular-council-meeting
escribe,pub-bradfordwestgwillimbury.escribemeetings.com,,1,unresolved,https://pub-bradfordwestgwillimbury.escribemeetings.com,Town of Bradford,bradfordwestgwillimbury-2024-08-06-regular-council-and-committee-of-the-whole
escribe,pub-chulavista.escribemeetings.com,,1,unresolved,https://pub-chulavista.escribemeetings.com,Chula Vista Public Comments,chula-vista-public-comments-2026-05-19-city-council-meeting
escribe,pub-clearview.escribemeetings.com,,1,unresolved,https://pub-clearview.escribemeetings.com,Clearview,clearview-2026-08-26-special-council-meeting-planning-public-meeting
escribe,pub-cofs.escribemeetings.com,,1,unresolved,https://pub-cofs.escribemeetings.com,Cofs,cofs-2023-12-12-regular-council-meeting
escribe,pub-cvrd.escribemeetings.com,,1,unresolved,https://pub-cvrd.escribemeetings.com,Cvr D,cvrd-2026-07-08-2026-cowichan-valley-regional-district-climate-projections-commi
escribe,pub-elliotlake.escribemeetings.com,,1,unresolved,https://pub-elliotlake.escribemeetings.com,Elliot Lake GIS Services SSMIC,elliot-lake-gis-services-ssmic-2025-12-08-council
escribe,pub-fairfield.escribemeetings.com,,1,unresolved,https://pub-fairfield.escribemeetings.com,Fairfield,fairfield
escribe,pub-king.escribemeetings.com,,1,unresolved,https://pub-king.escribemeetings.com,King,king-2026-08-19-committee-of-adjustment
escribe,pub-leduc-county.escribemeetings.com,,1,unresolved,https://pub-leduc-county.escribemeetings.com,Leduc County,leduc-county-2024-04-09-council-meeting
escribe,pub-llbc.escribemeetings.com,,1,unresolved,https://pub-llbc.escribemeetings.com,Llbc,llbc-2025-07-22-cold-mix-township-road-660a-and-range-road-134-regular-council-m
escribe,pub-notl.escribemeetings.com,,1,unresolved,https://pub-notl.escribemeetings.com,Notl,notl-2026-01-27-council-meeting
escribe,pub-oneinvestmentprogram.escribemeetings.com,,1,unresolved,https://pub-oneinvestmentprogram.escribemeetings.com,Oneinvestmentprogram,oneinvestmentprogram-2024-11-15-joint-investment-board-special-meeting
escribe,pub-palmdesert.escribemeetings.com,,1,unresolved,https://pub-palmdesert.escribemeetings.com,Palm Desert City Negotiator,palm-desert-city-negotiator-2026-06-25-resolutions-related-to-the-adoption-of-th
escribe,pub-prescott.escribemeetings.com,,1,unresolved,https://pub-prescott.escribemeetings.com,Prescott,prescott-2024-10-07-council-agenda
escribe,pub-rmwb.escribemeetings.com,,1,unresolved,https://pub-rmwb.escribemeetings.com,Rmwb,rmwb-2026-01-13-council-meeting
escribe,pub-shelburne.escribemeetings.com,,1,unresolved,,Town of Shelburne,
escribe,pub-stratford.escribemeetings.com,,1,unresolved,https://pub-stratford.escribemeetings.com,Stratford Ad,stratford-ad-2024-09-16-ad-hoc-grand-trunk-renewal-committee
escribe,pub-townofws.escribemeetings.com,,1,unresolved,https://pub-townofws.escribemeetings.com,Townofws,townofws-2025-06-04-council-meeting
escribe,pub-twpec.escribemeetings.com,,1,unresolved,https://pub-twpec.escribemeetings.com,Twpec,twpec-2025-11-03-committee-of-the-whole-community-development
escribe,pub-vermilion.escribemeetings.com,,1,unresolved,https://pub-vermilion.escribemeetings.com,Vermilion,vermilion-2026-08-18-regular-council-meeting
escribe,pub-vernon.escribemeetings.com,,1,unresolved,https://pub-vernon.escribemeetings.com,City of Vernon,city-of-vernon-2026-07-20-public-hearing
escribe,pub-westkelowna.escribemeetings.com,,1,unresolved,https://pub-westkelowna.escribemeetings.com,West Kelowna Council Chambers,west-kelowna-council-chambers-2023-12-12-regular-council-meeting
escribe,tecumseh-pub.escribemeetings.com,,1,blank,https://tecumseh-pub.escribemeetings.com,,2026-08-19-special-council-meeting
cablecast,cityofpontiac.cablecast.tv,,3,unresolved,https://cityofpontiac.cablecast.tv,Pontiac,pontiac-2025-05-20-pontiac-city-council
cablecast,dakotamediaaccess.cablecast.tv,,3,blank,https://dakotamediaaccess.cablecast.tv,,2026-06-30-front-avenue-sound-sessions-ep-6-with-stephen-gefroh
cablecast,edina-mn.cablecast.tv,,3,blank,https://edina-mn.cablecast.tv,,2026-03-17-eden-prairie-music-dept-concert
cablecast,hamiltonwenham.cablecast.tv,,3,blank,https://hamiltonwenham.cablecast.tv,,2026-08-17-hamilton-select-board-8-17-26
cablecast,pcc.cablecast.tv,,3,blank,https://pcc.cablecast.tv,,2024-04-25-prge-community-impact
cablecast,pgcps.cablecast.tv,,3,blank,https://pgcps.cablecast.tv,,2024-09-06-newsbreak-school-house-justice
cablecast,stcharles-mo.cablecast.tv,,3,blank,https://stcharles-mo.cablecast.tv,,2026-08-17-landmarks-board-meeting-august-17-2026
cablecast,trojanvision.cablecast.tv,,3,blank,https://trojanvision.cablecast.tv,,2026-05-08-spring-2026-commencement-session-1
cablecast,utvs.cablecast.tv,,3,blank,https://utvs.cablecast.tv,,2026-07-01-utvs-zen-american-flag-america-250
cablecast,wilson-co-schools.cablecast.tv,,3,blank,https://wilson-co-schools.cablecast.tv,,2025-03-23-new-rep-dante-pittman-committee-appointments
cablecast,wmcf.cablecast.tv,,3,blank,https://wmcf.cablecast.tv,,2026-08-18-plan-commission-8-18-26
cablecast,buenapark.cablecast.tv,,2,blank,https://buenapark.cablecast.tv,,2026-07-23-bp-planning-commission-july-22-2026
cablecast,capitoltvri.cablecast.tv,,2,blank,https://capitoltvri.cablecast.tv,,2026-07-29-inspector-general-independent-advisory-commission-7-29-2026
cablecast,carync.cablecast.tv,,2,blank,https://carync.cablecast.tv,,2026-07-24-cary-council-meeting-july-23-2026
cablecast,cerritos.cablecast.tv,,2,blank,https://cerritos.cablecast.tv,,2026-08-18-senior-services-commission-special-meeting-august-18-2026
cablecast,charlescountymd.cablecast.tv,,2,blank,https://charlescountymd.cablecast.tv,,2026-08-17-planning-commission-august-17-2026
cablecast,cityofbrea.cablecast.tv,,2,blank,https://cityofbrea.cablecast.tv,,2026-07-22-july-21-2026-brea-city-council-meeting
cablecast,cityofredlands.cablecast.tv,,2,blank,https://cityofredlands.cablecast.tv,,2026-07-22-redlands-city-council-meeting-july-21-2026
cablecast,desplainesil.cablecast.tv,,2,blank,https://desplainesil.cablecast.tv,,2026-08-03-city-council-meeting-8-3-2026
cablecast,gastoncoschools.cablecast.tv,,2,blank,https://gastoncoschools.cablecast.tv,,2026-06-16-board-of-education-good-news-and-classroom-moment-june-2026
cablecast,hometown.cablecast.tv,,2,blank,https://hometown.cablecast.tv,,2022-04-13-westown-city-council-meeting
cablecast,lamoineme.cablecast.tv,,2,blank,https://lamoineme.cablecast.tv,,2026-08-12-conservation-commission-august-12-2026
cablecast,methuentv.cablecast.tv,,2,blank,https://methuentv.cablecast.tv,,2025-10-17-elections-2025-school-committee-forum
cablecast,portagemi.cablecast.tv,,2,blank,https://portagemi.cablecast.tv,,2026-08-06-planning-commission-meeting-8-6-26
cablecast,reflect-sttammany.cablecast.tv,,2,blank,https://reflect-sttammany.cablecast.tv,,2026-08-06-st-tammany-parish-zoning-meeting-august-4-2026
cablecast,wbrw.cablecast.tv,,2,blank,https://wbrw.cablecast.tv,,2026-08-18-washington-township-zoning-board-of-appeals-aug-10th-2026
cablecast,yourtown.cablecast.tv,,2,blank,https://yourtown.cablecast.tv,,2022-04-13-westown-city-council-meeting-dbc5c8
cablecast,agawamvod.cablecast.tv,,1,blank,https://agawamvod.cablecast.tv,,2024-09-19-mayor-johnson-coffee-chat-september-18-2024
cablecast,betv-bensenville.cablecast.tv,,1,blank,https://betv-bensenville.cablecast.tv,,2025-12-16-vob-board-meeting-12-16-2025
cablecast,bourne.cablecast.tv,,1,blank,https://bourne.cablecast.tv,,2023-02-06-bourne-iswm-recycling-updates-february-8-2023
cablecast,cctv-vod.cablecast.tv,,1,blank,https://cctv-vod.cablecast.tv,,2025-01-27-chs-girls-hockey-vs-westwood-jan-22-2025
cablecast,chabot.cablecast.tv,,1,blank,https://chabot.cablecast.tv,,2021-01-21-white-house-chronicle-the-challenges-facing-president-joe-biden-briti
cablecast,champaign-cablecast.cablecast.tv,,1,blank,https://champaign-cablecast.cablecast.tv,,2026-08-18-champaign-city-council-8-18-26
cablecast,champaign.cablecast.tv,,1,blank,https://champaign.cablecast.tv,,2026-08-24-board-of-fire-and-police-commissioners-8-24-26
cablecast,city-slp-mn.cablecast.tv,,1,unresolved,https://city-slp-mn.cablecast.tv,St,st-2025-12-16-st-louis-park-high-school-wind-ensemble-concert-dec-11-2025
cablecast,cityofsantee.cablecast.tv,,1,unresolved,https://cityofsantee.cablecast.tv,Santee,santee-2025-05-19-brews-and-bites-2025-supports
cablecast,gnat.cablecast.tv,,1,blank,https://gnat.cablecast.tv,,2025-07-09-video-announcement-good-trouble-lives-on-protest
cablecast,ictv.cablecast.tv,,1,blank,https://ictv.cablecast.tv,,2023-11-20-laprairie-city-council-11-20-2023
cablecast,jpschools.cablecast.tv,,1,blank,https://jpschools.cablecast.tv,,2024-10-08-we-choose-amanda-kihnemann
cablecast,kdol.cablecast.tv,,1,blank,https://kdol.cablecast.tv,,ousd-office-of-equity-building-community-connection-and-belonging
cablecast,lakecounty.legistar.com,,1,unresolved,https://lakecounty.legistar.com,Lake County Illinois,lake-county-illinois-2026-04-03-technology-committee-april-3-2026
cablecast,marintv.cablecast.tv,,1,blank,https://marintv.cablecast.tv,,the-bible-study
cablecast,marthasvineyard.cablecast.tv,,1,blank,https://marthasvineyard.cablecast.tv,,2025-10-09-tisbury-sb-10-7-25
cablecast,metvweb.cablecast.tv,,1,blank,https://metvweb.cablecast.tv,,2025-08-06-2025-pace-center-for-girls-graduation-ceremony
cablecast,mycommunityfocus.cablecast.tv,,1,blank,https://mycommunityfocus.cablecast.tv,,2026-04-08-macedonia-mayor-s-report-april-may-2026
cablecast,northbrunswicktv.cablecast.tv,,1,blank,https://northbrunswicktv.cablecast.tv,,2025-04-17-township-council-meeting-4-21-2025
cablecast,northpenn.cablecast.tv,,1,blank,https://northpenn.cablecast.tv,,2025-10-03-mornings-10-3-25
cablecast,salem.cablecast.tv,,1,unresolved,https://salem.cablecast.tv,Salem,salem-2025-08-09-salembration-historical-narration-of-american-revolution-vetera
cablecast,sapatv.cablecast.tv,,1,blank,https://sapatv.cablecast.tv,,2023-08-07-veterans-stories-paul-batchelder-7-7-23
cablecast,sttammany.cablecast.tv,,1,blank,https://sttammany.cablecast.tv,,2026-08-28-twila
cablecast,thurston.cablecast.tv,,1,unresolved,https://thurston.cablecast.tv,Thurston,lwv-primary-forum-2022-dist-22-pos-2
cablecast,verdevalleytv.cablecast.tv,,1,blank,https://verdevalleytv.cablecast.tv,,2022-12-12-steam-episode-7-fish-s-garden
cablecast,vod-allencounty.cablecast.tv,,1,blank,https://vod-allencounty.cablecast.tv,,2025-06-11-summit-city-singers-one-piano-four-hands-june-8th-2025
cablecast,vod-eagan.cablecast.tv,,1,blank,https://vod-eagan.cablecast.tv,,2026-04-24-access-to-democracy
cablecast,vod-framingham.cablecast.tv,,1,blank,https://vod-framingham.cablecast.tv,,school-committee-6-17-26
cablecast,vsctv.cablecast.tv,,1,blank,https://vsctv.cablecast.tv,,2022-06-28-talk-of-the-town-engineering
cablecast,wausau-wi.cablecast.tv,,1,blank,https://wausau-wi.cablecast.tv,,2025-07-14-wausau-school-board-meeting-7-14-25
cablecast,westernhills.cablecast.tv,,1,blank,https://westernhills.cablecast.tv,,andover-summer-concert-series-07-11-2025-barney-martin-1
swagit,coppellisd.new.swagit.com,,2,blank,https://coppellisd.new.swagit.com,,sep-16-2024-board-workshop-coppell-independent-school-district
swagit,dcccd.new.swagit.com,,2,unresolved,https://dcccd.new.swagit.com,City of Dallas,city-of-dallas-apr-04-2023-education-workforce-committee-meeting-dallas-county-c
swagit,pelhampublicschoolsny.new.swagit.com,,2,blank,https://pelhampublicschoolsny.new.swagit.com,,jan-08-2025-january-8-2025-business-meeting-pelham-public-schools
swagit,alamedausdca.new.swagit.com,,1,blank,https://alamedausdca.new.swagit.com,,jun-27-2023-school-board-meeting-alameda-unified-school-district
swagit,alamoareampo.new.swagit.com,,1,blank,https://alamoareampo.new.swagit.com,,may-21-2018-transportation-policy-board-alamo-area-metropolitan-planning-organiz
swagit,battlegroundps.new.swagit.com,,1,blank,https://battlegroundps.new.swagit.com,,dec-08-2025-board-of-directors
swagit,brevardpublicschools.new.swagit.com,,1,blank,https://brevardpublicschools.new.swagit.com,,jan-20-2026-board-workshop-brevard-public-schools
swagit,dart.new.swagit.com,,1,unresolved,https://dart.new.swagit.com,City of Plano,city-of-plano-oct-31-2023-board-meeting-dallas-area-rapid-transit-dart
swagit,dd7.new.swagit.com,,1,blank,https://dd7.new.swagit.com,,aug-05-2025-regular-commissioner-meeting-jefferson-county-drainage-district-no-7
swagit,derby.civicweb.net,,1,unresolved,https://derby.civicweb.net,City of Derby,city-of-derby-2026-08-25-city-council-25-aug-2026
swagit,desotoisdtx.new.swagit.com,,1,blank,https://desotoisdtx.new.swagit.com,,feb-23-2026-board-meetings-desoto-isd
swagit,floodauthorityeast.new.swagit.com,,1,blank,https://floodauthorityeast.new.swagit.com,,aug-21-2025-board-meeting-flood-protection-authority-east
swagit,galvestonparkboardtx.new.swagit.com,,1,blank,https://galvestonparkboardtx.new.swagit.com,,apr-28-2026-board-of-trustees-galveston-park-board-of-trustees
swagit,greenburghpublicaccess.new.swagit.com,,1,blank,https://greenburghpublicaccess.new.swagit.com,,feb-19-2025-the-african-diaspora-experience-biff-henderson-greenburgh-public-acc
swagit,harrishealthtx.new.swagit.com,,1,unresolved,https://harrishealthtx.new.swagit.com,City of Houston,city-of-houston-jun-30-2025-board-meetings-harris-health-system
swagit,hcpsstv.new.swagit.com,,1,blank,https://hcpsstv.new.swagit.com,,jul-14-2016-board-of-education-regular-meeting-pt-2-3-consent-agenda-thru-8-adjo
swagit,hgac.new.swagit.com,,1,blank,https://hgac.new.swagit.com,,oct-01-2019-local-project-sponsor-workshop-houston-galveston-area-council
swagit,lasvirgenesmwd.new.swagit.com,,1,blank,https://lasvirgenesmwd.new.swagit.com,,feb-18-2025-las-virgenes-mwd-board-meeting-las-virgenes-municipal-water-district
swagit,lmctvny.new.swagit.com,,1,unresolved,https://lmctvny.new.swagit.com,"TV, NY",tv-ny-2026-01-26-jan-26-2026-village-of-mamaroneck-board-of-trustees-legislative
swagit,lonestargcd.new.swagit.com,,1,blank,https://lonestargcd.new.swagit.com,,sep-18-2025-open-forum-for-public-water-suppliers-lone-star-groundwater-conserva
swagit,mankatoaps.new.swagit.com,,1,blank,https://mankatoaps.new.swagit.com,,jan-23-2024-school-board-mankato-area-public-schools
swagit,mckinneyisdtx.new.swagit.com,,1,blank,https://mckinneyisdtx.new.swagit.com,,may-18-2026-school-board-meeting-mckinney-independent-school-district
swagit,mobilityauthority.new.swagit.com,,1,blank,https://mobilityauthority.new.swagit.com,,sep-07-2016-board-of-directors-central-texas-regional-mobility-authority
swagit,nassaucountysd.new.swagit.com,,1,unresolved,https://nassaucountysd.new.swagit.com,Nassau County,nassau-county-dec-14-2017-december-14-2017-the-school-board-of-nassau-county-flo
swagit,nctcog.new.swagit.com,,1,blank,https://nctcog.new.swagit.com,,jun-27-2019-white-house-opportunity-zones-and-revitalization-council-roundtable
swagit,norfolkpublicschools.new.swagit.com,,1,blank,https://norfolkpublicschools.new.swagit.com,,feb-04-2022-school-board-retreat-norfolk-public-schools
swagit,ntmwd.new.swagit.com,,1,blank,https://ntmwd.new.swagit.com,,aug-13-2025-legislative-committee-meeting-north-texas-municipal-water-district
swagit,public.destinyhosted.com,,1,blank,https://public.destinyhosted.com,,aug-17-2026-school-board-mankato-area-public-schools
swagit,rockwallisdtx.new.swagit.com,,1,blank,https://rockwallisdtx.new.swagit.com,,sep-16-2024-board-of-trustees-rockwall-isd
swagit,ryeny.new.swagit.com,,1,unresolved,https://ryeny.new.swagit.com,"Rye (city), NY",rye-ny-2014-01-29-jan-29-2014-city-council
swagit,scgtv.new.swagit.com,,1,blank,https://scgtv.new.swagit.com,,may-08-2019-oral-arguments
swagit,siouxcityschools.new.swagit.com,,1,blank,https://siouxcityschools.new.swagit.com,,jan-24-2022-special-board-meeting-sioux-city-community-school-district
swagit,tabc.new.swagit.com,,1,blank,https://tabc.new.swagit.com,,jan-20-2026-regular-commission-meeting-texas-alcoholic-beverage-commission
swagit,tdhca.new.swagit.com,,1,blank,https://tdhca.new.swagit.com,,nov-07-2024-board-meeting-texas-department-of-housing-and-community-affairs
swagit,texashhsc.new.swagit.com,,1,blank,https://texashhsc.new.swagit.com,,may-18-2023-state-medicaid-managed-care-advisory-committee-texas-health-and-huma
swagit,traviscad.new.swagit.com,,1,blank,https://traviscad.new.swagit.com,,nov-06-2023-board-of-directors-meeting-travis-central-appraisal-district-25c543
swagit,triunfo.new.swagit.com,,1,blank,https://triunfo.new.swagit.com,,jun-25-2018-tsd-board-meeting-triunfo-water-sanitation-district
swagit,trwd.new.swagit.com,,1,blank,https://trwd.new.swagit.com,,jan-20-2026-board-meeting-tarrant-regional-water-district
swagit,txdot.new.swagit.com,,1,blank,https://txdot.new.swagit.com,,apr-30-2026-texas-transportation-commission-meetings-texas-department-of-transpo
swagit,woodlandscvb.new.swagit.com,,1,blank,https://woodlandscvb.new.swagit.com,,mar-18-2020-visit-the-woodlands-special-board-meeting-the-woodlands-convention-a
swagit,wpcommunitymedia.new.swagit.com,,1,blank,https://wpcommunitymedia.new.swagit.com,,nov-14-2018-new-hope-in-the-lord-jerry-antomattei-white-plains-community-media
telvue,videoplayer.telvue.com,CXN6V2zmqTebSQfLjvlDzEql3BwiQh_l,3,blank,https://videoplayer.telvue.com/player/CXN6V2zmqTebSQfLjvlDzEql3BwiQh_l,,school-board-meeting-meeting-of-05-13-25
telvue,videoplayer.telvue.com,w9sPsSE7vna3XTN_39bs1rEXjVWF0kfP,2,unresolved,https://videoplayer.telvue.com/player/w9sPsSE7vna3XTN_39bs1rEXjVWF0kfP,Ashland,august-11-2026-ashland-planning-commission
telvue,videoplayer.telvue.com,GNduNoua2rBThhw6N4PRP9OCSPf6B2ru,2,unresolved,https://videoplayer.telvue.com/player/GNduNoua2rBThhw6N4PRP9OCSPf6B2ru,Bellefonte Borough,6-16-25-bellefonte-borough-6-16-25-bellefonte-borough-council
telvue,videoplayer.telvue.com,_SDsUsf4Q9kk48PEivDKgMQltXkMOYD2,2,unresolved,https://videoplayer.telvue.com/player/_SDsUsf4Q9kk48PEivDKgMQltXkMOYD2,Summit Planning,summit-nj-summit-planning-board-meeting-june-29-2026
telvue,videoplayer.telvue.com,aOt1iJYvW4IQawSCE8Goebgvo0CdBFwN,2,blank,https://videoplayer.telvue.com/player/aOt1iJYvW4IQawSCE8Goebgvo0CdBFwN,,dda-meeting-of-6-26-24
telvue,videoplayer.telvue.com,m-2Fvz8xhxNtIFGMxiGzJrgCaIr0cVZT,2,blank,https://videoplayer.telvue.com/player/m-2Fvz8xhxNtIFGMxiGzJrgCaIr0cVZT,,music-mayhem-game-show
telvue,u.peg.tv,,1,unresolved,https://u.peg.tv,Ashland,august-19-2025-ashland-city-council
telvue,videoplayer.telvue.com,yycCAZPb0NN3zj2o5qio-YFMNC43NjCG,1,unresolved,https://videoplayer.telvue.com/player/yycCAZPb0NN3zj2o5qio-YFMNC43NjCG,"City, MA",city-ma-city-council-5-6-2025
telvue,videoplayer.telvue.com,dQtoDvlZYDOtqaf7eRn9z2lb1Nb6EZzu,1,blank,https://videoplayer.telvue.com/player/dQtoDvlZYDOtqaf7eRn9z2lb1Nb6EZzu,,city-council-3-5-24
telvue,videoplayer.telvue.com,TDGUxXaDdkMUZKBTU1_JxP2_g1gEpRjc,1,blank,https://videoplayer.telvue.com/player/TDGUxXaDdkMUZKBTU1_JxP2_g1gEpRjc,,selectboard-mtg-6-16-26
telvue,videoplayer.telvue.com,mtJUUUldXjgiMF_-BUta9TSEaNgCdk_N,1,unresolved,https://videoplayer.telvue.com/player/mtJUUUldXjgiMF_-BUta9TSEaNgCdk_N,WB,west-bridgewater-ma-wb-board-of-selectmen-mtg-march-20th-2024
telvue,videoplayer.telvue.com,-11ipagMwR9uJX6KR7gKxXlphFR7CXkX,1,blank,https://videoplayer.telvue.com/player/-11ipagMwR9uJX6KR7gKxXlphFR7CXkX,,chanty-jong-presents-surviving-the-killing-fields-chanty-jong-presents-surviving
telvue,videoplayer.telvue.com,0bfLByeZXfZHVlpy5BHT5v2arkggCWuH,1,blank,https://videoplayer.telvue.com/player/0bfLByeZXfZHVlpy5BHT5v2arkggCWuH,,20180517-src-meeting
telvue,videoplayer.telvue.com,0l61qrd2cTIyQzYJ0oHNRYLt8lmyVn7U,1,blank,https://videoplayer.telvue.com/player/0l61qrd2cTIyQzYJ0oHNRYLt8lmyVn7U,,reeling-the-movie-review-show-886-1080p
telvue,videoplayer.telvue.com,2bm0gzQWeVRzdCgvjXziXKwO3icSKh05,1,blank,https://videoplayer.telvue.com/player/2bm0gzQWeVRzdCgvjXziXKwO3icSKh05,,all-stories-matter-katey-and-chris-why-we-love-performing-the-civic-and-life
telvue,videoplayer.telvue.com,4y0ZeULE62_pQWmSNIW7pHr0dygnDXt1,1,blank,https://videoplayer.telvue.com/player/4y0ZeULE62_pQWmSNIW7pHr0dygnDXt1,,2023-06-19-board-of-education-regular-meeting
telvue,videoplayer.telvue.com,56Yd51yoRNeGH3VD7EmsB_bfASrkIN1O,1,blank,https://videoplayer.telvue.com/player/56Yd51yoRNeGH3VD7EmsB_bfASrkIN1O,,december-5-2023-town-of-saugerties-public-hearings
telvue,videoplayer.telvue.com,8JdGjc3XQkMBaO9P3bcFxCGYEllvhnOn,1,blank,https://videoplayer.telvue.com/player/8JdGjc3XQkMBaO9P3bcFxCGYEllvhnOn,,nov-14-2024-work-session-1-fy-2026-2035-capital-improvement-program-cip-budget
telvue,videoplayer.telvue.com,9GoxOSjmC7wxhZd_91MzDBO_wwXycvDQ,1,blank,https://videoplayer.telvue.com/player/9GoxOSjmC7wxhZd_91MzDBO_wwXycvDQ,,township-council-mtg-8-8-23
telvue,videoplayer.telvue.com,bHwwzKX3TkapuHPqY4J6DEAclNWGbbch,1,blank,https://videoplayer.telvue.com/player/bHwwzKX3TkapuHPqY4J6DEAclNWGbbch,,proposals-for-sale-of-commercial-land-tsakalos-realty-trust-interview
telvue,videoplayer.telvue.com,bjF2_CaOyvFqx0n0Wp4DVGakWmOU3Nb9,1,blank,https://videoplayer.telvue.com/player/bjF2_CaOyvFqx0n0Wp4DVGakWmOU3Nb9,,committee-meetings
telvue,videoplayer.telvue.com,BVZzsOwkEDxca5y_v_Nub8EKlqfYch_y,1,blank,https://videoplayer.telvue.com/player/BVZzsOwkEDxca5y_v_Nub8EKlqfYch_y,,pacconcert21124
telvue,videoplayer.telvue.com,BYZxzRoRv7IoaYynQYVU7BGYzrtXvUiD,1,blank,https://videoplayer.telvue.com/player/BYZxzRoRv7IoaYynQYVU7BGYzrtXvUiD,,black-sci-fi-tv-05
telvue,videoplayer.telvue.com,DlmmPfdsX2xkVdFmHGUnNrmtSQmz1Apm,1,blank,https://videoplayer.telvue.com/player/DlmmPfdsX2xkVdFmHGUnNrmtSQmz1Apm,,township-committee-02-26-2024-part-1
telvue,videoplayer.telvue.com,dUV4zRmTRozlQCcEFvNjPG1gVU50zdtj,1,blank,https://videoplayer.telvue.com/player/dUV4zRmTRozlQCcEFvNjPG1gVU50zdtj,,lion-s-pride-guests-amy-smith-nate-zucco-ashley-antoine-maura-ricardi
telvue,videoplayer.telvue.com,FcqTL0OYMCGU6WlccUApyUL3twz4dm9V,1,blank,https://videoplayer.telvue.com/player/FcqTL0OYMCGU6WlccUApyUL3twz4dm9V,,class-of-52-reunion-77
telvue,videoplayer.telvue.com,gmcC3sJ6AGUdIb568B18VQd22AGea7RE,1,blank,https://videoplayer.telvue.com/player/gmcC3sJ6AGUdIb568B18VQd22AGea7RE,,first-ward-community-resource-mtg-february-2026
telvue,videoplayer.telvue.com,HDwuV3is8s5nNzWpdoDe7ey1dmO7F3CA,1,blank,https://videoplayer.telvue.com/player/HDwuV3is8s5nNzWpdoDe7ey1dmO7F3CA,,county-administrator-reporrt-feb-2026
telvue,videoplayer.telvue.com,KGL-y_dHhCluQTy7c6YoVBzzQ5eHj7Lr,1,blank,https://videoplayer.telvue.com/player/KGL-y_dHhCluQTy7c6YoVBzzQ5eHj7Lr,,2026-01-27-board-of-trustees
telvue,videoplayer.telvue.com,kt_qf7YDXf53OIbY2RvweNBwZfUjIgei,1,blank,https://videoplayer.telvue.com/player/kt_qf7YDXf53OIbY2RvweNBwZfUjIgei,,school-view-24-george-washington-carver-week-2016
telvue,videoplayer.telvue.com,LGze1WqTsE8jwTKC--4xu4kSh8jPjdoJ,1,blank,https://videoplayer.telvue.com/player/LGze1WqTsE8jwTKC--4xu4kSh8jPjdoJ,,girls-volleyball-vs-newton-north-tigers
telvue,videoplayer.telvue.com,Mzn4uOy-GIuW4rtdO2jlZmP3EE1WywoM,1,blank,https://videoplayer.telvue.com/player/Mzn4uOy-GIuW4rtdO2jlZmP3EE1WywoM,,school-committee-meeting-6-16-26
telvue,videoplayer.telvue.com,O1KDXxYafTFWNyJDAq7WcuvJ9u9YH6tS,1,blank,https://videoplayer.telvue.com/player/O1KDXxYafTFWNyJDAq7WcuvJ9u9YH6tS,,authentic-business-adventures
telvue,videoplayer.telvue.com,o6Qh7LIjgTymwx6gz6NDiPtbRpz9SB6B,1,unresolved,https://videoplayer.telvue.com/player/o6Qh7LIjgTymwx6gz6NDiPtbRpz9SB6B,MCS,mcs-mcs-board-mtg
telvue,videoplayer.telvue.com,P8wyVTR2qr3_LDUHnb_mF4AFW6RckIeS,1,blank,https://videoplayer.telvue.com/player/P8wyVTR2qr3_LDUHnb_mF4AFW6RckIeS,,garfield-county-sheriff-candidate-forum-hosted-by-the-crv-chamber-at-the-ute-jun
telvue,videoplayer.telvue.com,q7D_V5L-tyPxVhi3t2I9JQQll2kXxih5,1,blank,https://videoplayer.telvue.com/player/q7D_V5L-tyPxVhi3t2I9JQQll2kXxih5,,the-best-of-mt-shasta-with-andr-e-morgana-episode-1-ayelet-segal-2-16-2020
telvue,videoplayer.telvue.com,rb5Cd5C4A-90O1S3556SjZ8grdhFAYJy,1,blank,https://videoplayer.telvue.com/player/rb5Cd5C4A-90O1S3556SjZ8grdhFAYJy,,theater-time-tenfest-2026
telvue,videoplayer.telvue.com,sC8tLrxdhpB-glnrjAZCtQ9j-SiG_2lw,1,blank,https://videoplayer.telvue.com/player/sC8tLrxdhpB-glnrjAZCtQ9j-SiG_2lw,,3-21-23-tech-school-committee-meeting
telvue,videoplayer.telvue.com,SoyiaNCvnOa3EtFnUDtaDbkyi72cpHJx,1,blank,https://videoplayer.telvue.com/player/SoyiaNCvnOa3EtFnUDtaDbkyi72cpHJx,,inclusion-from-the-mayflower-to-2020
telvue,videoplayer.telvue.com,xa8kw8xwXTOpLL7Jqu2ziyDyu12QqaFy,1,blank,https://videoplayer.telvue.com/player/xa8kw8xwXTOpLL7Jqu2ziyDyu12QqaFy,,gerald-f-deconto-by-erin-hurley
telvue,videoplayer.telvue.com,uClcIN88BHKHJoveFoaVN_8_5Tg72P0o,1,blank,https://videoplayer.telvue.com/player/uClcIN88BHKHJoveFoaVN_8_5Tg72P0o,,select-board-08-10-26
telvue,videoplayer.telvue.com,c0gKv9ZUF0uiidDafFfESDZA5EkkJp7L,1,blank,https://videoplayer.telvue.com/player/c0gKv9ZUF0uiidDafFfESDZA5EkkJp7L,,planning-board-8-19-2026
telvue,videoplayer.telvue.com,0xevl1Y-G4MlrcS7VDCjMf9uhAElnooJ,1,blank,https://videoplayer.telvue.com/player/0xevl1Y-G4MlrcS7VDCjMf9uhAElnooJ,,fps-school-committee-meeting-07-15-26
telvue,videoplayer.telvue.com,lfzlfeW2jHTLCtEU2AKNyEA0B8A5stMI,1,blank,https://videoplayer.telvue.com/player/lfzlfeW2jHTLCtEU2AKNyEA0B8A5stMI,,board-of-supervisors-8-21-26
telvue,videoplayer.telvue.com,5ZgpAPx0jUMwAvILE2CIBql85kdlcB1R,1,blank,https://videoplayer.telvue.com/player/5ZgpAPx0jUMwAvILE2CIBql85kdlcB1R,,2026-06-15-town-council
telvue,videoplayer.telvue.com,iE0p5N2b-Se5BhxS-3KDrHfUWzLHfku2,1,blank,https://videoplayer.telvue.com/player/iE0p5N2b-Se5BhxS-3KDrHfUWzLHfku2,,select-board
telvue,videoplayer.telvue.com,4jeRlBTetCoFJdyT5ssIvBrB9VUvRN0M,1,blank,https://videoplayer.telvue.com/player/4jeRlBTetCoFJdyT5ssIvBrB9VUvRN0M,,2026-08-19-school-committee
telvue,videoplayer.telvue.com,UWZJjir_fJaDicoMbxYCe2L-uxkXiZpX,1,blank,https://videoplayer.telvue.com/player/UWZJjir_fJaDicoMbxYCe2L-uxkXiZpX,,let-s-talk-business-jessica-ponyrko
telvue,videoplayer.telvue.com,Uf_haH9SRhiC9hGsGoevnFKJwHM7n6eY,1,blank,https://videoplayer.telvue.com/player/Uf_haH9SRhiC9hGsGoevnFKJwHM7n6eY,,eye-on-piscataway-august-2026
telvue,videoplayer.telvue.com,Hejq7tDUseFZXc46e8pIxdl8NpmSEupd,1,blank,https://videoplayer.telvue.com/player/Hejq7tDUseFZXc46e8pIxdl8NpmSEupd,,2020-10-19-berkley-school-board-meeting
telvue,videoplayer.telvue.com,LyAOBTaTsnn_CnwjwcB5-VoxQtyoKR1P,1,blank,https://videoplayer.telvue.com/player/LyAOBTaTsnn_CnwjwcB5-VoxQtyoKR1P,,planning-board-08-27-26
telvue,videoplayer.telvue.com,wLxG13-ZqUKHD7csDRSPQnZyL6Fkk_SG,1,blank,https://videoplayer.telvue.com/player/wLxG13-ZqUKHD7csDRSPQnZyL6Fkk_SG,,2023-06-13-brooks-crossing-spring-concert
telvue,videoplayer.telvue.com,7qWlRaZ6VN1bGk9m5qlLrPdu4-4i7cSa,1,unresolved,https://videoplayer.telvue.com/player/7qWlRaZ6VN1bGk9m5qlLrPdu4-4i7cSa,Winchester,winchester-winchester-select-board-8-10-26
telvue,videoplayer.telvue.com,bDPj0rbiOCBhmRfsFB-YifGv4qBg-ulA,1,unresolved,https://videoplayer.telvue.com/player/bDPj0rbiOCBhmRfsFB-YifGv4qBg-ulA,Albany Common,albany-common-albany-common-council-08-03-26
telvue,videoplayer.telvue.com,yHwj4ve7ki-YFodojv3bS3m9Y1sTcXCC,1,blank,https://videoplayer.telvue.com/player/yHwj4ve7ki-YFodojv3bS3m9Y1sTcXCC,,2026-08-25-city-council-meeting
castus,cloud.castus.tv,,1,blank,https://cloud.castus.tv,,board-of-trustees-meeting-06-22-26
champds,play.champds.com,,1,unresolved,https://play.champds.com,ElPaso County Colorado,elpaso-county-colorado-2025-08-05-bocc-regular-meeting
civicclerk,lenaweecomi.portal.civicclerk.com,,2,blank,https://lenaweecomi.portal.civicclerk.com,,2024-06-11-personnel-ways-means-committee-meeting
civicclerk,fsusga.portal.civicclerk.com,,1,blank,https://fsusga.portal.civicclerk.com,,2025-02-25-sga-election-executive-branch-debate
civicclerk,macombtwpmi.portal.civicclerk.com,,1,blank,https://macombtwpmi.portal.civicclerk.com,,2025-06-03-planning-commission
civicclerk,southorangetwpnj.portal.civicclerk.com,,1,blank,https://southorangetwpnj.portal.civicclerk.com,,2026-08-20-historic-preservation-commission-regular-meeting
granicus,carson.granicus.com,,3,unresolved,https://carson.granicus.com,City of Carson,city-of-carson-2021-11-03-city-council-on-2021-11-03-5-00-pm
granicus,greenville.granicus.com,,3,unresolved,https://greenville.granicus.com,City of Greenville,city-of-greenville-2025-04-10-city-council
granicus,gulfport.granicus.com,,3,unresolved,https://gulfport.granicus.com,City of Gulfport,city-of-gulfport-2026-01-06-city-council-meeting
granicus,irvington.granicus.com,,3,unresolved,https://irvington.granicus.com,Irvington|Village of Irvington,irvington-2019-07-19-carnegie-hero-medal-presentation-7-19-2019
granicus,pleasanthill.granicus.com,,3,unresolved,https://pleasanthill.granicus.com,City of Pleasant Hill,city-of-pleasant-hill-city-council-meeting-06-17-19
granicus,beverlyhills.granicus.com,,2,unresolved,https://beverlyhills.granicus.com,City of Beverly Hills,city-of-beverly-hills-2025-11-13-planning-commission-regular-meeting
granicus,chapelhill.granicus.com,,2,unresolved,https://chapelhill.granicus.com,Town of Chapel Hill,town-of-chapel-hill-2026-06-10-town-council-on-2026-06-10-6-00-pm
granicus,stpaul.granicus.com,,2,unresolved,https://stpaul.granicus.com,City of Saint Paul,city-of-saint-paul-2026-06-24-city-council-on-2026-06-24-3-30-pm
granicus,actransit.granicus.com,,1,unresolved,https://actransit.granicus.com,Ac Transit,ac-transit-2024-12-11-board-of-directors
granicus,adams.granicus.com,,1,unresolved,https://adams.granicus.com,County of Adams,county-of-adams-board-of-county-commissioners-monday
granicus,allegheny.granicus.com,,1,unresolved,https://allegheny.granicus.com,Subtitles County,subtitles-county-2026-07-14-county-council-on-2026-07-14-5-00-pm
granicus,allentownpa.granicus.com,,1,unresolved,https://allentownpa.granicus.com,City of Al,city-of-al-2025-04-16-city-council-on-2025-04-16-6-30-pm
granicus,bchd.granicus.com,,1,unresolved,https://bchd.granicus.com,Beach Cities Health District,beach-cities-health-district-2022-05-12-strategic-development-half-day
granicus,beaverton.granicus.com,,1,unresolved,https://beaverton.granicus.com,City of Beaverton,city-of-beaverton-city-council-regular-hybrid-meeting
granicus,bellevue.granicus.com,,1,unresolved,https://bellevue.granicus.com,City of Bellevue,city-of-bellevue-2026-01-06-city-council-regular-meeting-on-2026-01-06-6-00-pm
granicus,carroll.granicus.com,,1,unresolved,https://carroll.granicus.com,County of Carroll,county-of-carroll-2025-06-26-board-of-county-commissioners-open-session
granicus,ccisd.granicus.com,,1,unresolved,https://ccisd.granicus.com,Corpus Christi ISD,corpus-christi-isd-2025-08-11-regular-board-meeting
granicus,centralvalleyflood.granicus.com,,1,unresolved,https://centralvalleyflood.granicus.com,Central Valley Flood Protection Board,central-valley-flood-protection-board-2020-01-24-january-24-2020-board-meeting
granicus,chapelhill.legistar.com,,1,unresolved,https://chapelhill.legistar.com,Town of Chapel Hill,town-of-chapel-hill-2026-06-23-community-design-commission-on-2026-06-23-5-30-pm
granicus,cityofracine.granicus.com,,1,unresolved,https://cityofracine.granicus.com,City of Racine,city-of-racine-2025-01-27-common-council
granicus,cityofwalnut.granicus.com,,1,unresolved,https://cityofwalnut.granicus.com,City of Walnut,city-of-walnut-2023-01-25-city-council-meeting
granicus,cms-k12-nc.granicus.com,,1,unresolved,https://cms-k12-nc.granicus.com,Unknown Jurisdiction,unknown-jurisdiction-what-is-jr0tc
granicus,csmfo.granicus.com,,1,unresolved,https://csmfo.granicus.com,California,california-2023-11-22-csmfo-webinar-sales-tax-101-please-see-agenda-for-copy-of
granicus,csos.granicus.com,,1,unresolved,https://csos.granicus.com,Unknown Jurisdiction,unknown-jurisdiction-rulemaking-hearing-colorado-department-of-state-elections-r
granicus,dcwasa.granicus.com,,1,unresolved,https://dcwasa.granicus.com,DC Water &amp; Sewer Authority,dc-water-amp-sewer-authority-2018-12-16-board-of-directors
granicus,draper.granicus.com,,1,unresolved,https://draper.granicus.com,Draper,draper-city-council-meeting
granicus,edina.granicus.com,,1,unresolved,https://edina.granicus.com,City of Edina,city-of-edina-town-talk-fire-operations
granicus,edwardsaquifer.granicus.com,,1,unresolved,https://edwardsaquifer.granicus.com,Edwards Aquifer Authority,edwards-aquifer-authority-2024-07-25-2024-07-25-eahcp-implementing-committee
granicus,evansville.granicus.com,,1,unresolved,https://evansville.granicus.com,City of Evansville,city-of-evansville-2025-08-20-property-tax-assessment-board-of-appeals-ptaboa-8
granicus,everett.granicus.com,,1,unresolved,https://everett.granicus.com,City of Everett,city-of-everett-2025-08-13-parks-built-environment-committee
granicus,fortworthisd.granicus.com,,1,unresolved,https://fortworthisd.granicus.com,Unknown Jurisdiction,unknown-jurisdiction-fort-worth-isd-regular-board-meeting-august-26-2025
granicus,fpdcc.granicus.com,,1,unresolved,https://fpdcc.granicus.com,Cook County Forest Preserve District,cook-county-forest-preserve-district-2021-07-27-finance-committee-on-2021-07-27
granicus,fremont.granicus.com,,1,unresolved,https://fremont.granicus.com,Fremont,fremont-ccmeeting7-28-2026
granicus,fullerton.granicus.com,,1,unresolved,https://fullerton.granicus.com,City of Fullerton,city-of-fullerton-2026-01-12-parks-and-recreation-commission-on-2026-01-12-6-30
granicus,fulton.granicus.com,,1,unresolved,https://fulton.granicus.com,Fulton County,fulton-2025-12-03-board-of-commissioners-on-2025-12-03-10-00-am
granicus,gilbert.granicus.com,,1,unresolved,https://gilbert.granicus.com,Town of Gilbert,town-of-gilbert-2021-04-06-town-council-regular-meeting
granicus,glenview.granicus.com,,1,unresolved,https://glenview.granicus.com,Glenview,glenview-board-of-trustees-meeting
granicus,gpisd.granicus.com,,1,unresolved,https://gpisd.granicus.com,Unknown Jurisdiction,unknown-jurisdiction-2023-10-16-regular-board-meeting-october-16-2023
granicus,houstonisd.granicus.com,,1,unresolved,https://houstonisd.granicus.com,Unknown Jurisdiction,unknown-jurisdiction-2025-04-23-school-board-on-2025-04-23-1-00-pm-special-meeti
granicus,hpwd.granicus.com,,1,unresolved,https://hpwd.granicus.com,High Plains Underground Water Conservation District No. 1,high-plains-underground-water-conservation-district-no-1-2022-11-08-board-of-dir
granicus,huntsvilleal.granicus.com,,1,unresolved,https://huntsvilleal.granicus.com,City of Huntsville.Ordinance No.,city-of-huntsville-ordinance-no-2025-08-28-city-council-regular-meeting-on-2025
granicus,icma.granicus.com,,1,unresolved,https://icma.granicus.com,Cal-ICMA,cal-icma-2019-09-11-interpreting-and-communicating-the-new-calpers-actuarial-rep
granicus,ieua.granicus.com,,1,unresolved,https://ieua.granicus.com,IEUA,ieua-2025-03-06-03-06-2025-regional-sewerage-policy-committee-meeting
granicus,illinoistollway.granicus.com,,1,unresolved,https://illinoistollway.granicus.com,Unknown Jurisdiction,unknown-jurisdiction-illinois-tollway-strategic-planning-committee
granicus,irvine.granicus.com,,1,unresolved,https://irvine.granicus.com,City of Irvine,city-of-irvine-city-council-regular-meeting
granicus,kauai.granicus.com,,1,unresolved,https://kauai.granicus.com,"Kaua&apos;i County, HI",kaua-apos-i-county-hi-2025-12-29-county-council
granicus,kpb.granicus.com,,1,unresolved,https://kpb.granicus.com,Unknown Jurisdiction,unknown-jurisdiction-2024-04-02-committee-of-the-whole-on-2024-04-02-1-30-pm-mee
granicus,lacanadaflintridge-ca.granicus.com,,1,unresolved,https://lacanadaflintridge-ca.granicus.com,Unknown Jurisdiction,unknown-jurisdiction-public-safety-commission-regular-meeting
granicus,lakecounty.granicus.com,,1,unresolved,https://lakecounty.granicus.com,County of Lake,county-of-lake-2024-12-10-board-of-supervisors-on-2024-12-10-9-00-am-please-see
granicus,lancaster.granicus.com,,1,unresolved,https://lancaster.granicus.com,City of Lancaster,city-of-lancaster-03-17-20-city-council-successor-agency-financing-power-housing
granicus,lausd.granicus.com,,1,unresolved,https://lausd.granicus.com,La Usd,la-usd-2024-12-10-02-11-25-regular-board-meeting-1-00-pm-spanish
granicus,lcd.granicus.com,,1,unresolved,https://lcd.granicus.com,Unknown Jurisdiction,lcd-granicus-com-2021-07-22-july-22-23-2021-lcdc-meeting-day-1
granicus,lcpsnm.granicus.com,,1,unresolved,https://lcpsnm.granicus.com,Unknown Jurisdiction,lc-psn-m-2026-05-19-board-of-education
granicus,lewisvilleisd.granicus.com,,1,unresolved,https://lewisvilleisd.granicus.com,Unknown Jurisdiction,unknown-jurisdiction-2026-01-06-board-work-session-01-06-2026
granicus,lfucg.granicus.com,,1,unresolved,https://lfucg.granicus.com,Lexington-Fayette Urban County Government,lexington-fayette-urban-county-government-2026-03-10-general-government-planning
granicus,lipower.granicus.com,,1,unresolved,https://lipower.granicus.com,Long Island Power Authority,long-island-power-authority-board-meetings-view-public-comments-on-revised-pseg
granicus,lockport.granicus.com,,1,unresolved,https://lockport.granicus.com,City of Lockport,city-of-lockport-2017-04-27-committee-of-the-whole
granicus,lossan.granicus.com,,1,unresolved,https://lossan.granicus.com,LOSSAN - OCTA,lossan-octa-2022-04-18-lossan-board-04-18-22
granicus,lsmo.granicus.com,,1,unresolved,https://lsmo.granicus.com,City of Lees Summit,city-of-lees-summit-2026-03-03-city-council-regular-session-no-65-amended
granicus,matanuska.granicus.com,,1,unresolved,https://matanuska.granicus.com,Unknown Jurisdiction,unknown-jurisdiction-2024-10-01-assembly-regular-meeting-on-2024-10-01-6-00-pm
granicus,matatransit.granicus.com,,1,unresolved,https://matatransit.granicus.com,Unknown Jurisdiction,unknown-jurisdiction-2025-07-30-board-of-commissioners-on-2025-07-30-3-30-pm
granicus,metrarr.granicus.com,,1,unresolved,https://metrarr.granicus.com,Metra Railroad,metra-railroad-2023-11-10-crd-board-meeting
granicus,metrolink.granicus.com,,1,unresolved,https://metrolink.granicus.com,Metrolink,metrolink-2025-02-14-audit-and-finance-committee
granicus,mid.granicus.com,,1,unresolved,https://mid.granicus.com,Modesto Irrigation District,modesto-irrigation-district-2026-01-13-regular-board-meeting
granicus,middletown.granicus.com,,1,unresolved,https://middletown.granicus.com,City of Middletown,city-of-middletown-2026-07-15-lgbtqia-commission-july-15-2026-regular-meeting
granicus,midland.granicus.com,,1,unresolved,https://midland.granicus.com,City of Midland,city-of-midland-2022-09-13-planning-commission-meeting-trimmed
granicus,mojavewater.granicus.com,,1,unresolved,https://mojavewater.granicus.com,Unknown Jurisdiction,unknown-jurisdiction-2022-10-06-revised-technical-advisory-committee-remote-acce
granicus,morrisville.granicus.com,,1,unresolved,https://morrisville.granicus.com,Morrisville,morrisville-town-council-mar-14th-2023
granicus,mplsk12mn.granicus.com,,1,unresolved,https://mplsk12mn.granicus.com,Minneapolis Public Schools,minneapolis-public-schools-2018-06-27-committee-of-the-whole
granicus,mwrd.granicus.com,,1,unresolved,https://mwrd.granicus.com,Mw Rd,mw-rd-2026-01-22-board-of-commissioners-on-2026-01-22-10-30-am
granicus,newbrighton.granicus.com,,1,unresolved,https://newbrighton.granicus.com,New Brighton,new-brighton-2017-10-03-october-3-2017-work-session
granicus,northsalemschools.granicus.com,,1,unresolved,https://northsalemschools.granicus.com,Unknown Jurisdiction,unknown-jurisdiction-meet-the-candidates-2023
granicus,nystateassembly.granicus.com,,1,unresolved,https://nystateassembly.granicus.com,Ny State Assembly,ny-state-assembly-10-9-25-assembly-public-hearing-on-the-impact-and-effectivenes
granicus,olelo.granicus.com,,1,unresolved,https://olelo.granicus.com,Unknown Jurisdiction,unknown-jurisdiction-caring-together-ep-1-living-with-a-changing-brain
granicus,onelakewood.granicus.com,,1,unresolved,https://onelakewood.granicus.com,Unknown Jurisdiction,unknown-jurisdiction-2025-10-13-committee-of-the-whole
granicus,oregon.granicus.com,,1,unresolved,https://oregon.granicus.com,Oregon,oregon-2014-09-16-house-interim-committee-on-agriculture-and-natural-resources-2
granicus,oregonmetro.granicus.com,,1,unresolved,https://oregonmetro.granicus.com,Oregon Metro Council,oregon-metro-council-2026-03-12-council-meeting-on-2026-03-12-10-30-am
granicus,oregonpuc.granicus.com,,1,unresolved,https://oregonpuc.granicus.com,Unknown Jurisdiction,unknown-jurisdiction-special-public-meeting-lc-85-pac-2025-integrated-resource-p
granicus,parkcounty.granicus.com,,1,unresolved,https://parkcounty.granicus.com,Park County,park-county-november-planning-board-meeting
granicus,pasadenaedu.granicus.com,,1,unresolved,https://pasadenaedu.granicus.com,Pasadena Community College,pasadena-community-college-2016-05-04-board-of-trustees-meeting
granicus,pcbgov.granicus.com,,1,unresolved,https://pcbgov.granicus.com,Pcb Gov,pcb-gov-city-council
granicus,pioneercommunityenergy.granicus.com,,1,unresolved,https://pioneercommunityenergy.granicus.com,Unknown Jurisdiction,unknown-jurisdiction-board-of-directors-special-meeting
granicus,portofla.granicus.com,,1,unresolved,https://portofla.granicus.com,Unknown Jurisdiction,unknown-jurisdiction-2022-07-28-regular-board-meeting
granicus,portofsandiego.granicus.com,,1,unresolved,https://portofsandiego.granicus.com,Unknown Jurisdiction,unknown-jurisdiction-2022-12-13-board-of-port-commissioners-on-2022-12-13-1-00-p
granicus,princegeorgescountymd.granicus.com,,1,unresolved,https://princegeorgescountymd.granicus.com,"Prince George&apos;s County, MD",prince-george-apos-s-county-md-2026-06-04-streamlining-development-review
granicus,psc-fl.granicus.com,,1,unresolved,https://psc-fl.granicus.com,"Ps C, FL",ps-c-fl-hearing-20240026-20230090-20230139-ei-day-3
granicus,pucnv.granicus.com,,1,unresolved,https://pucnv.granicus.com,State of Nevada Public Utilities Commission,state-of-nevada-public-utilities-commission-2024-02-13-agenda-03-24
granicus,rdale.granicus.com,,1,unresolved,https://rdale.granicus.com,Unknown Jurisdiction,unknown-jurisdiction-2026-01-05-1-5-26-business-meeting-with-public-hearing
granicus,richmond.granicus.com,,1,unresolved,https://richmond.granicus.com,City of Richmond,city-of-richmond-2026-04-01-community-police-review-commission-4-1-2026
granicus,rideuta.granicus.com,,1,unresolved,https://rideuta.granicus.com,Ride Uta,ride-uta-2025-09-24-board-of-trustees-on-2025-09-24-9-00-am
granicus,rtachicago.granicus.com,,1,unresolved,https://rtachicago.granicus.com,Regional Transportation Authority (Chicago),regional-transportation-authority-chicago-2020-08-20-board-of-directors
granicus,sanmarcos.granicus.com,,1,unresolved,https://sanmarcos.granicus.com,City of San Marcos,city-of-san-marcos-2024-07-23-regular-city-council-meeting
granicus,scag.granicus.com,,1,unresolved,https://scag.granicus.com,Unknown Jurisdiction,unknown-jurisdiction-cannabis-banking-working-group-2-10-17
granicus,scvwd.granicus.com,,1,unresolved,https://scvwd.granicus.com,Unknown Jurisdiction,unknown-jurisdiction-regular-meeting-closed-session-mar-8th-2016
granicus,scwd.granicus.com,,1,unresolved,https://scwd.granicus.com,South Coast Water District,south-coast-water-district-special-board-meting-doheny-desal-financial-assessmen
granicus,sdcera.granicus.com,,1,unresolved,https://sdcera.granicus.com,San Diego County Retirement Association,san-diego-county-retirement-association-2017-05-25-board-meeting
granicus,sedgwick.granicus.com,,1,unresolved,https://sedgwick.granicus.com,County of Sedgwick,county-of-sedgwick-2024-07-11-board-of-sedgwick-county-commissioners
granicus,sfha.granicus.com,,1,unresolved,https://sfha.granicus.com,Unknown Jurisdiction,unknown-jurisdiction-2024-10-24-special-housing-authority-board-of-commissioners
granicus,sfwmd.granicus.com,,1,unresolved,https://sfwmd.granicus.com,"S Fw, MD",s-fw-md-2024-12-12-february-2025-governing-board-meeting
granicus,sitka.granicus.com,,1,unresolved,https://sitka.granicus.com,City of Sitka,city-of-sitka-2021-09-14-city-and-borough-assembly-on-2021-09-14-6-00-pm
granicus,slco.granicus.com,,1,unresolved,https://slco.granicus.com,Subtitles County,subtitles-county-2022-10-25-county-council-on-2022-10-25-4-00-pm
granicus,smud.granicus.com,,1,unresolved,https://smud.granicus.com,Unknown Jurisdiction,unknown-jurisdiction-committee-strategic-development
granicus,sonomamarintrain.granicus.com,,1,unresolved,https://sonomamarintrain.granicus.com,Unknown Jurisdiction,unknown-jurisdiction-2024-01-17-board-of-directors
granicus,spokanevalley.granicus.com,,1,unresolved,https://spokanevalley.granicus.com,The City of Spokane Valley,the-city-of-spokane-valley-2026-07-07-council-meeting
granicus,stockton.granicus.com,,1,unresolved,https://stockton.granicus.com,City of Stockton,city-of-stockton-2025-07-30-city-council-and-concurrent-authorities
granicus,supremestateaz.granicus.com,,1,unresolved,https://supremestateaz.granicus.com,Arizona Supreme Court,arizona-supreme-court-2025-10-15-maywald-v-toyota
granicus,tahoecitypud.granicus.com,,1,unresolved,https://tahoecitypud.granicus.com,Unknown Jurisdiction,unknown-jurisdiction-board-of-directors-meeting-in-person-via-zoom
granicus,tlchouse.granicus.com,,1,unresolved,https://tlchouse.granicus.com,Unknown Jurisdiction,unknown-jurisdiction-civil-practices-feb-19th-2003
granicus,townsquaretv.granicus.com,,1,unresolved,https://townsquaretv.granicus.com,Northern Dakota County,northern-dakota-county-2025-05-07-west-st-paul-environmental-committee
granicus,utc-wa.granicus.com,,1,unresolved,https://utc-wa.granicus.com,Washington,washington-2022-12-22-utc-open-meeting-for-december-22-2022
granicus,villageofgreenport.granicus.com,,1,unresolved,https://villageofgreenport.granicus.com,Unknown Jurisdiction,unknown-jurisdiction-board-of-trustees-work-session-fh
granicus,westspringfieldma.granicus.com,,1,unresolved,https://westspringfieldma.granicus.com,Unknown Jurisdiction,unknown-jurisdiction-school-committee
granicus,winston-salem.granicus.com,,1,unresolved,https://winston-salem.granicus.com,City of Lees Summit,city-of-winston-salem-nc-2025-05-19-regular-meeting-of-the-winston-salem-city-co
granicus,wsscwater.granicus.com,,1,unresolved,https://wsscwater.granicus.com,Washington Suburban Sanitary Commission,washington-suburban-sanitary-commission-2026-02-18-wssc-water-commission-meeting
iqm2,baltimorecountymd.iqm2.com,,2,unresolved,https://baltimorecountymd.iqm2.com,"Baltimore County, MD",baltimore-county-md-2017-12-12-county-council-work-session
iqm2,mlgw.iqm2.com,,2,unresolved,https://mlgw.iqm2.com,MLGW,mlgw-2026-03-04-memphis-light-gas-water-division-board-meeting
iqm2,mncppc.iqm2.com,,2,unresolved,https://mncppc.iqm2.com,The Maryland-National Capital Park & Planning Commission,meeting-09cf11
iqm2,roanokecountyva.iqm2.com,,2,unresolved,https://roanokecountyva.iqm2.com,"Roanoke County, VA",roanoke-county-va-2022-12-13-board-of-supervisors-regular-meeting
iqm2,scag.iqm2.com,,2,unresolved,https://scag.iqm2.com,Southern California Association of Governments,southern-california-association-of-governments-2025-06-05-tc-transportation-comm
iqm2,sfwmd.iqm2.com,,2,unresolved,https://sfwmd.iqm2.com,South Florida Water Management District,south-florida-water-management-district-2016-03-10-governing-board-monthly-meeti
iqm2,syossetsdny.iqm2.com,,1,unresolved,https://syossetsdny.iqm2.com,Syosset School District,syosset-school-district-2020-11-16-board-of-education-monthly-meeting
townhallstreams,townhallstreams.com,,2,blank,https://townhallstreams.com,New Boston,2019-03-26-interupting-aging
unknown,discover.pbc.gov,,1,blank,https://discover.pbc.gov,,meeting-890af1
unknown,niagarafalls.civicweb.net,,1,unresolved,,City of Niagara Falls,
unknown,video.ibm.com,,1,blank,https://video.ibm.com,,08-18-2026-lafayette-consolidated-government-council-meeting
unknown,www.mediafire.com,,1,blank,https://www.mediafire.com,,03-24-26
unknown,www.openpublica.com,,1,unresolved,https://www.openpublica.com,Open Publica,open-publica-sacramento-county-california-board-of-supervisors-may-21-2025
vimeo,vimeo.com,,9,unresolved,https://vimeo.com,City of Lakeland|City of Plymouth|Covington|Hopkins|Jefferson Parish|Mason County|Peters Township|Salisbury|Town of Amherst,salisbury-2026-08-18-8-18-2026-city-council-meeting
youtube,youtu.be,,47,unresolved,https://youtu.be,City of Crestview|City of Hawarden|City of New Franklin|City of St. Marys|Farmersville|Jackson|Town of Hillsborough|Town of Woodside,jackson-2014-11-19-jackson-county-board-of-commissioners-november-18-2014-meetin
youtube,www.youtube.com,,38,blank,https://www.youtube.com,Alpine|City of Easton|City of Ventura|Clinton|County of Sussex|Fulton|Greenwich Community Television|Hamden Action NOW|Harrison|Hollywood|KSAT 12|Lebanon|Phoenix|Roosevelt|Westfield,meeting-27086b
youtube,youtube.com,,6,unresolved,https://youtube.com,Caledonia Township|City of Easton|City of Millersburg|Malvern Borough|Village of Northfield,city-of-millersburg-2026-05-07-budget-committee-meeting-2-may-6-2026
youtube,clerkshq.com,,5,unresolved,https://clerkshq.com,Cumberland Town Council|Pawtucket City Council|Scituate Town Council|South Kingstown School Committee|West Warwick Town Council,scituate-town-council-2026-01-08-jan-8-2026-town-council-meeting
youtube,bancroft.civicweb.net,,4,unresolved,https://bancroft.civicweb.net,Town of Bancroft,town-of-bancroft-2026-04-14-regular-meeting-of-council-14-apr-2026
youtube,coaldale.civicweb.net,,4,unresolved,https://coaldale.civicweb.net,Coaldale,coaldale-2026-02-24-special-council-meeting-24-feb-2026
youtube,cvrd.primegov.com,,4,blank,https://cvrd.primegov.com,City of Duncan Town|Duncan,2024-03-27-committee-of-the-whole-wednesday-march-27-2024
youtube,duncan.civicweb.net,,4,unresolved,https://duncan.civicweb.net,Duncan,duncan-2026-07-27-regular-council-27-jul-2026
youtube,mapleton.civicweb.net,,4,unresolved,https://mapleton.civicweb.net,Township of Mapleton,township-of-mapleton-2026-08-11-regular-council-meeting-11-aug-2026
youtube,princeton.civicweb.net,,4,unresolved,https://princeton.civicweb.net,Town of Princeton,town-of-princeton-2026-07-28-special-meeting-agenda-28-jul-2026
youtube,sidney.civicweb.net,,4,unresolved,https://sidney.civicweb.net,Town of Sidney,town-of-sidney-2026-06-02-advisory-planning-commission-02-jun-2026
youtube,brighton.civicweb.net,,3,unresolved,https://brighton.civicweb.net,Brighton,brighton-2026-08-28-special-council-meeting-28-aug-2026
youtube,ciwalkermi.civicweb.net,,3,unresolved,https://ciwalkermi.civicweb.net,City of Walker,city-of-walker-2026-08-12-zoning-board-of-appeals-12-aug-2026
youtube,lakeforest.primegov.com,,3,unresolved,https://lakeforest.primegov.com,"City of Lake Forest|City of Lake Forest""",city-of-lake-forest-2026-01-05-traffic-and-parking-commission-meeting-january-5
youtube,lethcounty.civicweb.net,,3,unresolved,https://lethcounty.civicweb.net,Lethbridge County,lethbridge-county-2025-11-28-budget-deliberations-28-nov-2025
youtube,mountainviewcounty.civicweb.net,,3,unresolved,https://mountainviewcounty.civicweb.net,Mountain View County,mountain-view-county-2026-03-12-special-council-public-hearing-12-mar-2026
youtube,nelson.civicweb.net,,3,unresolved,https://nelson.civicweb.net,City of Nelson,city-of-nelson-2026-08-18-regular-council-18-aug-2026
youtube,newtonkansas.civicweb.net,,3,unresolved,https://newtonkansas.civicweb.net,City of Newton,city-of-newton-2026-08-11-work-session-11-aug-2026
youtube,newtowntownship.civicweb.net,,3,unresolved,https://newtowntownship.civicweb.net,Township of Newtown,township-of-newtown-2026-08-18-board-of-supervisors-18-aug-2026
youtube,achdidaho.civicweb.net,,2,unresolved,https://achdidaho.civicweb.net,Ada County Highway District,ada-county-highway-district-2024-06-24-capital-investment-citizen-advisory-commi
youtube,farmington.civicweb.net,,2,unresolved,https://farmington.civicweb.net,City of Farmington,city-of-farmington-2026-08-12-planning-commission-aug-12-2026
youtube,hartford.civicweb.net,,2,unresolved,https://hartford.civicweb.net,City of Hartford,city-of-hartford-2021-10-12-city-council-oct-12-2021
youtube,phoenix.legistar.com,,2,unresolved,https://phoenix.legistar.com,City of Phoenix|Phoenix,city-of-phoenix-2026-07-01-city-council-formal-meeting
youtube,saratogasprings-ut.gov,,2,unresolved,https://saratogasprings-ut.gov,City of Saratoga Springs,city-of-saratoga-springs-2026-08-12-city-council-meeting-truth-in-taxation-08-11
youtube,townofryeny.civicweb.net,,2,unresolved,https://townofryeny.civicweb.net,"Rye (town), NY",town-of-rye-2026-07-21-rye-town-park-commission-21-jul-2026
youtube,waverly.civicweb.net,,2,unresolved,https://waverly.civicweb.net,City of Waverly,city-of-waverly-2026-08-17-city-council-aug-17-2026
youtube,williamsburg.civicweb.net,,2,unresolved,https://williamsburg.civicweb.net,City of Williamsburg,city-of-williamsburg-2026-01-08-city-council-jan-08-2026
youtube,www.sussex.nj.us,,2,unresolved,https://www.sussex.nj.us,County of Sussex,county-of-sussex-2026-05-13-may-13-2026-sussex-county-board-of-county-commission
youtube,agendamgmtprod.tarrantcountytx.gov,,1,blank,https://agendamgmtprod.tarrantcountytx.gov,,2025-08-19-tarrant-county-commissioners-court
youtube,albanycountywy.gov,,1,blank,https://albanycountywy.gov,,2026-08-12-albany-county-government-county-commissioners-regular-meeting-8-4-202
youtube,avonindiana.gov,,1,blank,https://avonindiana.gov,,2026-08-24-town-of-avon-indiana-plan-commission-meeting-august-24th-2026
youtube,bangormaine.gov,,1,unresolved,https://bangormaine.gov,City of Bangor,city-of-bangor-2026-07-28-advisory-committee-on-homelessness-7-28-26
youtube,bcnv.primegov.com,,1,blank,https://bcnv.primegov.com,,2026-05-20-may-20-2026-planning-commission-meeting
youtube,berlinmd.gov,,1,unresolved,https://berlinmd.gov,Town of Berlin,town-of-berlin-2026-08-25-8-24-26-regular-session-of-the-mayor-council
youtube,brookingscountysd.gov,,1,blank,https://brookingscountysd.gov,,2026-05-28-agenda-center
youtube,camarillo.primegov.com,,1,blank,https://camarillo.primegov.com,,2026-01-06-camarillo-planning-commission-1-06-2026
youtube,camdencountyga.gov,,1,blank,https://camdencountyga.gov,,2026-08-18-board-of-commissioners-regular-meeting-august-18-2026
youtube,carteretcountync.gov,,1,blank,https://carteretcountync.gov,,2026-08-17-board-of-commissioners-meeting-august-17th
youtube,cityofbelmont.civicweb.net,,1,unresolved,https://cityofbelmont.civicweb.net,City of Belmont,city-of-belmont-2024-06-03-2024-06-03-regular-city-council
youtube,cityofclintoniowa.civicweb.net,,1,unresolved,https://cityofclintoniowa.civicweb.net,City of Clinton,city-of-clinton-2026-08-25-regular-committee-of-the-whole-aug-25-2026
youtube,cityofevanston.civicweb.net,,1,unresolved,https://cityofevanston.civicweb.net,City of Evanston,city-of-evanston-2026-04-27-city-council-apr-27-2026
youtube,cityofmarion.civicweb.net,,1,unresolved,https://cityofmarion.civicweb.net,City of Marion,city-of-marion-2024-11-05-city-council-work-session-nov-05-2024
youtube,cityofpaloalto.primegov.com,,1,unresolved,https://cityofpaloalto.primegov.com,City of Palo Alto Amending Section,city-of-palo-alto-amending-section-2026-08-24-city-council-meeting-august-24-202
youtube,cityofrehoboth.civicweb.net,,1,unresolved,https://cityofrehoboth.civicweb.net,the City of Rehoboth Beach,the-city-of-rehoboth-beach-2026-06-23-rehoboth-beach-and-lewes-police-depts-and
youtube,cityofwayne.com,,1,unresolved,https://cityofwayne.com,City of Wayne,city-of-wayne-mi-2026-08-25-august-25-2026-city-of-wayne-study-session
youtube,clearwatercounty.civicweb.net,,1,unresolved,https://clearwatercounty.civicweb.net,Clearwater County,clearwater-county-2026-08-25-regular-council-meeting-25-aug-2026
youtube,cottagegroveor.gov,,1,unresolved,https://cottagegroveor.gov,City of Cottage Grove,city-of-cottage-grove-2026-02-05-january-8-2026-audit-committee-meeting
youtube,cvrdtest.primegov.com,,1,blank,https://cvrdtest.primegov.com,,2021-01-13-special-corporate-services-committee-wednesday-january-13-2021
youtube,dallascountyiowa.gov,,1,blank,https://dallascountyiowa.gov,,2026-09-01-september-1-2026-board-of-supervisors-regular-meeting
youtube,dearborn.gov,,1,unresolved,https://dearborn.gov,City of Dearborn,city-of-dearborn-2026-08-18-city-of-dearborn-city-council-meeting-august-18-2026
youtube,franklincountyva.gov,,1,blank,https://franklincountyva.gov,,2026-08-20-franklin-county-board-of-supervisors-work-session-8-20-2026
youtube,fremontne.gov,,1,unresolved,https://fremontne.gov,City of Fremont,city-of-fremont-2026-08-11-august-11-2026-regular-city-council-meeting
youtube,grandcountyutah.gov,,1,blank,https://grandcountyutah.gov,,2022-10-18-10-18-22-grand-county-commission-workshop-and-regular-meeting
youtube,gridleyca.gov,,1,unresolved,https://gridleyca.gov,City of Gridley,city-of-gridley-2026-06-26-2026-06-18-special-city-council-meeting
youtube,hilliardohio.civicweb.net,,1,unresolved,https://hilliardohio.civicweb.net,The City of Hilliard,the-city-of-hilliard-2026-07-13-committee-of-the-whole-jul-13-2026
youtube,hotspringsar.gov,,1,unresolved,https://hotspringsar.gov,"City of Hot Springs, Arkansas Government",city-of-hot-springs-arkansas-government-2026-08-18-8-18-26-board-of-directors-me
youtube,inportageparks.com,,1,unresolved,https://inportageparks.com,City of Portage,portage-in-2026-08-25-cop-board-of-works-mtg-08-25-26
youtube,jarpd.civicweb.net,,1,unresolved,https://jarpd.civicweb.net,Jurupa Area Recreation and Park District,jurupa-area-recreation-and-park-district-2026-07-23-board-of-directors-23-jul-20
youtube,kendallcountytx.gov,,1,unresolved,https://kendallcountytx.gov,Kendall County,kendall-county-2026-08-26-commissioners-court-august-25-2026
youtube,lagrangeil.gov,,1,blank,https://lagrangeil.gov,,2024-06-11-la-grange-village-board-meeting-6-10-24
youtube,lcpa.primegov.com,,1,blank,https://lcpa.primegov.com,,2026-01-15-joint-board-meeting-jan-15-2026
youtube,lincolnil.gov,,1,unresolved,https://lincolnil.gov,City of Lincoln,city-of-lincoln-2025-07-21-regular-city-council-meeting-july-21st-2025
youtube,longmont.primegov.com,,1,unresolved,https://longmont.primegov.com,City of Longmont For The Fiscal,city-of-longmont-for-the-fiscal-2026-01-13-city-council-regular-session-01-13-20
youtube,longviewtexas.gov,,1,unresolved,https://longviewtexas.gov,City of Longview,city-of-longview-2026-03-27-march-27-2026-longview-mpo-transportation-public-mee
youtube,mc-ala.civicweb.net,,1,unresolved,https://mc-ala.civicweb.net,Montgomery County,montgomery-county-2026-08-11-county-commission-information-session-aug-11-2026
youtube,millersburgoregon.gov,,1,unresolved,https://millersburgoregon.gov,City of Millersburg,city-of-millersburg-2026-04-24-budget-meeting-1-april-23-2026
youtube,monroecountyny.primegov.com,,1,blank,https://monroecountyny.primegov.com,,2026-08-25-08-25-26-human-services-committee-meeting
youtube,natronacounty-wy.gov,,1,blank,https://natronacounty-wy.gov,,2026-07-20-natrona-county-board-of-county-commissioners-july-20-2026
youtube,newcarlisleohio.gov,,1,unresolved,https://newcarlisleohio.gov,City of New Carlisle,city-of-new-carlisle-2026-08-18-council-meeting-august-17-2026
youtube,northsaanich.civicweb.net,,1,unresolved,https://northsaanich.civicweb.net,Meeting Portal,meeting-portal-2025-05-26-regular-meeting-of-council-26-may-2025
youtube,nr.civicweb.net,,1,unresolved,https://nr.civicweb.net,Northern Rockies Regional Municipality,northern-rockies-regional-municipality-2026-05-25-committee-of-the-whole-cotw-25
youtube,oakdalemn.gov,,1,unresolved,https://oakdalemn.gov,Oakdale,oakdale-2026-08-25-city-council-meeting-august-25-2026
youtube,openspaceauthority.primegov.com,,1,blank,https://openspaceauthority.primegov.com,,2026-01-08-26-01-board-of-directors-january-08-2026
youtube,pendercountync.civicweb.net,,1,blank,https://pendercountync.civicweb.net,,2024-08-19-board-of-county-commissioners-19-aug-2024
youtube,perth.civicweb.net,,1,unresolved,https://perth.civicweb.net,the Town of Perth,the-town-of-perth-2025-03-18-council-18-mar-2025
youtube,pickenscountyga.gov,,1,blank,https://pickenscountyga.gov,,2026-08-18-pickens-county-board-of-commissioners-august-17-2026
youtube,portagein.gov,,1,unresolved,https://portagein.gov,City of Portage,city-of-portage-2026-06-09-cop-board-of-works-mtg-06-09-26
youtube,prescottvalley.primegov.com,,1,blank,https://prescottvalley.primegov.com,,2026-01-08-archived-regular-town-council-meeting-thursday-january-8-2026
youtube,qathetrd.civicweb.net,,1,unresolved,https://qathetrd.civicweb.net,qathet Regional District,qathet-regional-district-2026-06-01-special-finance-committee-01-jun-2026
youtube,redcliff.civicweb.net,,1,unresolved,https://redcliff.civicweb.net,The Town of Redcliff,the-town-of-redcliff-2025-04-28-town-council-28-apr-2025
youtube,sacog.primegov.com,,1,blank,https://sacog.primegov.com,,2022-11-03-land-use-natural-resources-committee-11-3-22
youtube,sealbeach.primegov.com,,1,unresolved,https://sealbeach.primegov.com,"City of Sb""",city-of-sb-2026-01-12-city-council-meeting-january-12-2026
youtube,sgcityutah.gov,,1,unresolved,https://sgcityutah.gov,City of St. George,city-of-st-george-2026-08-20-st-george-city-council-august-20-2026
youtube,slrd.civicweb.net,,1,unresolved,https://slrd.civicweb.net,SLRD,slrd-2026-07-22-sea-to-sky-regional-hospital-district-board-22-jul-2026
youtube,sonomalibrary.civicweb.net,,1,unresolved,https://sonomalibrary.civicweb.net,Sonoma County Library,sonoma-county-library-2026-08-17-finance-committee-17-aug-2026
youtube,sublettecountywy.gov,,1,blank,https://sublettecountywy.gov,,2026-03-17-3-17-2026-sublette-county-board-of-county-commissioners-meeting
youtube,techsupport.primegov.com,,1,unresolved,https://techsupport.primegov.com,City of Houston,city-of-houston-2026-01-21-city-council-meeting-january-12-2026
youtube,umatilla.civicweb.net,,1,unresolved,https://umatilla.civicweb.net,City of Umatilla,city-of-umatilla-2026-08-25-planning-commission-meeting-aug-25-2026
youtube,utclermont.gov,,1,blank,https://utclermont.gov,,2026-08-11-union-township-board-of-trustees-meeting-august-11-2026-at-6-00-pm
youtube,veronawi.gov,,1,unresolved,https://veronawi.gov,City of Verona,city-of-verona-2026-08-03-plan-commission-08-03-2026
youtube,victorvilleca.primegov.com,,1,unresolved,https://victorvilleca.primegov.com,County of San Bernardino Comprehensive Treatment,county-of-san-bernardino-comprehensive-treatment-2026-01-08-city-council-special
youtube,walton.civicweb.net,,1,unresolved,https://walton.civicweb.net,Walton County,walton-county-2026-09-03-design-review-board-sep-03-2026
youtube,watertown.civicweb.net,,1,unresolved,https://watertown.civicweb.net,Watertown,watertown-2020-03-16-public-works-finance-safety-committee-mar-16-2020
youtube,waukee.gov,,1,blank,https://waukee.gov,,2026-08-19-waukee-city-council-meeting-august-17-2026
youtube,wcwd.civicweb.net,,1,unresolved,https://wcwd.civicweb.net,West County Wastewater,west-county-wastewater-2026-07-15-west-county-facilities-finance-authority-jul-1
youtube,websterny.gov,,1,unresolved,https://websterny.gov,Town of Webster,town-of-webster-2026-08-20-town-board-workshop-august-20-2026
youtube,westfieldnj.gov,,1,unresolved,https://westfieldnj.gov,Westfield,westfield-2026-01-14-tuesday-january-13-2026-town-of-westfield-council-meeting
youtube,woodburymn.gov,,1,unresolved,https://woodburymn.gov,Woodbury,woodbury-2026-06-29-woodbury-planning-commission-6-29-26
youtube,woodsideca.gov,,1,unresolved,https://woodsideca.gov,Town of Woodside,town-of-woodside-2026-07-29-town-council-meeting-july-28-2026
youtube,www.aberdeenwa.gov,,1,unresolved,https://www.aberdeenwa.gov,Aberdeen,aberdeen-2026-07-27-regular-aberdeen-city-council-meeting-07-22-2026
youtube,www.newcastlede.gov,,1,blank,https://www.newcastlede.gov,,2026-08-21-fire-ambulance-advisory-board-meeting-august-20-2026
youtube,www.richlandcenterwi.gov,,1,unresolved,https://www.richlandcenterwi.gov,Richland Center Wisconsin,richland-center-wisconsin-2026-08-13-richland-center-utility-commission-8-12-26
youtube,www.sulphurla.gov,,1,unresolved,https://www.sulphurla.gov,Sulphur,sulphur-la-2026-08-24-city-of-sulphur-special-council-meeting-live-stream-aug-24
youtube,www.voluntown.gov,,1,unresolved,https://www.voluntown.gov,"Town of Voluntown, CT- Government",town-of-voluntown-ct-government-2026-07-21-public-hearing-7-21
