input_set,gov_id,jurisdiction,tenant_host,platform,slug
archive,rtr:unknown:discover.pbc.gov,,discover.pbc.gov,unknown,meeting-890af1
archive,rtr:unknown:coppellisd.new.swagit.com,,coppellisd.new.swagit.com,swagit,sep-16-2024-board-workshop-coppell-independent-school-district
archive,rtr:unknown:pelhampublicschoolsny.new.swagit.com,,pelhampublicschoolsny.new.swagit.com,swagit,jan-08-2025-january-8-2025-business-meeting-pelham-public-schools
archive,rtr:unknown:bcnv.primegov.com,,bcnv.primegov.com,youtube,2026-05-20-may-20-2026-planning-commission-meeting
archive,rtr:unknown:cvrd.primegov.com,,cvrd.primegov.com,youtube,2024-03-27-committee-of-the-whole-wednesday-march-27-2024
archive,rtr:unknown:sacog.primegov.com,,sacog.primegov.com,youtube,2022-11-03-land-use-natural-resources-committee-11-3-22
archive,rtr:unknown:vod-eagan.cablecast.tv,,vod-eagan.cablecast.tv,cablecast,2026-04-24-access-to-democracy
archive,rtr:unknown:vod-framingham.cablecast.tv,,vod-framingham.cablecast.tv,cablecast,school-committee-6-17-26
archive,rtr:unknown:coppellisd.new.swagit.com,,coppellisd.new.swagit.com,swagit,sep-23-2024-board-workshop-coppell-independent-school-district
archive,rtr:unknown:edina-mn.cablecast.tv,,edina-mn.cablecast.tv,cablecast,2026-03-17-eden-prairie-music-dept-concert
archive,rtr:unknown:hamiltonwenham.cablecast.tv,,hamiltonwenham.cablecast.tv,cablecast,2026-08-17-hamilton-select-board-8-17-26
archive,rtr:unknown:pcc.cablecast.tv,,pcc.cablecast.tv,cablecast,2024-04-25-prge-community-impact
archive,rtr:unknown:wbrw.cablecast.tv,,wbrw.cablecast.tv,cablecast,2026-08-18-washington-township-zoning-board-of-appeals-aug-10th-2026
archive,rtr:unknown:northpenn.cablecast.tv,,northpenn.cablecast.tv,cablecast,2025-10-03-mornings-10-3-25
archive,rtr:unknown:bourne.cablecast.tv,,bourne.cablecast.tv,cablecast,2023-02-06-bourne-iswm-recycling-updates-february-8-2023
archive,rtr:unknown:mycommunityfocus.cablecast.tv,,mycommunityfocus.cablecast.tv,cablecast,2026-04-08-macedonia-mayor-s-report-april-may-2026
archive,rtr:unknown:cityofredlands.cablecast.tv,,cityofredlands.cablecast.tv,cablecast,2026-07-22-redlands-city-council-meeting-july-21-2026
archive,rtr:unknown:desplainesil.cablecast.tv,,desplainesil.cablecast.tv,cablecast,2026-08-03-city-council-meeting-8-3-2026
archive,rtr:unknown:desplainesil.cablecast.tv,,desplainesil.cablecast.tv,cablecast,2026-08-17-city-council-meeting-8-17-2026
archive,rtr:unknown:edina-mn.cablecast.tv,,edina-mn.cablecast.tv,cablecast,2026-06-03-june-2nd-2026-meeting-of-the-hopkins-school-board
archive,rtr:unknown:edina-mn.cablecast.tv,,edina-mn.cablecast.tv,cablecast,2026-06-24-june-23rd-2026-meeting-of-the-hopkins-school-board
archive,rtr:unknown:hamiltonwenham.cablecast.tv,,hamiltonwenham.cablecast.tv,cablecast,2026-08-17-hamilton-select-board-8-17-26-d061d5
archive,rtr:unknown:hamiltonwenham.cablecast.tv,,hamiltonwenham.cablecast.tv,cablecast,2026-08-18-hamilton-planning-board-8-18-26
archive,rtr:unknown:pcc.cablecast.tv,,pcc.cablecast.tv,cablecast,2024-04-25-elijah-jagne-student-profile
archive,rtr:unknown:pcc.cablecast.tv,,pcc.cablecast.tv,cablecast,2024-04-25-prge-community-impact-98a6c5
archive,rtr:unknown:wbrw.cablecast.tv,,wbrw.cablecast.tv,cablecast,2026-08-18-washington-township-zoning-board-of-appeals-aug-10th-2026-c28e4d
archive,rtr:unknown:camarillo.primegov.com,,camarillo.primegov.com,youtube,2026-01-06-camarillo-planning-commission-1-06-2026
archive,rtr:unknown:cvrdtest.primegov.com,,cvrdtest.primegov.com,youtube,2021-01-13-special-corporate-services-committee-wednesday-january-13-2021
archive,rtr:unknown:lcpa.primegov.com,,lcpa.primegov.com,youtube,2026-01-15-joint-board-meeting-jan-15-2026
archive,rtr:unknown:openspaceauthority.primegov.com,,openspaceauthority.primegov.com,youtube,2026-01-08-26-01-board-of-directors-january-08-2026
archive,rtr:unknown:prescottvalley.primegov.com,,prescottvalley.primegov.com,youtube,2026-01-08-archived-regular-town-council-meeting-thursday-january-8-2026
archive,rtr:unknown:agawamvod.cablecast.tv,,agawamvod.cablecast.tv,cablecast,2024-09-19-mayor-johnson-coffee-chat-september-18-2024
archive,rtr:unknown:buenapark.cablecast.tv,,buenapark.cablecast.tv,cablecast,2026-07-23-bp-planning-commission-july-22-2026
archive,rtr:unknown:buenapark.cablecast.tv,,buenapark.cablecast.tv,cablecast,2026-08-12-city-council-meeting-august-11-2026
archive,rtr:unknown:cctv-vod.cablecast.tv,,cctv-vod.cablecast.tv,cablecast,2025-01-27-chs-girls-hockey-vs-westwood-jan-22-2025
archive,rtr:unknown:chabot.cablecast.tv,,chabot.cablecast.tv,cablecast,2021-01-21-white-house-chronicle-the-challenges-facing-president-joe-biden-briti
archive,rtr:unknown:cityofbrea.cablecast.tv,,cityofbrea.cablecast.tv,cablecast,2026-07-22-july-21-2026-brea-city-council-meeting
archive,rtr:unknown:cityofbrea.cablecast.tv,,cityofbrea.cablecast.tv,cablecast,2026-08-18-august-18-2026-brea-city-council-meeting
archive,rtr:unknown:cityofredlands.cablecast.tv,,cityofredlands.cablecast.tv,cablecast,2026-07-07-city-council-july-7-2026
archive,rtr:unknown:dakotamediaaccess.cablecast.tv,,dakotamediaaccess.cablecast.tv,cablecast,2026-06-30-front-avenue-sound-sessions-ep-6-with-stephen-gefroh
archive,rtr:unknown:dakotamediaaccess.cablecast.tv,,dakotamediaaccess.cablecast.tv,cablecast,2026-06-30-front-avenue-sound-sessions-ep-7-with-chuck-suchy
archive,rtr:unknown:gastoncoschools.cablecast.tv,,gastoncoschools.cablecast.tv,cablecast,2026-06-16-board-of-education-good-news-and-classroom-moment-june-2026
archive,rtr:unknown:hometown.cablecast.tv,,hometown.cablecast.tv,cablecast,2022-04-13-westown-city-council-meeting
archive,rtr:unknown:hometown.cablecast.tv,,hometown.cablecast.tv,cablecast,2024-06-25-pittsfield-city-council-meeting-6-25-24
archive,rtr:unknown:kdol.cablecast.tv,,kdol.cablecast.tv,cablecast,ousd-office-of-equity-building-community-connection-and-belonging
archive,rtr:unknown:lamoineme.cablecast.tv,,lamoineme.cablecast.tv,cablecast,2026-08-12-conservation-commission-august-12-2026
archive,rtr:unknown:lamoineme.cablecast.tv,,lamoineme.cablecast.tv,cablecast,2026-08-12-planning-board-081226
archive,rtr:unknown:methuentv.cablecast.tv,,methuentv.cablecast.tv,cablecast,2025-10-17-elections-2025-school-committee-forum
archive,rtr:unknown:pgcps.cablecast.tv,,pgcps.cablecast.tv,cablecast,2024-09-06-newsbreak-school-house-justice
archive,rtr:unknown:pgcps.cablecast.tv,,pgcps.cablecast.tv,cablecast,2026-03-03-student-built-tinyhome
archive,rtr:unknown:portagemi.cablecast.tv,,portagemi.cablecast.tv,cablecast,2026-08-06-planning-commission-meeting-8-6-26
archive,rtr:unknown:portagemi.cablecast.tv,,portagemi.cablecast.tv,cablecast,2026-08-11-city-council-meeting-8-11-2026
archive,rtr:unknown:stcharles-mo.cablecast.tv,,stcharles-mo.cablecast.tv,cablecast,2026-08-17-landmarks-board-meeting-august-17-2026
archive,rtr:unknown:stcharles-mo.cablecast.tv,,stcharles-mo.cablecast.tv,cablecast,2026-08-18-city-council-regular-meeting-august-18-2026
archive,rtr:unknown:trojanvision.cablecast.tv,,trojanvision.cablecast.tv,cablecast,2026-05-08-spring-2026-commencement-session-1
archive,rtr:unknown:trojanvision.cablecast.tv,,trojanvision.cablecast.tv,cablecast,2026-05-08-spring-2026-commencement-session-2
archive,rtr:unknown:utvs.cablecast.tv,,utvs.cablecast.tv,cablecast,2026-07-01-utvs-zen-american-flag-america-250
archive,rtr:unknown:utvs.cablecast.tv,,utvs.cablecast.tv,cablecast,2026-08-05-herb-brooks-national-hockey-center-renovation-update-main-rink-concre
archive,rtr:unknown:vod-allencounty.cablecast.tv,,vod-allencounty.cablecast.tv,cablecast,2025-06-11-summit-city-singers-one-piano-four-hands-june-8th-2025
archive,rtr:unknown:wausau-wi.cablecast.tv,,wausau-wi.cablecast.tv,cablecast,2025-07-14-wausau-school-board-meeting-7-14-25
archive,rtr:unknown:westernhills.cablecast.tv,,westernhills.cablecast.tv,cablecast,andover-summer-concert-series-07-11-2025-barney-martin-1
archive,rtr:unknown:wilson-co-schools.cablecast.tv,,wilson-co-schools.cablecast.tv,cablecast,2025-03-23-new-rep-dante-pittman-committee-appointments
archive,rtr:unknown:wilson-co-schools.cablecast.tv,,wilson-co-schools.cablecast.tv,cablecast,2025-03-27-rep-dante-pittman-committee-appointments-movie-new
archive,rtr:unknown:wmcf.cablecast.tv,,wmcf.cablecast.tv,cablecast,2026-08-18-plan-commission-8-18-26
archive,rtr:unknown:wmcf.cablecast.tv,,wmcf.cablecast.tv,cablecast,2026-08-19-senior-outreach-services-committee-8-19-26
archive,rtr:unknown:yourtown.cablecast.tv,,yourtown.cablecast.tv,cablecast,2022-04-13-westown-city-council-meeting-dbc5c8
archive,rtr:unknown:yourtown.cablecast.tv,,yourtown.cablecast.tv,cablecast,2024-06-25-pittsfield-city-council-meeting-6-25-24-a2a056
archive,rtr:unknown:betv-bensenville.cablecast.tv,,betv-bensenville.cablecast.tv,cablecast,2025-12-16-vob-board-meeting-12-16-2025
archive,rtr:unknown:capitoltvri.cablecast.tv,,capitoltvri.cablecast.tv,cablecast,2026-07-29-inspector-general-independent-advisory-commission-7-29-2026
archive,rtr:unknown:capitoltvri.cablecast.tv,,capitoltvri.cablecast.tv,cablecast,2026-08-10-permanent-legislative-commission-on-child-care-in-rhode-island-8-11-2
archive,rtr:unknown:carync.cablecast.tv,,carync.cablecast.tv,cablecast,2026-07-24-cary-council-meeting-july-23-2026
archive,rtr:unknown:carync.cablecast.tv,,carync.cablecast.tv,cablecast,2026-07-16-cary-council-emergency-meeting-july-16-2026
archive,rtr:unknown:cerritos.cablecast.tv,,cerritos.cablecast.tv,cablecast,2026-08-18-senior-services-commission-special-meeting-august-18-2026
archive,rtr:unknown:cerritos.cablecast.tv,,cerritos.cablecast.tv,cablecast,2026-05-14-city-council-meeting-july-27-2026
archive,rtr:unknown:charlescountymd.cablecast.tv,,charlescountymd.cablecast.tv,cablecast,2026-08-17-planning-commission-august-17-2026
archive,rtr:unknown:charlescountymd.cablecast.tv,,charlescountymd.cablecast.tv,cablecast,2026-08-18-animal-matters-hearing-board-august-18-2026
archive,rtr:unknown:gnat.cablecast.tv,,gnat.cablecast.tv,cablecast,2025-07-09-video-announcement-good-trouble-lives-on-protest
archive,rtr:unknown:ictv.cablecast.tv,,ictv.cablecast.tv,cablecast,2023-11-20-laprairie-city-council-11-20-2023
archive,rtr:unknown:marintv.cablecast.tv,,marintv.cablecast.tv,cablecast,the-bible-study
archive,rtr:unknown:marthasvineyard.cablecast.tv,,marthasvineyard.cablecast.tv,cablecast,2025-10-09-tisbury-sb-10-7-25
archive,rtr:unknown:metvweb.cablecast.tv,,metvweb.cablecast.tv,cablecast,2025-08-06-2025-pace-center-for-girls-graduation-ceremony
archive,rtr:unknown:northbrunswicktv.cablecast.tv,,northbrunswicktv.cablecast.tv,cablecast,2025-04-17-township-council-meeting-4-21-2025
archive,rtr:unknown:reflect-sttammany.cablecast.tv,,reflect-sttammany.cablecast.tv,cablecast,2026-08-06-st-tammany-parish-zoning-meeting-august-4-2026
archive,rtr:unknown:reflect-sttammany.cablecast.tv,,reflect-sttammany.cablecast.tv,cablecast,2026-08-12-st-tammany-parish-planning-meeting-august-11-2026
archive,rtr:unknown:sapatv.cablecast.tv,,sapatv.cablecast.tv,cablecast,2023-08-07-veterans-stories-paul-batchelder-7-7-23
archive,rtr:unknown:verdevalleytv.cablecast.tv,,verdevalleytv.cablecast.tv,cablecast,2022-12-12-steam-episode-7-fish-s-garden
archive,rtr:unknown:vsctv.cablecast.tv,,vsctv.cablecast.tv,cablecast,2022-06-28-talk-of-the-town-engineering
archive,rtr:unknown:fsusga.portal.civicclerk.com,,fsusga.portal.civicclerk.com,civicclerk,2025-02-25-sga-election-executive-branch-debate
archive,rtr:unknown:macombtwpmi.portal.civicclerk.com,,macombtwpmi.portal.civicclerk.com,civicclerk,2025-06-03-planning-commission
archive,rtr:unknown:alamoareampo.new.swagit.com,,alamoareampo.new.swagit.com,swagit,may-21-2018-transportation-policy-board-alamo-area-metropolitan-planning-organiz
archive,rtr:unknown:battlegroundps.new.swagit.com,,battlegroundps.new.swagit.com,swagit,dec-08-2025-board-of-directors
archive,rtr:unknown:hgac.new.swagit.com,,hgac.new.swagit.com,swagit,oct-01-2019-local-project-sponsor-workshop-houston-galveston-area-council
archive,rtr:unknown:mobilityauthority.new.swagit.com,,mobilityauthority.new.swagit.com,swagit,sep-07-2016-board-of-directors-central-texas-regional-mobility-authority
archive,rtr:unknown:nctcog.new.swagit.com,,nctcog.new.swagit.com,swagit,jun-27-2019-white-house-opportunity-zones-and-revitalization-council-roundtable
archive,rtr:unknown:pelhampublicschoolsny.new.swagit.com,,pelhampublicschoolsny.new.swagit.com,swagit,sep-04-2018-september-4-2018-regular-meeting-pelham-public-schools
archive,rtr:unknown:scgtv.new.swagit.com,,scgtv.new.swagit.com,swagit,may-08-2019-oral-arguments
archive,rtr:unknown:siouxcityschools.new.swagit.com,,siouxcityschools.new.swagit.com,swagit,jan-24-2022-special-board-meeting-sioux-city-community-school-district
archive,rtr:unknown:wpcommunitymedia.new.swagit.com,,wpcommunitymedia.new.swagit.com,swagit,nov-14-2018-new-hope-in-the-lord-jerry-antomattei-white-plains-community-media
archive,rtr:unknown:alamedausdca.new.swagit.com,,alamedausdca.new.swagit.com,swagit,jun-27-2023-school-board-meeting-alameda-unified-school-district
archive,rtr:unknown:brevardpublicschools.new.swagit.com,,brevardpublicschools.new.swagit.com,swagit,jan-20-2026-board-workshop-brevard-public-schools
archive,rtr:unknown:traviscad.new.swagit.com,,traviscad.new.swagit.com,swagit,nov-06-2023-board-of-directors-meeting-travis-central-appraisal-district-25c543
archive,rtr:unknown:www.youtube.com,,www.youtube.com,youtube,meeting-27086b
archive,rtr:unknown:www.youtube.com,,www.youtube.com,youtube,meeting-012b48
archive,rtr:unknown:agendamgmtprod.tarrantcountytx.gov,,agendamgmtprod.tarrantcountytx.gov,youtube,2025-08-19-tarrant-county-commissioners-court
archive,rtr:unknown:champaign-cablecast.cablecast.tv,,champaign-cablecast.cablecast.tv,cablecast,2026-08-18-champaign-city-council-8-18-26
archive,rtr:unknown:public.destinyhosted.com,,public.destinyhosted.com,swagit,aug-17-2026-school-board-mankato-area-public-schools
archive,rtr:unknown:lenaweecomi.portal.civicclerk.com,,lenaweecomi.portal.civicclerk.com,civicclerk,2024-06-11-personnel-ways-means-committee-meeting
archive,rtr:unknown:townhallstreams.com,,townhallstreams.com,townhallstreams,2019-03-26-interupting-aging
archive,rtr:unknown:hcpsstv.new.swagit.com,,hcpsstv.new.swagit.com,swagit,jul-14-2016-board-of-education-regular-meeting-pt-2-3-consent-agenda-thru-8-adjo
archive,rtr:unknown:www.mediafire.com,,www.mediafire.com,unknown,03-24-26
archive,rtr:unknown:dd7.new.swagit.com,,dd7.new.swagit.com,swagit,aug-05-2025-regular-commissioner-meeting-jefferson-county-drainage-district-no-7
archive,rtr:unknown:www.youtube.com,,www.youtube.com,youtube,meeting-02c3ee
archive,rtr:unknown:desotoisdtx.new.swagit.com,,desotoisdtx.new.swagit.com,swagit,feb-23-2026-board-meetings-desoto-isd
archive,rtr:unknown:floodauthorityeast.new.swagit.com,,floodauthorityeast.new.swagit.com,swagit,aug-21-2025-board-meeting-flood-protection-authority-east
archive,rtr:unknown:galvestonparkboardtx.new.swagit.com,,galvestonparkboardtx.new.swagit.com,swagit,apr-28-2026-board-of-trustees-galveston-park-board-of-trustees
archive,rtr:unknown:greenburghpublicaccess.new.swagit.com,,greenburghpublicaccess.new.swagit.com,swagit,feb-19-2025-the-african-diaspora-experience-biff-henderson-greenburgh-public-acc
archive,rtr:unknown:video.ibm.com,,video.ibm.com,unknown,08-18-2026-lafayette-consolidated-government-council-meeting
archive,rtr:unknown:cloud.castus.tv,,cloud.castus.tv,castus,board-of-trustees-meeting-06-22-26
archive,rtr:unknown:www.youtube.com,,www.youtube.com,youtube,meeting-d69543
archive,rtr:unknown:www.youtube.com,,www.youtube.com,youtube,meeting-489d76
archive,rtr:unknown:lasvirgenesmwd.new.swagit.com,,lasvirgenesmwd.new.swagit.com,swagit,feb-18-2025-las-virgenes-mwd-board-meeting-las-virgenes-municipal-water-district
archive,rtr:unknown:lenaweecomi.portal.civicclerk.com,,lenaweecomi.portal.civicclerk.com,civicclerk,2024-09-10-personnel-ways-means-committee-meeting
archive,rtr:unknown:videoplayer.telvue.com,,videoplayer.telvue.com,telvue,city-council-3-5-24
archive,rtr:unknown:videoplayer.telvue.com,,videoplayer.telvue.com,telvue,selectboard-mtg-6-16-26
archive,rtr:unknown:lonestargcd.new.swagit.com,,lonestargcd.new.swagit.com,swagit,sep-18-2025-open-forum-for-public-water-suppliers-lone-star-groundwater-conserva
archive,rtr:unknown:southorangetwpnj.portal.civicclerk.com,,southorangetwpnj.portal.civicclerk.com,civicclerk,2026-08-20-historic-preservation-commission-regular-meeting
archive,rtr:unknown:www.youtube.com,,www.youtube.com,youtube,meeting
archive,rtr:unknown:mankatoaps.new.swagit.com,,mankatoaps.new.swagit.com,swagit,jan-23-2024-school-board-mankato-area-public-schools
archive,rtr:unknown:videoplayer.telvue.com,,videoplayer.telvue.com,telvue,chanty-jong-presents-surviving-the-killing-fields-chanty-jong-presents-surviving
archive,rtr:unknown:videoplayer.telvue.com,,videoplayer.telvue.com,telvue,20180517-src-meeting
archive,rtr:unknown:videoplayer.telvue.com,,videoplayer.telvue.com,telvue,reeling-the-movie-review-show-886-1080p
archive,rtr:unknown:videoplayer.telvue.com,,videoplayer.telvue.com,telvue,all-stories-matter-katey-and-chris-why-we-love-performing-the-civic-and-life
archive,rtr:unknown:videoplayer.telvue.com,,videoplayer.telvue.com,telvue,2023-06-19-board-of-education-regular-meeting
archive,rtr:unknown:videoplayer.telvue.com,,videoplayer.telvue.com,telvue,december-5-2023-town-of-saugerties-public-hearings
archive,rtr:unknown:videoplayer.telvue.com,,videoplayer.telvue.com,telvue,nov-14-2024-work-session-1-fy-2026-2035-capital-improvement-program-cip-budget
archive,rtr:unknown:videoplayer.telvue.com,,videoplayer.telvue.com,telvue,township-council-mtg-8-8-23
archive,rtr:unknown:videoplayer.telvue.com,,videoplayer.telvue.com,telvue,dda-meeting-of-6-26-24
archive,rtr:unknown:videoplayer.telvue.com,,videoplayer.telvue.com,telvue,proposals-for-sale-of-commercial-land-tsakalos-realty-trust-interview
archive,rtr:unknown:videoplayer.telvue.com,,videoplayer.telvue.com,telvue,committee-meetings
archive,rtr:unknown:videoplayer.telvue.com,,videoplayer.telvue.com,telvue,pacconcert21124
archive,rtr:unknown:videoplayer.telvue.com,,videoplayer.telvue.com,telvue,black-sci-fi-tv-05
archive,rtr:unknown:videoplayer.telvue.com,,videoplayer.telvue.com,telvue,school-board-meeting-meeting-of-05-13-25
archive,rtr:unknown:videoplayer.telvue.com,,videoplayer.telvue.com,telvue,township-committee-02-26-2024-part-1
archive,rtr:unknown:videoplayer.telvue.com,,videoplayer.telvue.com,telvue,lion-s-pride-guests-amy-smith-nate-zucco-ashley-antoine-maura-ricardi
archive,rtr:unknown:videoplayer.telvue.com,,videoplayer.telvue.com,telvue,class-of-52-reunion-77
archive,rtr:unknown:videoplayer.telvue.com,,videoplayer.telvue.com,telvue,first-ward-community-resource-mtg-february-2026
archive,rtr:unknown:videoplayer.telvue.com,,videoplayer.telvue.com,telvue,county-administrator-reporrt-feb-2026
archive,rtr:unknown:videoplayer.telvue.com,,videoplayer.telvue.com,telvue,2026-01-27-board-of-trustees
archive,rtr:unknown:videoplayer.telvue.com,,videoplayer.telvue.com,telvue,school-view-24-george-washington-carver-week-2016
archive,rtr:unknown:videoplayer.telvue.com,,videoplayer.telvue.com,telvue,girls-volleyball-vs-newton-north-tigers
archive,rtr:unknown:videoplayer.telvue.com,,videoplayer.telvue.com,telvue,music-mayhem-game-show
archive,rtr:unknown:videoplayer.telvue.com,,videoplayer.telvue.com,telvue,school-committee-meeting-6-16-26
archive,rtr:unknown:videoplayer.telvue.com,,videoplayer.telvue.com,telvue,authentic-business-adventures
archive,rtr:unknown:videoplayer.telvue.com,,videoplayer.telvue.com,telvue,garfield-county-sheriff-candidate-forum-hosted-by-the-crv-chamber-at-the-ute-jun
archive,rtr:unknown:videoplayer.telvue.com,,videoplayer.telvue.com,telvue,the-best-of-mt-shasta-with-andr-e-morgana-episode-1-ayelet-segal-2-16-2020
archive,rtr:unknown:videoplayer.telvue.com,,videoplayer.telvue.com,telvue,theater-time-tenfest-2026
archive,rtr:unknown:videoplayer.telvue.com,,videoplayer.telvue.com,telvue,3-21-23-tech-school-committee-meeting
archive,rtr:unknown:videoplayer.telvue.com,,videoplayer.telvue.com,telvue,inclusion-from-the-mayflower-to-2020
archive,rtr:unknown:videoplayer.telvue.com,,videoplayer.telvue.com,telvue,gerald-f-deconto-by-erin-hurley
archive,rtr:unknown:mckinneyisdtx.new.swagit.com,,mckinneyisdtx.new.swagit.com,swagit,may-18-2026-school-board-meeting-mckinney-independent-school-district
archive,rtr:unknown:champaign.cablecast.tv,,champaign.cablecast.tv,cablecast,2026-08-24-board-of-fire-and-police-commissioners-8-24-26
archive,rtr:unknown:videoplayer.telvue.com,,videoplayer.telvue.com,telvue,select-board-08-10-26
archive,rtr:unknown:videoplayer.telvue.com,,videoplayer.telvue.com,telvue,planning-board-8-19-2026
archive,rtr:unknown:videoplayer.telvue.com,,videoplayer.telvue.com,telvue,fps-school-committee-meeting-07-15-26
archive,rtr:unknown:videoplayer.telvue.com,,videoplayer.telvue.com,telvue,board-of-supervisors-8-21-26
archive,rtr:unknown:videoplayer.telvue.com,,videoplayer.telvue.com,telvue,2026-06-15-town-council
archive,rtr:unknown:videoplayer.telvue.com,,videoplayer.telvue.com,telvue,select-board
archive,rtr:unknown:videoplayer.telvue.com,,videoplayer.telvue.com,telvue,2026-08-19-school-committee
archive,rtr:unknown:videoplayer.telvue.com,,videoplayer.telvue.com,telvue,let-s-talk-business-jessica-ponyrko
archive,rtr:unknown:videoplayer.telvue.com,,videoplayer.telvue.com,telvue,eye-on-piscataway-august-2026
archive,rtr:unknown:videoplayer.telvue.com,,videoplayer.telvue.com,telvue,2020-10-19-berkley-school-board-meeting
archive,rtr:unknown:videoplayer.telvue.com,,videoplayer.telvue.com,telvue,planning-board-08-27-26
archive,rtr:unknown:videoplayer.telvue.com,,videoplayer.telvue.com,telvue,2023-06-13-brooks-crossing-spring-concert
archive,rtr:unknown:norfolkpublicschools.new.swagit.com,,norfolkpublicschools.new.swagit.com,swagit,feb-04-2022-school-board-retreat-norfolk-public-schools
archive,rtr:unknown:ntmwd.new.swagit.com,,ntmwd.new.swagit.com,swagit,aug-13-2025-legislative-committee-meeting-north-texas-municipal-water-district
archive,rtr:unknown:videoplayer.telvue.com,,videoplayer.telvue.com,telvue,town-council-08-04-26
archive,rtr:unknown:videoplayer.telvue.com,,videoplayer.telvue.com,telvue,monday-august-24-2026
archive,rtr:unknown:videoplayer.telvue.com,,videoplayer.telvue.com,telvue,2026-08-24-city-commission
archive,rtr:unknown:videoplayer.telvue.com,,videoplayer.telvue.com,telvue,summit-planning-board-meeting-august-17-2026
archive,rtr:unknown:videoplayer.telvue.com,,videoplayer.telvue.com,telvue,2026-08-25-city-council-meeting
archive,rtr:unknown:rockwallisdtx.new.swagit.com,,rockwallisdtx.new.swagit.com,swagit,sep-16-2024-board-of-trustees-rockwall-isd
archive,rtr:unknown:videoplayer.telvue.com,,videoplayer.telvue.com,telvue,town-council-08-04-26-bdc5fc
archive,rtr:unknown:tabc.new.swagit.com,,tabc.new.swagit.com,swagit,jan-20-2026-regular-commission-meeting-texas-alcoholic-beverage-commission
archive,rtr:unknown:tdhca.new.swagit.com,,tdhca.new.swagit.com,swagit,nov-07-2024-board-meeting-texas-department-of-housing-and-community-affairs
archive,rtr:unknown:texashhsc.new.swagit.com,,texashhsc.new.swagit.com,swagit,may-18-2023-state-medicaid-managed-care-advisory-committee-texas-health-and-huma
archive,rtr:unknown:triunfo.new.swagit.com,,triunfo.new.swagit.com,swagit,jun-25-2018-tsd-board-meeting-triunfo-water-sanitation-district
archive,rtr:unknown:trwd.new.swagit.com,,trwd.new.swagit.com,swagit,jan-20-2026-board-meeting-tarrant-regional-water-district
archive,rtr:unknown:txdot.new.swagit.com,,txdot.new.swagit.com,swagit,apr-30-2026-texas-transportation-commission-meetings-texas-department-of-transpo
archive,rtr:unknown:youtu.be,,youtu.be,youtube,meeting-bc0fbc
archive,rtr:unknown:www.youtube.com,,www.youtube.com,youtube,2025-12-02-2025-12-02-board-of-architectural-review
archive,rtr:unknown:youtu.be,,youtu.be,youtube,2026-08-12-august-4-2026-board-of-commissioners-meeting-town-of-north-wilkesboro
archive,rtr:unknown:www.youtube.com,,www.youtube.com,youtube,2026-07-13-sykesville-town-council-meeting-7-13-2026
archive,rtr:unknown:youtu.be,,youtu.be,youtube,2026-06-12-easthampton-9-11-tribute-committee-6-1-26
archive,rtr:unknown:www.youtube.com,,www.youtube.com,youtube,2026-08-05-fostoria-city-council-8-4-26
archive,rtr:unknown:youtu.be,,youtu.be,youtube,2026-07-16-july-15-2026-p-z-commission-meeting-training-session
archive,rtr:unknown:youtu.be,,youtu.be,youtube,meeting-51fab1
archive,rtr:unknown:youtu.be,,youtu.be,youtube,2022-06-07-06-06-22-crest-city-hill-city-council-meeting
archive,rtr:unknown:woodlandscvb.new.swagit.com,,woodlandscvb.new.swagit.com,swagit,mar-18-2020-visit-the-woodlands-special-board-meeting-the-woodlands-convention-a
archive,rtr:unknown:www.youtube.com,,www.youtube.com,youtube,meeting-265416
archive,rtr:unknown:www.youtube.com,,www.youtube.com,youtube,2024-07-22-special-city-council-committee-meeting-july-22-2024
archive,rtr:unknown:www.youtube.com,,www.youtube.com,youtube,2024-02-15-special-city-council-committee-meeting-february-15-2024
archive,rtr:unknown:www.youtube.com,,www.youtube.com,youtube,2023-02-16-10-quick-after-effects-techniques-i-love
archive,rtr:unknown:www.youtube.com,,www.youtube.com,youtube,2022-09-15-5-best-ways-to-use-blur-creatively-in-after-effects
archive,rtr:unknown:www.youtube.com,,www.youtube.com,youtube,2022-03-21-transworld-2022-halloween-attractions-trade-show-scary-animatronics-m
archive,rtr:unknown:youtu.be,,youtu.be,youtube,2026-04-17-village-of-riverside-board-of-trustees-regular-meeting-04-16-26
archive,rtr:unknown:www.youtube.com,,www.youtube.com,youtube,2026-01-28-january-27-2026-riverbank-city-council-meetings
archive,rtr:unknown:www.youtube.com,,www.youtube.com,youtube,2026-06-08-gettysburg-borough-council-meeting-06-08-2026
archive,rtr:unknown:www.youtube.com,,www.youtube.com,youtube,meeting-afbb0d
archive,rtr:unknown:tecumseh-pub.escribemeetings.com,,tecumseh-pub.escribemeetings.com,escribe,2026-08-19-special-council-meeting
archive,rtr:unknown:dakotamediaaccess.cablecast.tv,,dakotamediaaccess.cablecast.tv,cablecast,2026-06-30-front-avenue-sound-sessions-ep-7-with-chuck-suchy-49786a
archive,rtr:unknown:gastoncoschools.cablecast.tv,,gastoncoschools.cablecast.tv,cablecast,2026-08-05-back-to-school-convocation-2026
archive,rtr:unknown:jpschools.cablecast.tv,,jpschools.cablecast.tv,cablecast,2024-10-08-we-choose-amanda-kihnemann
archive,rtr:unknown:www.youtube.com,,www.youtube.com,youtube,meeting-5bee7a
archive,rtr:unknown:www.newcastlede.gov,,www.newcastlede.gov,youtube,2026-08-21-fire-ambulance-advisory-board-meeting-august-20-2026
archive,rtr:unknown:camdencountyga.gov,,camdencountyga.gov,youtube,2026-08-18-board-of-commissioners-regular-meeting-august-18-2026
archive,rtr:unknown:pickenscountyga.gov,,pickenscountyga.gov,youtube,2026-08-18-pickens-county-board-of-commissioners-august-17-2026
archive,rtr:unknown:lagrangeil.gov,,lagrangeil.gov,youtube,2024-06-11-la-grange-village-board-meeting-6-10-24
archive,rtr:unknown:avonindiana.gov,,avonindiana.gov,youtube,2026-08-24-town-of-avon-indiana-plan-commission-meeting-august-24th-2026
archive,rtr:unknown:dallascountyiowa.gov,,dallascountyiowa.gov,youtube,2026-09-01-september-1-2026-board-of-supervisors-regular-meeting
archive,rtr:unknown:waukee.gov,,waukee.gov,youtube,2026-08-19-waukee-city-council-meeting-august-17-2026
archive,rtr:unknown:carteretcountync.gov,,carteretcountync.gov,youtube,2026-08-17-board-of-commissioners-meeting-august-17th
archive,rtr:unknown:utclermont.gov,,utclermont.gov,youtube,2026-08-11-union-township-board-of-trustees-meeting-august-11-2026-at-6-00-pm
archive,rtr:unknown:brookingscountysd.gov,,brookingscountysd.gov,youtube,2026-05-28-agenda-center
archive,rtr:unknown:grandcountyutah.gov,,grandcountyutah.gov,youtube,2022-10-18-10-18-22-grand-county-commission-workshop-and-regular-meeting
archive,rtr:unknown:franklincountyva.gov,,franklincountyva.gov,youtube,2026-08-20-franklin-county-board-of-supervisors-work-session-8-20-2026
archive,rtr:unknown:albanycountywy.gov,,albanycountywy.gov,youtube,2026-08-12-albany-county-government-county-commissioners-regular-meeting-8-4-202
archive,rtr:unknown:natronacounty-wy.gov,,natronacounty-wy.gov,youtube,2026-07-20-natrona-county-board-of-county-commissioners-july-20-2026
archive,rtr:unknown:sublettecountywy.gov,,sublettecountywy.gov,youtube,2026-03-17-3-17-2026-sublette-county-board-of-county-commissioners-meeting
archive,rtr:unknown:pendercountync.civicweb.net,,pendercountync.civicweb.net,youtube,2024-08-19-board-of-county-commissioners-19-aug-2024
archive,rtr:unknown:monroecountyny.primegov.com,,monroecountyny.primegov.com,youtube,2026-08-25-08-25-26-human-services-committee-meeting
archive,rtr:unknown:sttammany.cablecast.tv,,sttammany.cablecast.tv,cablecast,2026-08-28-twila
archive,rtr:unknown:methuentv.cablecast.tv,,methuentv.cablecast.tv,cablecast,2026-08-11-aki-hablamos-espanol-august-2026
archive,rtr:unknown:pgcps.cablecast.tv,,pgcps.cablecast.tv,cablecast,2026-03-03-student-built-tinyhome-7c70cf
archive,rtr:unknown:stcharles-mo.cablecast.tv,,stcharles-mo.cablecast.tv,cablecast,2026-08-04-city-council-regular-meeting-august-04-2026
archive,rtr:unknown:trojanvision.cablecast.tv,,trojanvision.cablecast.tv,cablecast,2026-07-24-2026-summer-commencement
archive,rtr:unknown:utvs.cablecast.tv,,utvs.cablecast.tv,cablecast,2026-04-16-husky-mag-april-16-2026
archive,rtr:unknown:wilson-co-schools.cablecast.tv,,wilson-co-schools.cablecast.tv,cablecast,2026-03-18-fike-basketball-with-coach-lofton-movie
archive,rtr:unknown:wmcf.cablecast.tv,,wmcf.cablecast.tv,cablecast,2026-08-17-public-informational-meeting-william-mcfarland-arnold-larson-park-pla
