platform,tenant_host,match,pages,stored_names,example_slug,landing_url,swagit_footer,proposed_name,proposed_gov_id,proposed_evidence,ryan_gov_name,ryan_note
escribe,pub-amherst.escribemeetings.com,,3,Amherst|Town of Amherst,town-of-amherst-2025-03-04-audit-committee,https://pub-amherst.escribemeetings.com,,,,,,
escribe,pub-creston.escribemeetings.com,,3,Town of Creston,creston-2025-10-14-council-meeting,https://pub-creston.escribemeetings.com,,,,,,
escribe,pub-hamilton.escribemeetings.com,,3,City of Hamilton,city-of-hamilton-2024-12-16-community-benefits-protocol-sub-committee,https://pub-hamilton.escribemeetings.com,,,,,,
escribe,pub-clearview.escribemeetings.com,,2,Township of Clearview,clearview-2026-08-26-special-council-meeting-planning-public-meeting,https://pub-clearview.escribemeetings.com,,,,,,
escribe,pub-leeds1000islands.escribemeetings.com,,2,Leeds1000Islands,leeds1000islands-2025-12-01-committee-of-the-whole-meeting,https://pub-leeds1000islands.escribemeetings.com,,,,,,
escribe,pub-norfolkcounty.escribemeetings.com,,2,Norfolk County,norfolkcounty-2026-01-27-consent-items-council,https://pub-norfolkcounty.escribemeetings.com,,,,,,
escribe,pub-northbay.escribemeetings.com,,2,North Bay|North Bay By,north-bay-by-2026-01-27-council-meeting,https://pub-northbay.escribemeetings.com,,,,,,
escribe,pub-ottawa.escribemeetings.com,,2,City of Ottawa|Ottawa,city-of-ottawa-2026-09-02-planning-and-housing-committee,https://pub-ottawa.escribemeetings.com,,,,,,
escribe,pub-porthope.escribemeetings.com,,2,Port Hope,port-hope-2026-08-25-community-advisory-committee-cac,https://pub-porthope.escribemeetings.com,,,,,,
escribe,pub-salinecounty.escribemeetings.com,,2,Saline County,salinecounty-2026-01-20-board-of-county-commissioners,https://pub-salinecounty.escribemeetings.com,,,,,,
escribe,pub-sd57.escribemeetings.com,,2,Sd57,sd57-2026-04-14-regular-open,https://pub-sd57.escribemeetings.com,,,,,,
escribe,pub-vermilion.escribemeetings.com,,2,Vermilion,vermilion-2026-08-18-regular-council-meeting,https://pub-vermilion.escribemeetings.com,,,,,,
escribe,pub-vernon.escribemeetings.com,,2,City of Vernon,city-of-vernon-2026-07-20-public-hearing,https://pub-vernon.escribemeetings.com,,,,,,
escribe,pub-wilmot.escribemeetings.com,,2,Wilmot,wilmot-2026-08-24-council-meeting,https://pub-wilmot.escribemeetings.com,,,,,,
escribe,pub-chester.escribemeetings.com,,1,Chester,chester-2026-07-23-policy-strategy,https://pub-chester.escribemeetings.com,,,,,,
escribe,pub-cofs.escribemeetings.com,,1,Cofs,cofs-2023-12-12-regular-council-meeting,https://pub-cofs.escribemeetings.com,,,,,,
escribe,pub-cvrd.escribemeetings.com,,1,Cvr D,cvrd-2026-07-08-2026-cowichan-valley-regional-district-climate-projections-commi,https://pub-cvrd.escribemeetings.com,,,,,,
escribe,pub-fairfield.escribemeetings.com,,1,Fairfield,fairfield,https://pub-fairfield.escribemeetings.com,,,,,,
escribe,pub-king.escribemeetings.com,,1,King,king-2026-08-19-committee-of-adjustment,https://pub-king.escribemeetings.com,,,,,,
escribe,pub-leduc-county.escribemeetings.com,,1,Leduc County,leduc-county-2024-04-09-council-meeting,https://pub-leduc-county.escribemeetings.com,,,,,,
escribe,pub-llbc.escribemeetings.com,,1,Llbc,llbc-2025-07-22-cold-mix-township-road-660a-and-range-road-134-regular-council-m,https://pub-llbc.escribemeetings.com,,,,,,
escribe,pub-northcowichan.escribemeetings.com,,1,,2026-09-02-council-regular,https://pub-northcowichan.escribemeetings.com,,"North Cowichan, BC",ca:csd:5919008,"hostname ""pub-northcowichan.escribemeetings.com"" -> ""Northcowichan""",,
escribe,pub-notl.escribemeetings.com,,1,Notl,notl-2026-01-27-council-meeting,https://pub-notl.escribemeetings.com,,,,,,
escribe,pub-oneinvestmentprogram.escribemeetings.com,,1,Oneinvestmentprogram,oneinvestmentprogram-2024-11-15-joint-investment-board-special-meeting,https://pub-oneinvestmentprogram.escribemeetings.com,,,,,,
escribe,pub-prescott.escribemeetings.com,,1,Prescott,prescott-2024-10-07-council-agenda,https://pub-prescott.escribemeetings.com,,,,,,
escribe,pub-rmwb.escribemeetings.com,,1,Rmwb,rmwb-2026-01-13-council-meeting,https://pub-rmwb.escribemeetings.com,,,,,,
escribe,pub-stratford.escribemeetings.com,,1,Stratford Ad,stratford-ad-2024-09-16-ad-hoc-grand-trunk-renewal-committee,https://pub-stratford.escribemeetings.com,,,,,,
escribe,pub-townofws.escribemeetings.com,,1,Townofws,townofws-2025-06-04-council-meeting,https://pub-townofws.escribemeetings.com,,,,,,
escribe,pub-twpec.escribemeetings.com,,1,Twpec,twpec-2025-11-03-committee-of-the-whole-community-development,https://pub-twpec.escribemeetings.com,,,,,,
escribe,pub-whiterockcity.escribemeetings.com,,1,City of White Rock,city-of-white-rock-2023-07-10-regular-council-meeting,https://pub-whiterockcity.escribemeetings.com,,,,,,
cablecast,dakotamediaaccess.cablecast.tv,,3,,2026-06-30-front-avenue-sound-sessions-ep-6-with-stephen-gefroh,https://dakotamediaaccess.cablecast.tv,,,,,,
cablecast,edina-mn.cablecast.tv,,3,,2026-03-17-eden-prairie-music-dept-concert,https://edina-mn.cablecast.tv,,"Edina, MN",us:place:2718188,"hostname ""edina-mn.cablecast.tv"" -> ""Edina, MN""",,
cablecast,hamiltonwenham.cablecast.tv,,3,,2026-08-17-hamilton-select-board-8-17-26,https://hamiltonwenham.cablecast.tv,,,,,,
cablecast,pcc.cablecast.tv,,3,,2024-04-25-prge-community-impact,https://pcc.cablecast.tv,,,,,,
cablecast,stcharles-mo.cablecast.tv,,3,,2026-08-17-landmarks-board-meeting-august-17-2026,https://stcharles-mo.cablecast.tv,,"St. Charles, MO",us:place:2964082,"hostname ""stcharles-mo.cablecast.tv"" -> ""Stcharles, MO""",,
cablecast,trojanvision.cablecast.tv,,3,,2026-05-08-spring-2026-commencement-session-1,https://trojanvision.cablecast.tv,,,,,,
cablecast,utvs.cablecast.tv,,3,,2026-07-01-utvs-zen-american-flag-america-250,https://utvs.cablecast.tv,,,,,,
cablecast,wilson-co-schools.cablecast.tv,,3,,2025-03-23-new-rep-dante-pittman-committee-appointments,https://wilson-co-schools.cablecast.tv,,,,,,
cablecast,capitoltvri.cablecast.tv,,2,,2026-07-29-inspector-general-independent-advisory-commission-7-29-2026,https://capitoltvri.cablecast.tv,,,,,,
cablecast,gastoncoschools.cablecast.tv,,2,,2026-06-16-board-of-education-good-news-and-classroom-moment-june-2026,https://gastoncoschools.cablecast.tv,,,,,,
cablecast,hometown.cablecast.tv,,2,,2022-04-13-westown-city-council-meeting,https://hometown.cablecast.tv,,"Hometown, IL",us:place:1735866,"hostname ""hometown.cablecast.tv"" -> ""Hometown""",,
cablecast,lamoineme.cablecast.tv,,2,,2026-08-12-conservation-commission-august-12-2026,https://lamoineme.cablecast.tv,,"Lamoine, ME",us:cousub:2300938180,"hostname ""lamoineme.cablecast.tv"" -> ""Lamoine, ME""",,
cablecast,methuentv.cablecast.tv,,2,,2025-10-17-elections-2025-school-committee-forum,https://methuentv.cablecast.tv,,,,,,
cablecast,reflect-sttammany.cablecast.tv,,2,,2026-08-06-st-tammany-parish-zoning-meeting-august-4-2026,https://reflect-sttammany.cablecast.tv,,,,,,
cablecast,wbrw.cablecast.tv,,2,,2026-08-18-washington-township-zoning-board-of-appeals-aug-10th-2026,https://wbrw.cablecast.tv,,,,,,
cablecast,wmcf.cablecast.tv,,2,,2026-08-18-plan-commission-8-18-26,https://wmcf.cablecast.tv,,,,,,
cablecast,yourtown.cablecast.tv,,2,,2022-04-13-westown-city-council-meeting-dbc5c8,https://yourtown.cablecast.tv,,,,,,
cablecast,agawamvod.cablecast.tv,,1,,2024-09-19-mayor-johnson-coffee-chat-september-18-2024,https://agawamvod.cablecast.tv,,,,,,
cablecast,betv-bensenville.cablecast.tv,,1,,2025-12-16-vob-board-meeting-12-16-2025,https://betv-bensenville.cablecast.tv,,,,,,
cablecast,bourne.cablecast.tv,,1,,2023-02-06-bourne-iswm-recycling-updates-february-8-2023,https://bourne.cablecast.tv,,"Bourne, MA",us:cousub:2500107175,"hostname ""bourne.cablecast.tv"" -> ""Bourne""",,
cablecast,cctv-vod.cablecast.tv,,1,,2025-01-27-chs-girls-hockey-vs-westwood-jan-22-2025,https://cctv-vod.cablecast.tv,,,,,,
cablecast,chabot.cablecast.tv,,1,,2021-01-21-white-house-chronicle-the-challenges-facing-president-joe-biden-briti,https://chabot.cablecast.tv,,,,,,
cablecast,champaign-cablecast.cablecast.tv,,1,,2026-08-18-champaign-city-council-8-18-26,https://champaign-cablecast.cablecast.tv,,"Champaign (city), IL",us:place:1712385,"hostname ""champaign-cablecast.cablecast.tv"" -> ""Champaign""",,
cablecast,cityofsantee.cablecast.tv,,1,Santee,santee-2025-05-19-brews-and-bites-2025-supports,https://cityofsantee.cablecast.tv,,,,,,
cablecast,gnat.cablecast.tv,,1,,2025-07-09-video-announcement-good-trouble-lives-on-protest,https://gnat.cablecast.tv,,,,,,
cablecast,ictv.cablecast.tv,,1,,2023-11-20-laprairie-city-council-11-20-2023,https://ictv.cablecast.tv,,,,,,
cablecast,jpschools.cablecast.tv,,1,,2024-10-08-we-choose-amanda-kihnemann,https://jpschools.cablecast.tv,,,,,,
cablecast,kdol.cablecast.tv,,1,,ousd-office-of-equity-building-community-connection-and-belonging,https://kdol.cablecast.tv,,,,,,
cablecast,lakecounty.legistar.com,,1,Lake County Illinois,lake-county-illinois-2026-04-03-technology-committee-april-3-2026,https://lakecounty.legistar.com,,,,,,
cablecast,marintv.cablecast.tv,,1,,the-bible-study,https://marintv.cablecast.tv,,,,,,
cablecast,marthasvineyard.cablecast.tv,,1,,2025-10-09-tisbury-sb-10-7-25,https://marthasvineyard.cablecast.tv,,,,,,
cablecast,metvweb.cablecast.tv,,1,,2025-08-06-2025-pace-center-for-girls-graduation-ceremony,https://metvweb.cablecast.tv,,,,,,
cablecast,mycommunityfocus.cablecast.tv,,1,,2026-04-08-macedonia-mayor-s-report-april-may-2026,https://mycommunityfocus.cablecast.tv,,,,,,
cablecast,northbrunswicktv.cablecast.tv,,1,,2025-04-17-township-council-meeting-4-21-2025,https://northbrunswicktv.cablecast.tv,,,,,,
cablecast,northpenn.cablecast.tv,,1,,2025-10-03-mornings-10-3-25,https://northpenn.cablecast.tv,,,,,,
cablecast,reflect-brunswick-me.cablecast.tv,,1,Town of Brunswick,town-of-brunswick-2021-12-15-brunswick-recreation-commission-12-15-21,https://reflect-brunswick-me.cablecast.tv,,"Brunswick, ME",us:cousub:2300508430,"hostname ""reflect-brunswick-me.cablecast.tv"" -> ""Brunswick, ME""",,
cablecast,reflect-charlescountymd.cablecast.tv,,1,,2025-04-29-board-of-county-commissioners-april-29-2025-morning-session,https://reflect-charlescountymd.cablecast.tv,,"Charles County, MD",us:county:24017,"hostname ""reflect-charlescountymd.cablecast.tv"" -> ""Charlescounty, MD""",,
cablecast,reflect-cityofalbertlea.cablecast.tv,,1,,2025-12-08-city-council-meeting-12-8-25,https://reflect-cityofalbertlea.cablecast.tv,,"Albert Lea (city), MN",us:place:2700694,"hostname ""reflect-cityofalbertlea.cablecast.tv"" -> ""Albertlea""",,
cablecast,reflect-cityofloveland-co.cablecast.tv,,1,City of Loveland,city-of-loveland-city-council-meeting-november-12-2024,https://reflect-cityofloveland-co.cablecast.tv,,"Loveland, CO",us:place:0846465,"hostname ""reflect-cityofloveland-co.cablecast.tv"" -> ""Loveland, CO""",,
cablecast,reflect-ctsbtv.cablecast.tv,,1,,2026-05-04-lenox-candidates-forum-presented-by-the-league-of-women-voters-may-4,https://reflect-ctsbtv.cablecast.tv,,,,,,
cablecast,reflect-fayetteville-ar.cablecast.tv,,1,,2024-07-18-long-range-planning-committee-7-18-2024,https://reflect-fayetteville-ar.cablecast.tv,,"Fayetteville, AR",us:place:0523290,"hostname ""reflect-fayetteville-ar.cablecast.tv"" -> ""Fayetteville, AR""",,
cablecast,reflect-gnat.cablecast.tv,,1,,2024-08-27-manchester-vicious-dog-hearing-08-27-24,https://reflect-gnat.cablecast.tv,,,,,,
cablecast,reflect-harbor-media.cablecast.tv,,1,,2020-07-30-hingham-water-transition-evaluation-committee-07-29-2020,https://reflect-harbor-media.cablecast.tv,,,,,,
cablecast,reflect-mctv-midland-mi.cablecast.tv,,1,,2021-07-20-zoning-board-of-appeals-7-20-21,https://reflect-mctv-midland-mi.cablecast.tv,,,,,,
cablecast,reflect-pomona.cablecast.tv,,1,City of Pomona,city-of-pomona-pomona-city-council-meeting-09-19-2022,https://reflect-pomona.cablecast.tv,,,,,,
cablecast,reflect-savagetv-cityofsavage.cablecast.tv,,1,,2022-03-24-planning-commission-3-24-22,https://reflect-savagetv-cityofsavage.cablecast.tv,,,,,,
cablecast,reflect-thegrotonchannel.cablecast.tv,,1,,2025-05-23-groton-select-board-5-23-25-via-internet-conference,https://reflect-thegrotonchannel.cablecast.tv,,,,,,
cablecast,reflect-townofmerrimack.cablecast.tv,,1,,2026-08-10-conservation-commission-august-10-2026,https://reflect-townofmerrimack.cablecast.tv,,"Merrimack County, NH",us:county:33013,"hostname ""reflect-townofmerrimack.cablecast.tv"" -> ""Merrimack""",,
cablecast,reflect-vod-bedfordtv.cablecast.tv,,1,,2022-06-09-water-sewer-advisory-committee-meeting-thursday-june-9-2022,https://reflect-vod-bedfordtv.cablecast.tv,,,,,,
cablecast,reflect-vod-cityoftybee.cablecast.tv,,1,,2021-10-04-tybee-city-council-candidate-forum-10-4-2021,https://reflect-vod-cityoftybee.cablecast.tv,,,,,,
cablecast,reflect-vsctv.cablecast.tv,,1,,2020-06-11-haddam-board-of-finance-june-11-2020,https://reflect-vsctv.cablecast.tv,,,,,,
cablecast,salem.cablecast.tv,,1,Salem,salem-2025-08-09-salembration-historical-narration-of-american-revolution-vetera,https://salem.cablecast.tv,,,,,,
cablecast,sapatv.cablecast.tv,,1,,2023-08-07-veterans-stories-paul-batchelder-7-7-23,https://sapatv.cablecast.tv,,,,,,
cablecast,sttammany.cablecast.tv,,1,,2026-08-28-twila,https://sttammany.cablecast.tv,,,,,,
cablecast,thurston.cablecast.tv,,1,Thurston,lwv-primary-forum-2022-dist-22-pos-2,https://thurston.cablecast.tv,,,,,,
cablecast,vod-allencounty.cablecast.tv,,1,,2025-06-11-summit-city-singers-one-piano-four-hands-june-8th-2025,https://vod-allencounty.cablecast.tv,,,,,,
cablecast,vod-eagan.cablecast.tv,,1,,2026-04-24-access-to-democracy,https://vod-eagan.cablecast.tv,,"Eagan, MN",us:place:2717288,"hostname ""vod-eagan.cablecast.tv"" -> ""Eagan""",,
cablecast,vod-framingham.cablecast.tv,,1,,school-committee-6-17-26,https://vod-framingham.cablecast.tv,,"Framingham, MA",us:place:2524960,"hostname ""vod-framingham.cablecast.tv"" -> ""Framingham""",,
cablecast,vsctv.cablecast.tv,,1,,2022-06-28-talk-of-the-town-engineering,https://vsctv.cablecast.tv,,,,,,
cablecast,westernhills.cablecast.tv,,1,,andover-summer-concert-series-07-11-2025-barney-martin-1,https://westernhills.cablecast.tv,,,,,,
swagit,coppellisd.new.swagit.com,,2,,sep-16-2024-board-workshop-coppell-independent-school-district,https://coppellisd.new.swagit.com,Coppell Independent School District,"Coppell Independent School District, TX",us:sd:4815210,"swagit footer reads ""Coppell Independent School District"" -> ""Coppell Independent School District""",,
swagit,dd7.new.swagit.com,,2,,aug-05-2025-regular-commissioner-meeting-jefferson-county-drainage-district-no-7,https://dd7.new.swagit.com,Jefferson County Drainage District No. 7,,,,,
swagit,floodauthorityeast.new.swagit.com,,2,,aug-21-2025-board-meeting-flood-protection-authority-east,https://floodauthorityeast.new.swagit.com,Flood Protection Authority East,,,,,
swagit,hcpsstv.new.swagit.com,,2,,jul-14-2016-board-of-education-regular-meeting-pt-2-3-consent-agenda-thru-8-adjo,https://hcpsstv.new.swagit.com,Howard County Public Schools,"Howard County Public Schools, MD",us:sd:2400420,"swagit footer reads ""Howard County Public Schools"" -> ""Howard County Public Schools""",,
swagit,lasvirgenesmwd.new.swagit.com,,2,,feb-18-2025-las-virgenes-mwd-board-meeting-las-virgenes-municipal-water-district,https://lasvirgenesmwd.new.swagit.com,Las Virgenes Municipal Water District,,,,,
swagit,pelhampublicschoolsny.new.swagit.com,,2,,jan-08-2025-january-8-2025-business-meeting-pelham-public-schools,https://pelhampublicschoolsny.new.swagit.com,Pelham Public Schools,,,,,
swagit,alamedausdca.new.swagit.com,,1,,jun-27-2023-school-board-meeting-alameda-unified-school-district,https://alamedausdca.new.swagit.com,Alameda Unified School District,,,,,
swagit,alamoareampo.new.swagit.com,,1,,may-21-2018-transportation-policy-board-alamo-area-metropolitan-planning-organiz,https://alamoareampo.new.swagit.com,Alamo Area Metropolitan Planning Organization,,,,,
swagit,brevardpublicschools.new.swagit.com,,1,,jan-20-2026-board-workshop-brevard-public-schools,https://brevardpublicschools.new.swagit.com,Brevard Public Schools,,,,,
swagit,desotoisdtx.new.swagit.com,,1,,feb-23-2026-board-meetings-desoto-isd,https://desotoisdtx.new.swagit.com,DeSoto ISD,,,,,
swagit,galvestonparkboardtx.new.swagit.com,,1,,apr-28-2026-board-of-trustees-galveston-park-board-of-trustees,https://galvestonparkboardtx.new.swagit.com,Galveston Park Board of Trustees,,,,,
swagit,greenburghpublicaccess.new.swagit.com,,1,,feb-19-2025-the-african-diaspora-experience-biff-henderson-greenburgh-public-acc,https://greenburghpublicaccess.new.swagit.com,Greenburgh Public Access TV,,,,,
swagit,hgac.new.swagit.com,,1,,oct-01-2019-local-project-sponsor-workshop-houston-galveston-area-council,https://hgac.new.swagit.com,Houston-Galveston Area Council,,,,,
swagit,lmctvny.new.swagit.com,,1,"TV, NY",tv-ny-2026-01-26-jan-26-2026-village-of-mamaroneck-board-of-trustees-legislative,https://lmctvny.new.swagit.com,"LMC-TV, NY","Mamaroneck (village), NY",us:place:3644831,"slug ""tv-ny-2026-01-26-jan-26-2026-village-of-mamaroneck-board-of-trustees-legislative"" (2 pages) -> ""Village Of Mamaroneck, NY""",,
swagit,lonestargcd.new.swagit.com,,1,,sep-18-2025-open-forum-for-public-water-suppliers-lone-star-groundwater-conserva,https://lonestargcd.new.swagit.com,Lone Star Groundwater Conservation,,,,,
swagit,mankatoaps.new.swagit.com,,1,,jan-23-2024-school-board-mankato-area-public-schools,https://mankatoaps.new.swagit.com,Mankato Area Public Schools,,,,,
swagit,mckinneyisdtx.new.swagit.com,,1,,may-18-2026-school-board-meeting-mckinney-independent-school-district,https://mckinneyisdtx.new.swagit.com,McKinney Independent School District,"McKinney Independent School District, TX",us:sd:4829850,"swagit footer reads ""McKinney Independent School District"" -> ""McKinney Independent School District""",,
swagit,mobilityauthority.new.swagit.com,,1,,sep-07-2016-board-of-directors-central-texas-regional-mobility-authority,https://mobilityauthority.new.swagit.com,Central Texas Regional Mobility Authority,,,,,
swagit,nassaucountysd.new.swagit.com,,1,Nassau County,nassau-county-dec-14-2017-december-14-2017-the-school-board-of-nassau-county-flo,https://nassaucountysd.new.swagit.com,Nassau County School District,"Nassau County School District, FL",us:sd:1201350,"swagit footer reads ""Nassau County School District"" -> ""Nassau County School District""",,
swagit,nctcog.new.swagit.com,,1,,jun-27-2019-white-house-opportunity-zones-and-revitalization-council-roundtable,https://nctcog.new.swagit.com,North Central Texas Council of Governments,,,,,
swagit,norfolkpublicschools.new.swagit.com,,1,,feb-04-2022-school-board-retreat-norfolk-public-schools,https://norfolkpublicschools.new.swagit.com,Norfolk Public Schools,"Norfolk Public Schools, NE",us:sd:3174430,"swagit footer reads ""Norfolk Public Schools"" -> ""Norfolk Public Schools""",,
swagit,ntmwd.new.swagit.com,,1,,aug-13-2025-legislative-committee-meeting-north-texas-municipal-water-district,https://ntmwd.new.swagit.com,North Texas Municipal Water District,,,,,
swagit,public.destinyhosted.com,,1,,aug-17-2026-school-board-mankato-area-public-schools,https://public.destinyhosted.com,,,,,,
swagit,rockwallisdtx.new.swagit.com,,1,,sep-16-2024-board-of-trustees-rockwall-isd,https://rockwallisdtx.new.swagit.com,Rockwall ISD,,,,,
swagit,scgtv.new.swagit.com,,1,,may-08-2019-oral-arguments,https://scgtv.new.swagit.com,,,,,,
swagit,tabc.new.swagit.com,,1,,jan-20-2026-regular-commission-meeting-texas-alcoholic-beverage-commission,https://tabc.new.swagit.com,Texas Alcoholic Beverage Commission,,,,,
swagit,tdhca.new.swagit.com,,1,,nov-07-2024-board-meeting-texas-department-of-housing-and-community-affairs,https://tdhca.new.swagit.com,Texas Department of Housing and Community Affairs,,,,,
swagit,texashhsc.new.swagit.com,,1,,may-18-2023-state-medicaid-managed-care-advisory-committee-texas-health-and-huma,https://texashhsc.new.swagit.com,Texas Health and Human Services Commission,,,,,
swagit,traviscad.new.swagit.com,,1,,nov-06-2023-board-of-directors-meeting-travis-central-appraisal-district-25c543,https://traviscad.new.swagit.com,Travis Central Appraisal District,,,,,
swagit,triunfo.new.swagit.com,,1,,jun-25-2018-tsd-board-meeting-triunfo-water-sanitation-district,https://triunfo.new.swagit.com,Triunfo Water & Sanitation District,,,,,
swagit,trwd.new.swagit.com,,1,,jan-20-2026-board-meeting-tarrant-regional-water-district,https://trwd.new.swagit.com,Tarrant Regional Water District,,,,,
swagit,txdot.new.swagit.com,,1,,apr-30-2026-texas-transportation-commission-meetings-texas-department-of-transpo,https://txdot.new.swagit.com,Texas Department of Transportation,,,,,
swagit,woodlandscvb.new.swagit.com,,1,,mar-18-2020-visit-the-woodlands-special-board-meeting-the-woodlands-convention-a,https://woodlandscvb.new.swagit.com,The Woodlands Convention and Visitors Bureau,,,,,
swagit,wpcommunitymedia.new.swagit.com,,1,,nov-14-2018-new-hope-in-the-lord-jerry-antomattei-white-plains-community-media,https://wpcommunitymedia.new.swagit.com,White Plains Community Media,,,,,
telvue,u.peg.tv,,2,Ashland,august-19-2025-ashland-city-council,https://u.peg.tv,,,,"shared host, no channel/token identified -- nothing here names one government",,skip
youtube,clerkshq.com,,5,Cumberland Town Council|Pawtucket City Council|Scituate Town Council|South Kingstown School Committee|West Warwick Town Council,scituate-town-council-2026-01-08-jan-8-2026-town-council-meeting,https://clerkshq.com,,,,,,skip
youtube,youtu.be,@boxeldercountyut,4,"Box Elder County, UT",box-elder-county-ut-2026-04-23-04-22-2026-box-elder-county-commission-meeting,https://www.youtube.com/@boxeldercountyut,,,,"YouTube channel @boxeldercountyut is ""Box Elder County"" -> ""Box Elder County""",skip,"pinned in WO-237 (2026-09-11) to us:county:49003 Box Elder County, UT; every archived video on this channel got a per-video pin -- do not re-resolve. Ryan 2026-09-11 (WO-237 drip sheet round): channel name says the government and its type"
youtube,www.youtube.com,@tooelecity,3,"Tooele, UT",tooele-ut-2026-08-20-public-hearing-regarding-truth-in-taxation-during-city-coun,https://www.youtube.com/@tooelecity,,,,"YouTube channel @tooelecity is ""Tooele City"" -> ""Tooele City""",skip,"pinned in WO-237 (2026-09-11) to us:place:4976680 Tooele, UT; every archived video on this channel got a per-video pin -- do not re-resolve. Ryan 2026-09-11 (WO-237 drip sheet round): channel name says the government and its type"
youtube,youtube.com,,3,"Pittsfield town, NH|Springdale",2026-08-31-ottawa-county-kansas-commission-mtg-08-31-2026,https://youtube.com,,,,"shared host, no channel/token identified -- nothing here names one government",,skip
youtube,cialbionmius.civicweb.net,,2,City of Albion,city-of-albion-2023-03-20-city-council-regular-meeting-20-mar-2023,https://cialbionmius.civicweb.net,,,,,,
youtube,walton.civicweb.net,,2,Walton County,walton-county-2026-09-03-design-review-board-sep-03-2026,https://walton.civicweb.net,,,,,,
youtube,www.youtube.com,,2,Hollywood|Paynesville,hollywood-2026-07-20-town-of-hollywood-sc-live-stream,https://www.youtube.com,,,,"shared host, no channel/token identified -- nothing here names one government",,skip - no match criteria or channel name
youtube,youtu.be,,2,,2026-08-17-14-city-council-meeting-august-10-2026,https://youtu.be,,,,"shared host, no channel/token identified -- nothing here names one government",,
youtube,youtube.com,@GrandCountyUtahGovernment,2,,2026-08-27-commission-meeting-workshop-with-mtab-27-aug-2026,https://www.youtube.com/@GrandCountyUtahGovernment,,,,,skip,"pinned in WO-237 (2026-09-11) to us:county:49019 Grand County, UT; every archived video on this channel got a per-video pin -- do not re-resolve. Ryan 2026-09-11 (WO-237 drip sheet round): channel name says the government and its type"
youtube,agendamgmtprod.tarrantcountytx.gov,,1,,2025-08-19-tarrant-county-commissioners-court,https://agendamgmtprod.tarrantcountytx.gov,,"Tarrant County, TX",us:county:48439,"hostname ""agendamgmtprod.tarrantcountytx.gov"" -> ""Tarrantcounty, TX""",,
youtube,albanycountywy.gov,,1,,2026-08-12-albany-county-government-county-commissioners-regular-meeting-8-4-202,https://albanycountywy.gov,,"Albany County, WY",us:county:56001,"hostname ""albanycountywy.gov"" -> ""Albanycounty, WY""",,
youtube,avonindiana.gov,,1,,2026-08-24-town-of-avon-indiana-plan-commission-meeting-august-24th-2026,https://avonindiana.gov,,"Avon, IN",us:place:1802908,"slug ""2026-08-24-town-of-avon-indiana-plan-commission-meeting-august-24th-2026"" (2 pages) -> ""Town Of Avon, IN""",,
youtube,boonton.org,,1,"Town of Boonton, USA",2026-05-18-agenda-center,https://boonton.org,,"Boonton (town), NJ",us:place:3406610,"hostname ""boonton.org"" -> ""Boonton""",,
youtube,camdencountyga.gov,,1,,2026-08-18-board-of-commissioners-regular-meeting-august-18-2026,https://camdencountyga.gov,,"Camden County, GA",us:county:13039,"hostname ""camdencountyga.gov"" -> ""Camdencounty, GA""",,
youtube,cityofcharlestown.com,,1,,2026-09-04-advisory-plan-commission-meeting-aug-10-2026,https://cityofcharlestown.com,,,,,,
youtube,cityofhawarden.com,,1,City of Hawarden,city-of-hawarden-2025-12-11-hawarden-city-council-meeting-december-10-2025,https://cityofhawarden.com,,,,,,
youtube,cityofspringtown.civicweb.net,,1,Spring Town,spring-town-2026-08-18-comprehensive-plan-advisory-committee-aug-18-2026,https://cityofspringtown.civicweb.net,,,,,,
youtube,clark.wa.gov,,1,Clark County,clark-county-wa-board-of-equalization,https://clark.wa.gov,,,,,,
youtube,columbus.legistar.com,,1,City of Columbus,city-of-columbus-2026-08-24-columbus-city-council,https://columbus.legistar.com,,,,,,
youtube,cvrdtest.primegov.com,,1,,2021-01-13-special-corporate-services-committee-wednesday-january-13-2021,https://cvrdtest.primegov.com,,,,,,
youtube,franklincountyva.gov,,1,,2026-08-20-franklin-county-board-of-supervisors-work-session-8-20-2026,https://franklincountyva.gov,,"Franklin County, VA",us:county:51067,"hostname ""franklincountyva.gov"" -> ""Franklincounty, VA""",,
youtube,grandcountyutah.gov,,1,,2022-10-18-10-18-22-grand-county-commission-workshop-and-regular-meeting,https://grandcountyutah.gov,,,,,,
youtube,henrycountyva.gov,,1,"Henry County, VA",henry-va-2026-08-26-henry-county-board-of-supervisors-august-25-2026,https://henrycountyva.gov,,"Henry County, VA",us:county:51089,"hostname ""henrycountyva.gov"" -> ""Henrycounty, VA""",,
youtube,hilliardohio.civicweb.net,,1,The City of Hilliard,the-city-of-hilliard-2026-07-13-committee-of-the-whole-jul-13-2026,https://hilliardohio.civicweb.net,,,,,,
youtube,jarpd.civicweb.net,,1,Jurupa Area Recreation and Park District,jurupa-area-recreation-and-park-district-2026-07-23-board-of-directors-23-jul-20,https://jarpd.civicweb.net,,,,,,
youtube,lagrangeil.gov,,1,,2024-06-11-la-grange-village-board-meeting-6-10-24,https://lagrangeil.gov,,"Lagrange Township, IL",us:cousub:1700540741,"hostname ""lagrangeil.gov"" -> ""Lagrange, IL""",,
youtube,lcpa.primegov.com,,1,,2026-01-15-joint-board-meeting-jan-15-2026,https://lcpa.primegov.com,,,,,,
youtube,mc-ala.civicweb.net,,1,Montgomery County,montgomery-county-2026-08-11-county-commission-information-session-aug-11-2026,https://mc-ala.civicweb.net,,,,,,
youtube,mi-caledoniachartertownship.civicplus.com,,1,"Caledonia township, MI",caledonia-charter-township-mi-2026-08-17-caledonia-township-planning-commission,https://mi-caledoniachartertownship.civicplus.com,,"Caledonia (charter township), MI",us:cousub:2615512520,"slug ""caledonia-charter-township-mi-2026-08-17-caledonia-township-planning-commission"" (1 page) -> ""Caledonia Charter Township Mi""",,
youtube,monroeville.pa.us,,1,Monroeville,monroeville-2026-05-05-agenda-center,https://monroeville.pa.us,,,,,,
youtube,nr.civicweb.net,,1,Northern Rockies Regional Municipality,northern-rockies-regional-municipality-2026-05-25-committee-of-the-whole-cotw-25,https://nr.civicweb.net,,,,,,
youtube,openspaceauthority.primegov.com,,1,,2026-01-08-26-01-board-of-directors-january-08-2026,https://openspaceauthority.primegov.com,,,,,,
youtube,pilottestca.civicweb.net,,1,PatchToastCA,patchtoastca-2024-01-17-parks-and-recreation-committee-17-jan-2024,https://pilottestca.civicweb.net,,,,,,
youtube,publicinput.com,,1,,2026-08-27-city-council-meeting-8-27-26,https://publicinput.com,,,,,,
youtube,qathetrd.civicweb.net,,1,qathet Regional District,qathet-regional-district-2026-06-01-special-finance-committee-01-jun-2026,https://qathetrd.civicweb.net,,,,,"Qathet Regional District, BC",ok mint -- Ryan 2026-09-12 (chat): ok mint
youtube,sacog.primegov.com,,1,,2022-11-03-land-use-natural-resources-committee-11-3-22,https://sacog.primegov.com,,,,,,
youtube,slrd.civicweb.net,,1,SLRD,slrd-2026-07-22-sea-to-sky-regional-hospital-district-board-22-jul-2026,https://slrd.civicweb.net,,,,,,
youtube,solonohio.civicweb.net,,1,City of Solon,city-of-solon-2026-08-05-public-works-aug-05-2026,https://solonohio.civicweb.net,,,,,,
youtube,stoneharbornj.org,,1,,2026-09-02-stone-harbor-nj-council-09-01-2026,https://stoneharbornj.org,,"Stone Harbor, NJ",us:place:3471010,"hostname ""stoneharbornj.org"" -> ""Stoneharbor, NJ""",,
youtube,sylvaniatownship.civicweb.net,,1,Sylvania Township,sylvania-township-2026-06-01-board-of-zoning-appeals-regular-meeting-01-jun-2026,https://sylvaniatownship.civicweb.net,,,,,,
youtube,techsupport.primegov.com,,1,City of Houston,city-of-houston-2026-01-21-city-council-meeting-january-12-2026,https://techsupport.primegov.com,,,,,,skip
youtube,utclermont.gov,,1,,2026-08-11-union-township-board-of-trustees-meeting-august-11-2026-at-6-00-pm,https://utclermont.gov,,,,,,
youtube,watertown.civicweb.net,,1,Watertown,watertown-2020-03-16-public-works-finance-safety-committee-mar-16-2020,https://watertown.civicweb.net,,,,,,
youtube,wcwd.civicweb.net,,1,West County Wastewater,west-county-wastewater-2026-07-15-west-county-facilities-finance-authority-jul-1,https://wcwd.civicweb.net,,,,,,
youtube,woodsideca.gov,,1,Town of Woodside,town-of-woodside-2026-07-29-town-council-meeting-july-28-2026,https://woodsideca.gov,,"Woodside, CA",us:place:0686440,"hostname ""woodsideca.gov"" -> ""Woodside, CA""",,
youtube,www.belairmd.org,,1,,2026-09-01-09-01-2026-board-of-town-commissioners-work-session-meeting-at-town-h,https://www.belairmd.org,,"Bel Air, MD",us:place:2405550,"hostname ""www.belairmd.org"" -> ""Belair, MD""",,
youtube,www.co.yankton.sd.us,,1,"Yankton County, SD",yankton-county-sd-2026-commission-meetings,https://www.co.yankton.sd.us,,"Yankton County, SD",us:county:46135,"slug ""yankton-county-sd-2026-commission-meetings"" (1 page) -> ""Yankton County""",,
youtube,www.newcastlede.gov,,1,,2026-08-21-fire-ambulance-advisory-board-meeting-august-20-2026,https://www.newcastlede.gov,,"New Castle, DE",us:place:1050800,"hostname ""www.newcastlede.gov"" -> ""Newcastle, DE""",,
youtube,www.townofcentreville.org,,1,,2026-07-16-town-of-centreville-meeting-07-16-2026,https://www.townofcentreville.org,,,,,,
youtube,www.vermillion.us,,1,,2026-08-17-2026-08-17-city-council,https://www.vermillion.us,,,,,,
youtube,www.youtube.com,@CumberlandCounty-p4v,1,Cumberland County,cumberland-county-2026-08-11-cumberland-county-board-of-supervisors-meeting-8-11,https://www.youtube.com/@CumberlandCounty-p4v,,,,,skip,"pinned in WO-237 (2026-09-11) to us:county:51049 Cumberland County, VA; every archived video on this channel got a per-video pin -- do not re-resolve. Ryan 2026-09-11 (WO-237 drip sheet round): Ryan confirmed"
youtube,www.youtube.com,@JocelynBuck-d5r,1,"Town of Castle Valley, UT",town-of-castle-valley-ut-2026-08-13-260812-public-hearing-on-property-tax-increa,https://www.youtube.com/@JocelynBuck-d5r,,"Castle Valley, UT",us:place:4911000,"YouTube channel @JocelynBuck-d5r is ""Town of Castle Valley"" -> ""Town of Castle Valley""",,
youtube,www.youtube.com,@McPhersonCountySD,1,McPherson County,mcpherson-county-2025-12-03-december-2-2025-commission-meeting-zoning-meeting,https://www.youtube.com/@McPhersonCountySD,,,,,skip,"pinned in WO-237 (2026-09-11) to us:county:46089 McPherson County, SD; every archived video on this channel got a per-video pin -- do not re-resolve. Ryan 2026-09-11 (WO-237 drip sheet round): confident join, Ryan agreed"
youtube,www.youtube.com,@NewGardenTownship,1,New Garden Township,new-garden-township-2026-08-17-board-of-supervisors-monthly-meeting-new-garden-t,https://www.youtube.com/@NewGardenTownship,,,,,skip,"pinned in WO-237 (2026-09-11) to us:cousub:4202953608 New Garden township, PA; every archived video on this channel got a per-video pin -- do not re-resolve. Ryan 2026-09-11 (WO-237 drip sheet round): confident join, Ryan agreed"
youtube,www.youtube.com,@ProvoMunicipalCouncil,1,,2026-08-25-provo-city-council-meeting-august-25-2026,https://www.youtube.com/@ProvoMunicipalCouncil,,,,,skip,"pinned in WO-237 (2026-09-11) to us:place:4962470 Provo, UT; every archived video on this channel got a per-video pin -- do not re-resolve. Ryan 2026-09-11 (WO-237 drip sheet round): channel name says the government and its type"
youtube,www.youtube.com,@TheCityofOrem,1,"Orem, UT",orem-ut-2026-08-26-orem-city-council-timpanogos-school-district-joint-meeting-8,https://www.youtube.com/@TheCityofOrem,,,,"YouTube channel @TheCityofOrem is ""Orem City"" -> ""Orem City""",skip,"pinned in WO-237 (2026-09-11) to us:place:4957300 Orem, UT; every archived video on this channel got a per-video pin -- do not re-resolve. Ryan 2026-09-11 (WO-237 drip sheet round): channel name says the government and its type"
youtube,www.youtube.com,@VictoriaCounty-ca,1,Victoria County,victoria-county-2026-03-23-victoria-county-council-meeting-march-23-2026,https://www.youtube.com/@VictoriaCounty-ca,,,,"YouTube channel @VictoriaCounty-ca is ""Victoria County NS"" -> ""Victoria County NS""",skip,"pinned in WO-237 (2026-09-11) to ca:cd:1218 Victoria, NS; every archived video on this channel got a per-video pin -- do not re-resolve. Ryan 2026-09-11 (WO-237 drip sheet round): channel name says the government and its type"
youtube,www.youtube.com,@WytheCountyVirginia,1,,2026-08-14-wythe-county-board-of-supervisors-meeting-august-11-2026,https://www.youtube.com/@WytheCountyVirginia,,,,,skip,"pinned in WO-237 (2026-09-11) to us:county:51197 Wythe County, VA; every archived video on this channel got a per-video pin -- do not re-resolve. Ryan 2026-09-11 (WO-237 drip sheet round): confident join, Ryan agreed"
youtube,www.youtube.com,@bournecommunitytv,1,"Bourne town, MA",bourne-town-ma-2026-09-10-bourne-board-of-health-9-9-26,https://www.youtube.com/@bournecommunitytv,,"Bourne, MA",us:cousub:2500107175,"slug ""bourne-town-ma-2026-09-10-bourne-board-of-health-9-9-26"" (1 page) -> ""Bourne Town""",,
youtube,www.youtube.com,@bridgevilleborough9526,1,Bridgeville Borough,bridgeville-borough-2026-08-19-aug-10-2026-council-meeting,https://www.youtube.com/@bridgevilleborough9526,,,,,skip,"pinned in WO-237 (2026-09-11) to us:place:4208624 Bridgeville borough, PA; every archived video on this channel got a per-video pin -- do not re-resolve. Ryan 2026-09-11 (WO-237 drip sheet round): confident join, Ryan agreed"
youtube,www.youtube.com,@cityofaberdeen2240,1,City of Aberdeen,city-of-aberdeen-2026-09-08-city-council-meeting-september-8th-2026,https://www.youtube.com/@cityofaberdeen2240,,,,,skip,"pinned in WO-237 (2026-09-11) to us:place:4600100 Aberdeen city, SD; every archived video on this channel got a per-video pin -- do not re-resolve. Ryan 2026-09-11 (WO-237 drip sheet round): Ryan's call among 7 Aberdeens"
youtube,www.youtube.com,@cityofchadron,1,"Chadron, NE",chadron-ne-2026-08-17-chadron-city-council-meeting-august-17-2026,https://www.youtube.com/@cityofchadron,,,,,,
youtube,www.youtube.com,@genewink,1,,2026-09-01-mcc-meeting-8-31-2026,https://www.youtube.com/@genewink,,,,,,
youtube,www.youtube.com,@jacksoncountynorthcarolina7897,1,,2026-09-01-9-1-2026-regular-meeting-and-work-session,https://www.youtube.com/@jacksoncountynorthcarolina7897,,,,,skip,"pinned in WO-237 (2026-09-11) to us:county:37099 Jackson County, NC; every archived video on this channel got a per-video pin -- do not re-resolve. Ryan 2026-09-11 (WO-237 drip sheet round): confident join, Ryan agreed"
youtube,www.youtube.com,@osagecounty1099,1,Osage County,osage-county-2026-08-25-osage-county-commission-meeting-8-25-2026,https://www.youtube.com/@osagecounty1099,,,,,skip,"pinned in WO-237 (2026-09-11) to us:county:20139 Osage County, KS; every archived video on this channel got a per-video pin -- do not re-resolve. Ryan 2026-09-11 (WO-237 drip sheet round): Ryan confirmed"
youtube,www.youtube.com,@townharrison9486,1,Harrison,harrison-2026-04-24-special-town-board-meeting-april-24-2026,https://www.youtube.com/@townharrison9486,,,,,,
youtube,www.youtube.com,@utahcommerce4928,1,,2026-07-09-mortgage-commission-meeting-7-8-26,https://www.youtube.com/@utahcommerce4928,,,,,skip,"pinned in WO-237 (2026-09-11) to rtr:us:ut:department-of-commerce Department of Commerce, UT; every archived video on this channel got a per-video pin -- do not re-resolve. Ryan 2026-09-11 (WO-237 drip sheet round): minted in WO-220; Ryan agreed"
youtube,youtu.be,@GraftonTelevision,1,"Grafton town, MA",grafton-town-ma-2026-07-15-accessibility-advisory-commission-7-14-26,https://www.youtube.com/@GraftonTelevision,,,,,,
youtube,youtu.be,@MTGAcable,1,"Macomb township, MI",macomb-township-mi-2023-01-06-archived-zoning-board-of-appeals-january-5-2023,https://www.youtube.com/@MTGAcable,,,,,skip,"pinned in WO-237 (2026-09-11) to us:cousub:2609950480 Macomb Township, MI; every archived video on this channel got a per-video pin -- do not re-resolve. Ryan 2026-09-11 (WO-237 drip sheet round): channel name says the government and its type"
youtube,youtu.be,@blackhawkcountyiowa,1,,2026-09-01-black-hawk-county-board-of-supervisors-meeting-09-01-2026,https://www.youtube.com/@blackhawkcountyiowa,,,,,skip,"pinned in WO-237 (2026-09-11) to us:county:19013 Black Hawk County, IA; every archived video on this channel got a per-video pin -- do not re-resolve. Ryan 2026-09-11 (WO-237 drip sheet round): channel name says the government and its type"
youtube,youtu.be,@hoopercity4023,1,Hooper,hooper-2026-08-20-august-13-2026-planning-commission-meeting,https://www.youtube.com/@hoopercity4023,,,,,skip,"pinned in WO-237 (2026-09-11) to us:place:4936400 Hooper city, UT; every archived video on this channel got a per-video pin -- do not re-resolve. Ryan 2026-09-11 (WO-237 drip sheet round): Ryan confirmed from an agenda item"
youtube,youtu.be,@misdirector5910,1,,2026-01-07-taylor-county-board-of-county-commissioners,https://www.youtube.com/@misdirector5910,,,,,,
youtube,youtu.be,@northumberlandcountyva,1,"Northumberland County, VA",northumberland-county-va-2026-08-25-northumberland-board-of-supervisors-special,https://www.youtube.com/@northumberlandcountyva,,,,"YouTube channel @northumberlandcountyva is ""Northumberland County, VA"" -> ""Northumberland County, VA""",skip,"pinned in WO-237 (2026-09-11) to us:county:51133 Northumberland County, VA; every archived video on this channel got a per-video pin -- do not re-resolve. Ryan 2026-09-11 (WO-237 drip sheet round): channel name says the government and its type"
youtube,youtu.be,@pricecountywigovernment,1,,2026-09-02-highway-transportation-committee-meeting-09-02-2026,https://www.youtube.com/@pricecountywigovernment,,,,,skip,"pinned in WO-237 (2026-09-11) to us:county:55099 Price County, WI; every archived video on this channel got a per-video pin -- do not re-resolve. Ryan 2026-09-11 (WO-237 drip sheet round): channel name says the government and its type"
youtube,youtu.be,@southbridgecable,1,,2026-08-31-southbridge-animal-control-shelter-building-committee-8-27-26,https://www.youtube.com/@southbridgecable,,,,,,
youtube,youtu.be,@townofwestonmaofficial,1,"Weston town, MA",weston-town-ma-2026-07-08-weston-affordable-housing-trust-7-8-2026,https://www.youtube.com/@townofwestonmaofficial,,,,,skip,"pinned in WO-237 (2026-09-11) to us:cousub:2501777255 Weston town, MA; every archived video on this channel got a per-video pin -- do not re-resolve. Ryan 2026-09-11 (WO-237 drip sheet round): confident join, Ryan agreed"
youtube,youtu.be,@villageofshorewood3401,1,Village of Shorewood,village-of-shorewood-2026-09-10-judiciary-personnel-and-licensing-committee-comm,https://www.youtube.com/@villageofshorewood3401,,,,,skip,"pinned in WO-237 (2026-09-11) to us:place:5573725 Shorewood village, WI; every archived video on this channel got a per-video pin -- do not re-resolve. Ryan 2026-09-11 (WO-237 drip sheet round): Ryan confirmed"
youtube,youtu.be,@wfrcvideo,1,,2026-08-20-transportation-coordinating-committee-august-20-2026,https://www.youtube.com/@wfrcvideo,,,,,skip,"minted and pinned by hand in WO-237 (2026-09-11): rtr:us:ut:wasatch-front-regional-council, per-video pin youtu.be/GpgVPG7sOUY -- do not re-resolve. ok mint -- Ryan 2026-09-11 (WO-237 drip sheet round): metropolitan planning organization, not a table government; mint it"
youtube,youtube.com,@cachecounty1996,1,"Cache County, UT",cache-county-ut-2026-07-06-cache-county-council-board-of-canvassers-meeting-07-0,https://www.youtube.com/@cachecounty1996,,,,"YouTube channel @cachecounty1996 is ""Cache County"" -> ""Cache County""",skip,"pinned in WO-237 (2026-09-11) to us:county:49005 Cache County, UT; every archived video on this channel got a per-video pin -- do not re-resolve. Ryan 2026-09-11 (WO-237 drip sheet round): channel name says the government and its type"
youtube,youtube.com,@cityofdevilslakend,1,"City of Devils Lake, ND",devils-lake-nd-2026-06-15-city-commission-meeting-6-15-2026,https://www.youtube.com/@cityofdevilslakend,,"Devils Lake, ND",us:place:3819420,"YouTube channel @cityofdevilslakend is ""City of Devils Lake, ND"" -> ""City of Devils Lake, ND""",,
youtube,youtube.com,@prattcountycommission3866,1,,2026-08-31-pratt-county-commission-meeting-8-31-2026,https://www.youtube.com/@prattcountycommission3866,,,,,skip,"pinned in WO-237 (2026-09-11) to us:county:20151 Pratt County, KS; every archived video on this channel got a per-video pin -- do not re-resolve. Ryan 2026-09-11 (WO-237 drip sheet round): channel name says the government and its type"
youtube,youtube.com,@townofwebster7836,1,Town of Webster,town-of-webster-2026-09-08-september-8-2026-zoning-board-meeting,https://www.youtube.com/@townofwebster7836,,,,,skip,"pinned in WO-237 (2026-09-11) to us:cousub:3605578971 Webster town, NY; every archived video on this channel got a per-video pin -- do not re-resolve. Ryan 2026-09-11 (WO-237 drip sheet round): Ryan's call (Town of Webster, NY)"
castus,cloud.castus.tv,,3,,board-of-trustees-meeting-06-22-26,https://cloud.castus.tv,,"Cloud County, KS",us:county:20029,"hostname ""cloud.castus.tv"" -> ""Cloud""",,
champds,play.champds.com,,1,ElPaso County Colorado,elpaso-county-colorado-2025-08-05-bocc-regular-meeting,https://play.champds.com,,,,,,skip
civicclerk,lenaweecomi.portal.civicclerk.com,,2,,2024-06-11-personnel-ways-means-committee-meeting,https://lenaweecomi.portal.civicclerk.com,,,,,,
civicclerk,duvalcosb.portal.civicclerk.com,,1,,2026-09-01-september-1-2026-regular-board-meeting-revised,https://duvalcosb.portal.civicclerk.com,,,,,,
civicclerk,fsusga.portal.civicclerk.com,,1,,2025-02-25-sga-election-executive-branch-debate,https://fsusga.portal.civicclerk.com,,,,,,
civicclerk,macombtwpmi.portal.civicclerk.com,,1,,2025-06-03-planning-commission,https://macombtwpmi.portal.civicclerk.com,,,,,,
civicclerk,sumterclerkfl.portal.civicclerk.com,,1,"Sumterville, FL",sumterville-fl-2026-08-25-tourist-development-council-meeting,https://sumterclerkfl.portal.civicclerk.com,,,,,,
civiclive,colemantownship.hosted2.civiclive.com,,1,Coleman Township,coleman-township-agendas-and-minutes,https://colemantownship.hosted2.civiclive.com,,,,,,
granicus,ames.granicus.com,,2,City of Ames,city-of-ames-2026-04-02-special-meeting-of-the-ames-city-council,https://ames.granicus.com,,,,,,
granicus,cms-k12-nc.granicus.com,,2,Charlotte-Mecklenburg Schools of North Carolina|Unknown Jurisdiction,unknown-jurisdiction-what-is-jr0tc,https://cms-k12-nc.granicus.com,,,,,,
granicus,csmfo.granicus.com,,2,California,california-2023-11-22-csmfo-webinar-sales-tax-101-please-see-agenda-for-copy-of,https://csmfo.granicus.com,,,,,skip,"Ryan 2026-09-12 (chat): skip -- an association (California Society of Municipal Finance Officers), not a government"
granicus,csos.granicus.com,,2,Colorado|Unknown Jurisdiction,unknown-jurisdiction-rulemaking-hearing-colorado-department-of-state-elections-r,https://csos.granicus.com,,,,,,
granicus,dupageforest.granicus.com,,2,Forest,county-of-dupage-il-commission-meeting-5-16-23,https://dupageforest.granicus.com,,"DuPage County, IL",us:county:17043,"slug ""county-of-dupage-il-commission-meeting-5-16-23"" (1 page) -> ""County Of Dupage""",,
granicus,fulton.granicus.com,,2,Fulton County,fulton-2025-12-03-board-of-commissioners-on-2025-12-03-10-00-am,https://fulton.granicus.com,,,,,,
granicus,gpisd.granicus.com,,2,Gregory Portland Independent School District|Unknown Jurisdiction,unknown-jurisdiction-2023-10-16-regular-board-meeting-october-16-2023,https://gpisd.granicus.com,,,,,,
granicus,houstonisd.granicus.com,,2,Houston ISD|Unknown Jurisdiction,unknown-jurisdiction-2025-04-23-school-board-on-2025-04-23-1-00-pm-special-meeti,https://houstonisd.granicus.com,,,,,,
granicus,ieua.granicus.com,,2,IEUA,ieua-2025-03-06-03-06-2025-regional-sewerage-policy-committee-meeting,https://ieua.granicus.com,,,,,,
granicus,illinoistollway.granicus.com,,2,Illinois State Toll Highway Authority,unknown-jurisdiction-illinois-tollway-strategic-planning-committee,https://illinoistollway.granicus.com,,,,,,
granicus,lfucg.granicus.com,,2,Lexington-Fayette Urban County Government,lexington-fayette-urban-county-government-2026-03-10-general-government-planning,https://lfucg.granicus.com,,,,,,
granicus,metrarr.granicus.com,,2,Metra Railroad,metra-railroad-2023-11-10-crd-board-meeting,https://metrarr.granicus.com,,,,,,
granicus,mwrd.granicus.com,,2,Metropolitan Water Reclamation District of Greater Chicago|Unknown Jurisdiction,mw-rd-2026-01-22-board-of-commissioners-on-2026-01-22-10-30-am,https://mwrd.granicus.com,,,,,,
granicus,olelo.granicus.com,,2,Olelo Community Media|Unknown Jurisdiction,unknown-jurisdiction-caring-together-ep-1-living-with-a-changing-brain,https://olelo.granicus.com,,,,,,
granicus,oregonpuc.granicus.com,,2,Oregon Public Utility Commission|Unknown Jurisdiction,unknown-jurisdiction-special-public-meeting-lc-85-pac-2025-integrated-resource-p,https://oregonpuc.granicus.com,,,,,,
granicus,pasadenaedu.granicus.com,,2,Pasadena Community College,pasadena-community-college-2016-05-04-board-of-trustees-meeting,https://pasadenaedu.granicus.com,,,,,,
granicus,pioneercommunityenergy.granicus.com,,2,Pioneer Community Energy|Unknown Jurisdiction,unknown-jurisdiction-board-of-directors-special-meeting,https://pioneercommunityenergy.granicus.com,,,,,,
granicus,portofsandiego.granicus.com,,2,San Diego,unknown-jurisdiction-2022-12-13-board-of-port-commissioners-on-2022-12-13-1-00-p,https://portofsandiego.granicus.com,,,,,,
granicus,rideuta.granicus.com,,2,Unknown Jurisdiction|Utah Transit Authority (UTA),ride-uta-2025-09-24-board-of-trustees-on-2025-09-24-9-00-am,https://rideuta.granicus.com,,,,,,
granicus,sedgwick.granicus.com,,2,County of Sedgwick,county-of-sedgwick-2024-07-11-board-of-sedgwick-county-commissioners,https://sedgwick.granicus.com,,,,,,
granicus,sfha.granicus.com,,2,San Francisco Housing Authority|Unknown Jurisdiction,unknown-jurisdiction-2024-10-24-special-housing-authority-board-of-commissioners,https://sfha.granicus.com,,,,,,
granicus,tahoecitypud.granicus.com,,2,Tahoe City Public Utility District|Unknown Jurisdiction,unknown-jurisdiction-board-of-directors-meeting-in-person-via-zoom,https://tahoecitypud.granicus.com,,,,,,
granicus,townsquaretv.granicus.com,,2,Northern Dakota County|Northern Dakota County Cable Commission,northern-dakota-county-2025-05-07-west-st-paul-environmental-committee,https://townsquaretv.granicus.com,,,,,,
granicus,azcc.granicus.com,,1,Arizona Corporation Commission,arizona-corporation-commission-2026-09-02-procedural-conference-s-21409a-26-0252,https://azcc.granicus.com,,,,,,
granicus,bsd405.granicus.com,,1,Unknown Jurisdiction,unknown-jurisdiction-2016-02-02-board-meeting-2016-2-2,https://bsd405.granicus.com,,,,,,
granicus,calchannel.granicus.com,,1,The California Channel,the-california-channel-2019-09-13-senate-floor-session,https://calchannel.granicus.com,,,,,,
granicus,cap-az.granicus.com,,1,Central Arizona Project,central-arizona-project-2025-04-08-public-policy-committee-4-3-25,https://cap-az.granicus.com,,,,,,
granicus,centralbasin.granicus.com,,1,Central Basin Municipal Water District,central-basin-municipal-water-district-2026-08-31-board-of-directors-pt-3,https://centralbasin.granicus.com,,,,,,
granicus,chapelhill.legistar.com,,1,Town of Chapel Hill,town-of-chapel-hill-2026-06-23-community-design-commission-on-2026-06-23-5-30-pm,https://chapelhill.legistar.com,,,,,,
granicus,chathamborough.granicus.com,,1,Borough of Chatham,borough-of-chatham-2026-09-02-planning-board-sep-2nd-2026,https://chathamborough.granicus.com,,,,,,
granicus,chicagoparkdistrict.granicus.com,,1,Chicago Park District,chicago-park-district-2024-12-11-public-hearing-on-2024-12-11-9-50-am-public-hea,https://chicagoparkdistrict.granicus.com,,,,,,
granicus,clearwater.legistar.com,,1,City of Clearwater,city-of-clearwater-2014-01-13-pre-insite-archives,https://clearwater.legistar.com,,,,,,
granicus,dumfries.granicus.com,,1,Town of Dumfries,town-of-dumfries-2026-09-02-town-of-dumfries-town-council,https://dumfries.granicus.com,,,,,,
granicus,emmetcounty.granicus.com,,1,Emmet County,emmet-county-2026-08-26-board-of-commissioners,https://emmetcounty.granicus.com,,,,,,
granicus,enterprise.granicus.com,,1,Enterprise,enterprise-2012-09-06-council-view-ps051012-sep-6th-2012,https://enterprise.granicus.com,,,,,,
granicus,fortworthisd.granicus.com,,1,Unknown Jurisdiction,unknown-jurisdiction-fort-worth-isd-regular-board-meeting-august-26-2025,https://fortworthisd.granicus.com,,,,,,
granicus,fremont.granicus.com,,1,Fremont,fremont-ccmeeting7-28-2026,https://fremont.granicus.com,,,,,,
granicus,gilbert.granicus.com,,1,Town of Gilbert,town-of-gilbert-2021-04-06-town-council-regular-meeting,https://gilbert.granicus.com,,,,,,
granicus,guadalupe.granicus.com,,1,Guadalupe County,guadalupe-county-2026-09-01-commissioners-court-part-2-item-7n-10,https://guadalupe.granicus.com,,"Guadalupe County, TX",us:county:48187,"hostname ""guadalupe.granicus.com"" -> ""Guadalupe""",,
granicus,hpwd.granicus.com,,1,High Plains Underground Water Conservation District No. 1,high-plains-underground-water-conservation-district-no-1-2022-11-08-board-of-dir,https://hpwd.granicus.com,,,,,,
granicus,icma.granicus.com,,1,Cal-ICMA,cal-icma-2019-09-11-interpreting-and-communicating-the-new-calpers-actuarial-rep,https://icma.granicus.com,,,,,skip,"Ryan 2026-09-12 (chat): skip -- International City/County Management Association, not a government"
granicus,lausd.granicus.com,,1,Unknown Jurisdiction,la-usd-2024-12-10-02-11-25-regular-board-meeting-1-00-pm-spanish,https://lausd.granicus.com,,,,,,
granicus,lcd.granicus.com,,1,Unknown Jurisdiction,lcd-granicus-com-2021-07-22-july-22-23-2021-lcdc-meeting-day-1,https://lcd.granicus.com,,,,,,
granicus,lcpsnm.granicus.com,,1,Unknown Jurisdiction,lc-psn-m-2026-05-19-board-of-education,https://lcpsnm.granicus.com,,"Las Cruces Public Schools, NM",us:sd:3501500,"hostname ""lcpsnm.granicus.com"" reads as the initials of ""Las Cruces Public Schools"" -> ""Las Cruces Public Schools, NM""",,
granicus,lipower.granicus.com,,1,Long Island Power Authority,long-island-power-authority-board-meetings-view-public-comments-on-revised-pseg,https://lipower.granicus.com,,,,,,
granicus,lossan.granicus.com,,1,LOSSAN - OCTA,lossan-octa-2022-04-18-lossan-board-04-18-22,https://lossan.granicus.com,,,,,,
granicus,manassascity.granicus.com,,1,Manassas,manassas-2026-09-04-architectural-review-board-sep-3rd-2026,https://manassascity.granicus.com,,,,,,
granicus,matatransit.granicus.com,,1,Unknown Jurisdiction,unknown-jurisdiction-2025-07-30-board-of-commissioners-on-2025-07-30-3-30-pm,https://matatransit.granicus.com,,,,,,
granicus,metrolink.granicus.com,,1,Unknown Jurisdiction,metrolink-2025-02-14-audit-and-finance-committee,https://metrolink.granicus.com,,,,,,
granicus,minnesotapuc.granicus.com,,1,Minnesota Public Utilities Commission,minnesota-public-utilities-commission-2026-08-20-puc-agenda-meeting-on-2026-08-2,https://minnesotapuc.granicus.com,,,,,,
granicus,mojavewater.granicus.com,,1,Unknown Jurisdiction,unknown-jurisdiction-2022-10-06-revised-technical-advisory-committee-remote-acce,https://mojavewater.granicus.com,,,,,,
granicus,monroe-k12.granicus.com,,1,Monroe County School District,monroe-county-school-district-2026-08-25-school-board-meeting-csh-08-25-2026-4-1,https://monroe-k12.granicus.com,,,,,,
granicus,morrisville.granicus.com,,1,Morrisville,morrisville-town-council-mar-14th-2023,https://morrisville.granicus.com,,,,,,
granicus,mwdh2o.granicus.com,,1,Metropolitan Water District Of Southern California,metropolitan-water-district-of-southern-california-2026-08-25-subcommittee-on-im,https://mwdh2o.granicus.com,,,,,,
granicus,newbrighton.granicus.com,,1,New Brighton,new-brighton-2017-10-03-october-3-2017-work-session,https://newbrighton.granicus.com,,,,,,
granicus,octa.granicus.com,,1,Orange County Transportation Authority,orange-county-transportation-authority-2026-08-24-board-meeting-auto-generated-t,https://octa.granicus.com,,"Octa, OH",us:place:3957918,"hostname ""octa.granicus.com"" -> ""Octa""",,
granicus,oregon.granicus.com,,1,Oregon,oregon-2014-09-16-house-interim-committee-on-agriculture-and-natural-resources-2,https://oregon.granicus.com,,,,,,
granicus,oregonmetro.granicus.com,,1,Oregon Metro Council,oregon-metro-council-2026-03-12-council-meeting-on-2026-03-12-10-30-am,https://oregonmetro.granicus.com,,,,,,
granicus,osage.granicus.com,,1,Osage Nation,osage-nation-2013-02-12-osage-congress-on-2013-02-12-1-00-pm-feb-7th-2013,https://osage.granicus.com,,,,,,
granicus,parkcity.granicus.com,,1,Park City,park-city-2023-09-26-city-council-strategic-planning-retreat,https://parkcity.granicus.com,,,,,,
granicus,parkcounty.granicus.com,,1,Park County,park-county-november-planning-board-meeting,https://parkcounty.granicus.com,,,,,,
granicus,penningtoncounty.granicus.com,,1,Pennington County,pennington-county-2025-07-18-pennington-county-board-of-commissioners,https://penningtoncounty.granicus.com,,,,,,
granicus,portofla.granicus.com,,1,Unknown Jurisdiction,unknown-jurisdiction-2022-07-28-regular-board-meeting,https://portofla.granicus.com,,,,,,
granicus,rdale.granicus.com,,1,Unknown Jurisdiction,unknown-jurisdiction-2026-01-05-1-5-26-business-meeting-with-public-hearing,https://rdale.granicus.com,,,,,,
granicus,samtrans.granicus.com,,1,San Mateo County Transit District,san-mateo-county-transit-district-2025-09-04-jpb-board-of-directors-meeting,https://samtrans.granicus.com,,,,,,
granicus,sanantonio.granicus.com,,1,City of San Antonio,city-of-san-antonio-2021-06-25-city-council-special-meeting-on-2021-06-25-9-00-a,https://sanantonio.granicus.com,,,,,,
granicus,scag.granicus.com,,1,Unknown Jurisdiction,unknown-jurisdiction-cannabis-banking-working-group-2-10-17,https://scag.granicus.com,,,,,,
granicus,scvwd.granicus.com,,1,Unknown Jurisdiction,unknown-jurisdiction-regular-meeting-closed-session-mar-8th-2016,https://scvwd.granicus.com,,,,,,
granicus,scwd.granicus.com,,1,Unknown Jurisdiction,south-coast-water-district-special-board-meting-doheny-desal-financial-assessmen,https://scwd.granicus.com,,,,,,
granicus,sdcera.granicus.com,,1,San Diego County Retirement Association,san-diego-county-retirement-association-2017-05-25-board-meeting,https://sdcera.granicus.com,,,,,,
granicus,senate.granicus.com,,1,The United States Senate,the-united-states-senate-2023-03-30-senate-floor-proceedings,https://senate.granicus.com,,,,,,
granicus,siouxschools.granicus.com,,1,Sioux City IA Community School District,sioux-city-ia-community-school-district-2026-08-21-school-board-of-directors,https://siouxschools.granicus.com,,,,,,
granicus,slco.granicus.com,,1,Subtitles County,subtitles-county-2022-10-25-county-council-on-2022-10-25-4-00-pm,https://slco.granicus.com,,,,,,
granicus,smud.granicus.com,,1,Unknown Jurisdiction,unknown-jurisdiction-committee-strategic-development,https://smud.granicus.com,,,,,,
granicus,sonomamarintrain.granicus.com,,1,Unknown Jurisdiction,unknown-jurisdiction-2024-01-17-board-of-directors,https://sonomamarintrain.granicus.com,,,,,,
granicus,stlouispark.granicus.com,,1,Unknown Jurisdiction,st-louis-park-mn-st-louis-park-planning-commission-meeting-feb-7-2024,https://stlouispark.granicus.com,,"St. Louis Park, MN",us:place:2757220,"hostname ""stlouispark.granicus.com"" -> ""Stlouispark""",,
granicus,tlchouse.granicus.com,,1,Unknown Jurisdiction,unknown-jurisdiction-civil-practices-feb-19th-2003,https://tlchouse.granicus.com,,,,,,
granicus,townofsuperior.granicus.com,,1,Town of Superior,town-of-superior-2025-12-16-planning-commission-regular-meeting,https://townofsuperior.granicus.com,,,,,,
granicus,utc-wa.granicus.com,,1,Washington,washington-2022-12-22-utc-open-meeting-for-december-22-2022,https://utc-wa.granicus.com,,,,,,
granicus,westspringfieldma.granicus.com,,1,Unknown Jurisdiction,unknown-jurisdiction-school-committee,https://westspringfieldma.granicus.com,,,,,,
granicus,wsscwater.granicus.com,,1,Washington Suburban Sanitary Commission,washington-suburban-sanitary-commission-2026-02-18-wssc-water-commission-meeting,https://wsscwater.granicus.com,,,,,,
granicus,yorkcounty.granicus.com,,1,York County Video Services,york-county-video-services-2017-08-09-planning-commission-aug-9th-2017,https://yorkcounty.granicus.com,,,,,,
iqm2,mncppc.iqm2.com,,2,The Maryland-National Capital Park & Planning Commission,meeting-09cf11,https://mncppc.iqm2.com,,,,,"Prince George's County, MD","Ryan 2026-09-12 (chat): confirmed Prince George's County, MD (registry spelling)"
iqm2,syossetsdny.iqm2.com,,1,Syosset School District,syosset-school-district-2020-11-16-board-of-education-monthly-meeting,https://syossetsdny.iqm2.com,,,,,,
townhallstreams,townhallstreams.com,,5,New Boston,2019-03-26-interupting-aging,https://townhallstreams.com,,,,,,skip - multiple tenants
unknown,discover.pbc.gov,,1,,meeting-890af1,https://discover.pbc.gov,,,,,,
unknown,ebps.novusagenda.com,,1,,meeting-02f1db,https://ebps.novusagenda.com,,,,,,
unknown,video.ibm.com,,1,,08-18-2026-lafayette-consolidated-government-council-meeting,https://video.ibm.com,,,,,,
unknown,westmont.illinois.gov,,1,Official Website,official-website-2026-08-30-westmont-il-official-website,https://westmont.illinois.gov,,,,,,
unknown,www.mediafire.com,,1,,03-24-26,https://www.mediafire.com,,,,,,
unknown,www.openpublica.com,,1,Open Publica,open-publica-sacramento-county-california-board-of-supervisors-may-21-2025,https://www.openpublica.com,,,,,,
viebit,biglake.viebit.com,,1,,2026-08-19-city-council-regular-meeting-packet,https://biglake.viebit.com,,,,,,
viebit,buffalo.viebit.com,,1,,2026-08-18-hra-special-meeting-agenda-pdf,https://buffalo.viebit.com,,,,,,
viebit,www.ci.buffalo.mn.us,,1,,2026-08-18-buffalo-city-council-meeting-monday-august-17-2026,https://www.ci.buffalo.mn.us,,,,,,
viebit,www.cityoffortwayne.in.gov,,1,,2026-06-16-fort-wayne-redevelopment-commission,https://www.cityoffortwayne.in.gov,,,,,,
vimeo,vimeo.com,,10,City of Lakeland|City of Patterson|City of Plymouth|Covington|Hopkins|Jefferson Parish|Mason County|Peters Township|Salisbury|Town of Amherst,salisbury-2026-08-18-8-18-2026-city-council-meeting,https://vimeo.com,,,,,,skip
vimeo,player.vimeo.com,,3,,2026-08-13-citycouncilmeeting08112026-1,https://player.vimeo.com,,,,,,
vimeo,www.wheaton.il.us,,1,,2026-08-17-city-council-meeting-8-17-26,https://www.wheaton.il.us,,,,,,
