tenant_host,footer_name
alamedausdca.new.swagit.com,Alameda Unified School District
alamoareampo.new.swagit.com,Alamo Area Metropolitan Planning Organization
battlegroundps.new.swagit.com,"Battle Ground Public Schools, WA"
brevardpublicschools.new.swagit.com,Brevard Public Schools
coppellisd.new.swagit.com,Coppell Independent School District
dart.new.swagit.com,Dallas Area Rapid Transit (DART)
dcccd.new.swagit.com,Dallas County Community College District
dd7.new.swagit.com,Jefferson County Drainage District No. 7
derby.civicweb.net,
desotoisdtx.new.swagit.com,DeSoto ISD
floodauthorityeast.new.swagit.com,Flood Protection Authority East
galvestonparkboardtx.new.swagit.com,Galveston Park Board of Trustees
greenburghpublicaccess.new.swagit.com,Greenburgh Public Access TV
harrishealthtx.new.swagit.com,Harris Health System
hcpsstv.new.swagit.com,Howard County Public Schools
hgac.new.swagit.com,Houston-Galveston Area Council
lasvirgenesmwd.new.swagit.com,Las Virgenes Municipal Water District
lmctvny.new.swagit.com,"LMC-TV, NY"
lonestargcd.new.swagit.com,Lone Star Groundwater Conservation
mankatoaps.new.swagit.com,Mankato Area Public Schools
mckinneyisdtx.new.swagit.com,McKinney Independent School District
mobilityauthority.new.swagit.com,Central Texas Regional Mobility Authority
nassaucountysd.new.swagit.com,Nassau County School District
nctcog.new.swagit.com,North Central Texas Council of Governments
norfolkpublicschools.new.swagit.com,Norfolk Public Schools
ntmwd.new.swagit.com,North Texas Municipal Water District
pelhampublicschoolsny.new.swagit.com,Pelham Public Schools
public.destinyhosted.com,
rockwallisdtx.new.swagit.com,Rockwall ISD
scgtv.new.swagit.com,
siouxcityschools.new.swagit.com,Sioux City Community School District
tabc.new.swagit.com,Texas Alcoholic Beverage Commission
tdhca.new.swagit.com,Texas Department of Housing and Community Affairs
texashhsc.new.swagit.com,Texas Health and Human Services Commission
traviscad.new.swagit.com,Travis Central Appraisal District
triunfo.new.swagit.com,Triunfo Water & Sanitation District
trwd.new.swagit.com,Tarrant Regional Water District
txdot.new.swagit.com,Texas Department of Transportation
woodlandscvb.new.swagit.com,The Woodlands Convention and Visitors Bureau
wpcommunitymedia.new.swagit.com,White Plains Community Media
