input_set,jurisdiction,gov_name,gov_type,tenant_host,platform,evidence
archive,Ada County Highway District,Ada County Highway District,county,achdidaho.civicweb.net,youtube,no state for 'Ada County Highway District'
archive,Ada County Highway District,Ada County Highway District,county,achdidaho.civicweb.net,youtube,no state for 'Ada County Highway District'
archive,Ac Transit,Ac Transit,special_district,actransit.granicus.com,granicus,no state for 'Ac Transit'
archive,County of Adams,County of Adams,county,adams.granicus.com,granicus,no state for 'County of Adams'
archive,Subtitles County,Subtitles County,county,allegheny.granicus.com,granicus,no state for 'Subtitles County'
archive,Town of Bancroft,Town of Bancroft,municipality,bancroft.civicweb.net,youtube,no state for 'Town of Bancroft'
archive,Town of Bancroft,Town of Bancroft,municipality,bancroft.civicweb.net,youtube,no state for 'Town of Bancroft'
archive,Town of Bancroft,Town of Bancroft,municipality,bancroft.civicweb.net,youtube,no state for 'Town of Bancroft'
ledger,Town of Bancroft,Town of Bancroft,municipality,bancroft.civicweb.net,,no state for 'Town of Bancroft'
archive,City of Bangor,City of Bangor,municipality,bangormaine.gov,youtube,no state for 'City of Bangor'
archive,Beach Cities Health District,Beach Cities Health District,special_district,bchd.granicus.com,granicus,no state for 'Beach Cities Health District'
archive,City of Beaverton,City of Beaverton,municipality,beaverton.granicus.com,granicus,no state for 'City of Beaverton'
archive,City of Bellevue,City of Bellevue,municipality,bellevue.granicus.com,granicus,no state for 'City of Bellevue'
archive,Town of Berlin,Town of Berlin,municipality,berlinmd.gov,youtube,no state for 'Town of Berlin'
archive,City of Beverly Hills,City of Beverly Hills,municipality,beverlyhills.granicus.com,granicus,no state for 'City of Beverly Hills'
archive,City of Beverly Hills,City of Beverly Hills,municipality,beverlyhills.granicus.com,granicus,no state for 'City of Beverly Hills'
archive,"July13, 2026 | Town of Bladensburg Maryland Meetings Hub","July13, 2026 | Town of Bladensburg Maryland Meetings Hub",other,bladensburgtown-md.municodemeetings.com,youtube,"'July13, 2026 | Town of Bladensburg Maryland Meetings Hub' names no government on bladensburgtown-md.municodemeetings.com, whose pages resolve to us:place:2407850, and its only state came from that tenant"
archive,Brighton,Brighton,other,brighton.civicweb.net,youtube,no state for 'Brighton'
archive,Brighton,Brighton,other,brighton.civicweb.net,youtube,no state for 'Brighton'
ledger,Brighton,Brighton,other,brighton.civicweb.net,,no state for 'Brighton'
archive,County of Carroll,County of Carroll,county,carroll.granicus.com,granicus,no state for 'County of Carroll'
archive,City of Carson,City of Carson,municipality,carson.granicus.com,granicus,no state for 'City of Carson'
archive,City of Carson,City of Carson,municipality,carson.granicus.com,granicus,no state for 'City of Carson'
ledger,City of Carson,City of Carson,municipality,carson.granicus.com,,no state for 'City of Carson'
archive,Corpus Christi ISD,Corpus Christi ISD,school_district,ccisd.granicus.com,granicus,no state for 'Corpus Christi ISD'
archive,Central Valley Flood Protection Board,Central Valley Flood Protection Board,other,centralvalleyflood.granicus.com,granicus,no state for 'Central Valley Flood Protection Board'
archive,Town of Chapel Hill,Town of Chapel Hill,municipality,chapelhill.granicus.com,granicus,no state for 'Town of Chapel Hill'
archive,Town of Chapel Hill,Town of Chapel Hill,municipality,chapelhill.granicus.com,granicus,no state for 'Town of Chapel Hill'
archive,Town of Chapel Hill,Town of Chapel Hill,municipality,chapelhill.legistar.com,granicus,no state for 'Town of Chapel Hill'
archive,St,St,other,city-slp-mn.cablecast.tv,cablecast,no state for 'St'
archive,City of Belmont,City of Belmont,municipality,cityofbelmont.civicweb.net,youtube,no state for 'City of Belmont'
archive,City of Clinton,City of Clinton,municipality,cityofclintoniowa.civicweb.net,youtube,no state for 'City of Clinton'
archive,City of Evanston,City of Evanston,municipality,cityofevanston.civicweb.net,youtube,no state for 'City of Evanston'
archive,City of Hawthorne,City of Hawthorne,municipality,cityofhawthorne.primegov.com,youtube,no state for 'City of Hawthorne'
archive,City of Hawthorne,City of Hawthorne,municipality,cityofhawthorne.primegov.com,youtube,no state for 'City of Hawthorne'
archive,City of Hawthorne,City of Hawthorne,municipality,cityofhawthorne.primegov.com,youtube,no state for 'City of Hawthorne'
ledger,City of Hawthorne,City of Hawthorne,municipality,cityofhawthorne.primegov.com,,no state for 'City of Hawthorne'
archive,City of Marion,City of Marion,municipality,cityofmarion.civicweb.net,youtube,no state for 'City of Marion'
archive,Nsb,Nsb,other,cityofnsb.granicus.com,granicus,"'Nsb' names no government on cityofnsb.granicus.com, whose pages resolve to us:place:1248625, and its only state came from that tenant"
archive,City of Palo Alto Amending Section,City of Palo Alto Amending Section,municipality,cityofpaloalto.primegov.com,youtube,no state for 'City of Palo Alto Amending Section'
archive,Pontiac,Pontiac,other,cityofpontiac.cablecast.tv,cablecast,no state for 'Pontiac'
archive,Pontiac,Pontiac,other,cityofpontiac.cablecast.tv,cablecast,no state for 'Pontiac'
archive,Pontiac,Pontiac,other,cityofpontiac.cablecast.tv,cablecast,no state for 'Pontiac'
archive,City of Racine,City of Racine,municipality,cityofracine.granicus.com,granicus,no state for 'City of Racine'
archive,the City of Rehoboth Beach,the City of Rehoboth Beach,other,cityofrehoboth.civicweb.net,youtube,"'the City of Rehoboth Beach' names no government on cityofrehoboth.civicweb.net, whose pages resolve to us:cousub:2500556375, and its only state came from that tenant"
archive,Santee,Santee,other,cityofsantee.cablecast.tv,cablecast,no state for 'Santee'
archive,City of Walnut,City of Walnut,municipality,cityofwalnut.granicus.com,granicus,no state for 'City of Walnut'
archive,City of Wayne,City of Wayne,municipality,cityofwayne.com,youtube,no state for 'City of Wayne'
archive,City of Walker,City of Walker,municipality,ciwalkermi.civicweb.net,youtube,no state for 'City of Walker'
archive,City of Walker,City of Walker,municipality,ciwalkermi.civicweb.net,youtube,no state for 'City of Walker'
ledger,City of Walker,City of Walker,municipality,ciwalkermi.civicweb.net,,no state for 'City of Walker'
archive,Clearwater County,Clearwater County,county,clearwatercounty.civicweb.net,youtube,no state for 'Clearwater County'
archive,Cumberland Town Council,Cumberland Town Council,other,clerkshq.com,youtube,no state for 'Cumberland Town Council'
archive,Pawtucket City Council,Pawtucket City Council,other,clerkshq.com,youtube,no state for 'Pawtucket City Council'
archive,Scituate Town Council,Scituate Town Council,other,clerkshq.com,youtube,no state for 'Scituate Town Council'
archive,South Kingstown School Committee,South Kingstown School Committee,school_district,clerkshq.com,youtube,no state for 'South Kingstown School Committee'
archive,West Warwick Town Council,West Warwick Town Council,other,clerkshq.com,youtube,no state for 'West Warwick Town Council'
archive,Unknown Jurisdiction,Unknown Jurisdiction,other,cms-k12-nc.granicus.com,granicus,no state for 'Unknown Jurisdiction'
archive,Coaldale,Coaldale,other,coaldale.civicweb.net,youtube,no state for 'Coaldale'
archive,Coaldale,Coaldale,other,coaldale.civicweb.net,youtube,no state for 'Coaldale'
archive,Coaldale,Coaldale,other,coaldale.civicweb.net,youtube,no state for 'Coaldale'
ledger,Coaldale,Coaldale,other,coaldale.civicweb.net,,no state for 'Coaldale'
archive,Columbus Wisconsin Meetings Hub,Columbus Wisconsin Meetings Hub,other,columbus-wi.municodemeetings.com,youtube,"'Columbus Wisconsin Meetings Hub' names no government on columbus-wi.municodemeetings.com, whose pages resolve to us:place:5516450, and its only state came from that tenant"
archive,City of Cottage Grove,City of Cottage Grove,municipality,cottagegroveor.gov,youtube,no state for 'City of Cottage Grove'
archive,California,California,other,csmfo.granicus.com,granicus,no state for 'California'
archive,Unknown Jurisdiction,Unknown Jurisdiction,other,csos.granicus.com,granicus,no state for 'Unknown Jurisdiction'
archive,City of Duncan Town,City of Duncan Town,municipality,cvrd.primegov.com,youtube,no state for 'City of Duncan Town'
archive,Duncan,Duncan,other,cvrd.primegov.com,youtube,no state for 'Duncan'
ledger,Duncan,Duncan,other,cvrd.primegov.com,,no state for 'Duncan'
archive,City of Plano,City of Plano,municipality,dart.new.swagit.com,swagit,no state for 'City of Plano'
archive,City of Dallas,City of Dallas,municipality,dcccd.new.swagit.com,swagit,no state for 'City of Dallas'
ledger,City of Dallas,City of Dallas,municipality,dcccd.new.swagit.com,,no state for 'City of Dallas'
archive,DC Water &amp; Sewer Authority,DC Water &amp; Sewer Authority,special_district,dcwasa.granicus.com,granicus,no state for 'DC Water &amp; Sewer Authority'
archive,City of Dearborn,City of Dearborn,municipality,dearborn.gov,youtube,no state for 'City of Dearborn'
archive,City of Derby,City of Derby,municipality,derby.civicweb.net,swagit,no state for 'City of Derby'
archive,Draper,Draper,other,draper.granicus.com,granicus,no state for 'Draper'
archive,Duncan,Duncan,other,duncan.civicweb.net,youtube,no state for 'Duncan'
archive,Duncan,Duncan,other,duncan.civicweb.net,youtube,no state for 'Duncan'
archive,Duncan,Duncan,other,duncan.civicweb.net,youtube,no state for 'Duncan'
ledger,Duncan,Duncan,other,duncan.civicweb.net,,no state for 'Duncan'
archive,Eastvale,Eastvale,other,eastvale.granicus.com,granicus,no state for 'Eastvale'
archive,City of Edina,City of Edina,municipality,edina.granicus.com,granicus,no state for 'City of Edina'
archive,Edwards Aquifer Authority,Edwards Aquifer Authority,special_district,edwardsaquifer.granicus.com,granicus,no state for 'Edwards Aquifer Authority'
archive,City of Evansville,City of Evansville,municipality,evansville.granicus.com,granicus,no state for 'City of Evansville'
archive,City of Everett,City of Everett,municipality,everett.granicus.com,granicus,no state for 'City of Everett'
archive,City of Farmington,City of Farmington,municipality,farmington.civicweb.net,youtube,no state for 'City of Farmington'
archive,City of Farmington,City of Farmington,municipality,farmington.civicweb.net,youtube,no state for 'City of Farmington'
archive,Unknown Jurisdiction,Unknown Jurisdiction,other,fortworthisd.granicus.com,granicus,no state for 'Unknown Jurisdiction'
archive,Cook County Forest Preserve District,Cook County Forest Preserve District,county,fpdcc.granicus.com,granicus,no state for 'Cook County Forest Preserve District'
archive,Fremont,Fremont,other,fremont.granicus.com,granicus,no state for 'Fremont'
archive,City of Fremont,City of Fremont,municipality,fremontne.gov,youtube,no state for 'City of Fremont'
archive,City of Fullerton,City of Fullerton,municipality,fullerton.granicus.com,granicus,no state for 'City of Fullerton'
archive,Fulton County,Fulton County,county,fulton.granicus.com,granicus,no state for 'Fulton County'
archive,Town of Gilbert,Town of Gilbert,municipality,gilbert.granicus.com,granicus,no state for 'Town of Gilbert'
archive,Unknown Jurisdiction,Unknown Jurisdiction,other,gpisd.granicus.com,granicus,no state for 'Unknown Jurisdiction'
archive,City of Greenville,City of Greenville,municipality,greenville.granicus.com,granicus,no state for 'City of Greenville'
archive,City of Greenville,City of Greenville,municipality,greenville.granicus.com,granicus,no state for 'City of Greenville'
ledger,City of Greenville,City of Greenville,municipality,greenville.granicus.com,,no state for 'City of Greenville'
archive,City of Gridley,City of Gridley,municipality,gridleyca.gov,youtube,no state for 'City of Gridley'
archive,City of Gulfport,City of Gulfport,municipality,gulfport.granicus.com,granicus,no state for 'City of Gulfport'
archive,City of Gulfport,City of Gulfport,municipality,gulfport.granicus.com,granicus,no state for 'City of Gulfport'
ledger,City of Gulfport,City of Gulfport,municipality,gulfport.granicus.com,,no state for 'City of Gulfport'
archive,City of Houston,City of Houston,municipality,harrishealthtx.new.swagit.com,swagit,no state for 'City of Houston'
archive,City of Hartford,City of Hartford,municipality,hartford.civicweb.net,youtube,no state for 'City of Hartford'
archive,City of Hartford,City of Hartford,municipality,hartford.civicweb.net,youtube,no state for 'City of Hartford'
archive,Holden,Holden,other,hctv.cablecast.tv,cablecast,no state for 'Holden'
archive,Holden,Holden,other,hctv.cablecast.tv,cablecast,no state for 'Holden'
archive,Holden,Holden,other,hctv.cablecast.tv,cablecast,no state for 'Holden'
ledger,Holden,Holden,other,hctv.cablecast.tv,,no state for 'Holden'
archive,The City of Hilliard,The City of Hilliard,other,hilliardohio.civicweb.net,youtube,no state for 'The City of Hilliard'
archive,"City of Hot Springs, Arkansas Government","City of Hot Springs, Arkansas Government",municipality,hotspringsar.gov,youtube,"no state for 'City of Hot Springs, Arkansas Government'"
archive,Unknown Jurisdiction,Unknown Jurisdiction,other,houstonisd.granicus.com,granicus,no state for 'Unknown Jurisdiction'
archive,Howard County,Howard County,county,howardcounty.granicus.com,granicus,no state for 'Howard County'
archive,Howard County,Howard County,county,howardcounty.granicus.com,granicus,no state for 'Howard County'
ledger,Howard County,Howard County,county,howardcounty.granicus.com,,no state for 'Howard County'
archive,Howard County Council,Howard County Council,county,howardcounty.granicus.com,granicus,no state for 'Howard County Council'
archive,High Plains Underground Water Conservation District No. 1,High Plains Underground Water Conservation District No. 1,special_district,hpwd.granicus.com,granicus,no state for 'High Plains Underground Water Conservation District No. 1'
archive,City of Huntsville.Ordinance No.,City of Huntsville.Ordinance No,municipality,huntsvilleal.granicus.com,granicus,"'City of Huntsville.Ordinance No.' names no government on huntsvilleal.granicus.com, whose pages resolve to us:place:0137000, and its only state came from that tenant"
archive,Huron Township,Huron Township,township,huron-township.cablecast.tv,cablecast,no state for 'Huron Township'
ledger,Huron Township,Huron Township,township,huron-township.cablecast.tv,,no state for 'Huron Township'
archive,Cal-ICMA,Cal-ICMA,other,icma.granicus.com,granicus,no state for 'Cal-ICMA'
archive,IEUA,IEUA,other,ieua.granicus.com,granicus,no state for 'IEUA'
archive,Unknown Jurisdiction,Unknown Jurisdiction,other,illinoistollway.granicus.com,granicus,no state for 'Unknown Jurisdiction'
archive,City of Portage,City of Portage,municipality,inportageparks.com,youtube,no state for 'City of Portage'
archive,City of Irvine,City of Irvine,municipality,irvine.granicus.com,granicus,no state for 'City of Irvine'
archive,Irvington,Irvington,other,irvington.granicus.com,granicus,no state for 'Irvington'
archive,Village of Irvington,Village of Irvington,municipality,irvington.granicus.com,granicus,no state for 'Village of Irvington'
ledger,Village of Irvington,Village of Irvington,municipality,irvington.granicus.com,,no state for 'Village of Irvington'
archive,Jurupa Area Recreation and Park District,Jurupa Area Recreation and Park District,special_district,jarpd.civicweb.net,youtube,no state for 'Jurupa Area Recreation and Park District'
archive,Kendall County,Kendall County,county,kendallcountytx.gov,youtube,no state for 'Kendall County'
archive,Municode Portal,Municode Portal,other,kingsport-tn.municodemeetings.com,youtube,"'Municode Portal' names no government on kingsport-tn.municodemeetings.com, whose pages resolve to us:place:4739560, and its only state came from that tenant"
archive,Unknown Jurisdiction,Unknown Jurisdiction,other,kpb.granicus.com,granicus,not a government name: 'Unknown Jurisdiction'
archive,Unknown Jurisdiction,Unknown Jurisdiction,other,lacanadaflintridge-ca.granicus.com,granicus,no state for 'Unknown Jurisdiction'
archive,La Center,La Center,other,lacenter.civicweb.net,youtube,no state for 'La Center'
archive,La Center,La Center,other,lacenter.civicweb.net,youtube,no state for 'La Center'
archive,La Center,La Center,other,lacenter.civicweb.net,youtube,no state for 'La Center'
ledger,La Center,La Center,other,lacenter.civicweb.net,,no state for 'La Center'
archive,County of Lake,County of Lake,county,lakecounty.granicus.com,granicus,no state for 'County of Lake'
archive,Lake County Illinois,Lake County Illinois,county,lakecounty.legistar.com,cablecast,no state for 'Lake County Illinois'
archive,City of Lake Forest,City of Lake Forest,municipality,lakeforest.primegov.com,youtube,no state for 'City of Lake Forest'
ledger,City of Lake Forest,City of Lake Forest,municipality,lakeforest.primegov.com,,no state for 'City of Lake Forest'
archive,"City of Lake Forest""","City of Lake Forest""",municipality,lakeforest.primegov.com,youtube,"no state for 'City of Lake Forest""'"
archive,City of Lancaster,City of Lancaster,municipality,lancaster.granicus.com,granicus,no state for 'City of Lancaster'
archive,La,La,other,laquinta.cablecast.tv,cablecast,"'La' names no government on laquinta.cablecast.tv, whose pages resolve to us:place:0640354, and its only state came from that tenant"
archive,La,La,other,laquinta.cablecast.tv,cablecast,"'La' names no government on laquinta.cablecast.tv, whose pages resolve to us:place:0640354, and its only state came from that tenant"
archive,La,La,other,laquinta.cablecast.tv,cablecast,"'La' names no government on laquinta.cablecast.tv, whose pages resolve to us:place:0640354, and its only state came from that tenant"
archive,City of Las Vegas,City of Las Vegas,municipality,lasvegas.primegov.com,youtube,no state for 'City of Las Vegas'
archive,City of Las Vegas,City of Las Vegas,municipality,lasvegas.primegov.com,youtube,no state for 'City of Las Vegas'
archive,City of Las Vegas,City of Las Vegas,municipality,lasvegas.primegov.com,youtube,no state for 'City of Las Vegas'
archive,City of Las Vegas,City of Las Vegas,municipality,lasvegas.primegov.com,youtube,no state for 'City of Las Vegas'
archive,City of Las Vegas,City of Las Vegas,municipality,lasvegas.primegov.com,youtube,no state for 'City of Las Vegas'
archive,City of Las Vegas,City of Las Vegas,municipality,lasvegas.primegov.com,youtube,no state for 'City of Las Vegas'
archive,City of Las Vegas,City of Las Vegas,municipality,lasvegas.primegov.com,youtube,no state for 'City of Las Vegas'
ledger,City of Las Vegas,City of Las Vegas,municipality,lasvegas.primegov.com,,no state for 'City of Las Vegas'
archive,Municode Portal,Municode Portal,other,laurel-md.municodemeetings.com,youtube,"'Municode Portal' names no government on laurel-md.municodemeetings.com, whose pages resolve to us:place:2445900, and its only state came from that tenant"
archive,La Usd,La Usd,school_district,lausd.granicus.com,granicus,no state for 'La Usd'
archive,Unknown Jurisdiction,Unknown Jurisdiction,other,lcd.granicus.com,granicus,not a government name: 'Unknown Jurisdiction'
archive,Unknown Jurisdiction,Unknown Jurisdiction,other,lcpsnm.granicus.com,granicus,no state for 'Unknown Jurisdiction'
archive,Lethbridge County,Lethbridge County,county,lethcounty.civicweb.net,youtube,no state for 'Lethbridge County'
archive,Lethbridge County,Lethbridge County,county,lethcounty.civicweb.net,youtube,no state for 'Lethbridge County'
ledger,Lethbridge County,Lethbridge County,county,lethcounty.civicweb.net,,no state for 'Lethbridge County'
archive,Unknown Jurisdiction,Unknown Jurisdiction,other,lewisvilleisd.granicus.com,granicus,no state for 'Unknown Jurisdiction'
archive,Lexington-Fayette Urban County Government,Lexington-Fayette Urban County Government,county,lfucg.granicus.com,granicus,no state for 'Lexington-Fayette Urban County Government'
archive,City of Lincoln,City of Lincoln,municipality,lincolnil.gov,youtube,no state for 'City of Lincoln'
archive,Long Island Power Authority,Long Island Power Authority,special_district,lipower.granicus.com,granicus,no state for 'Long Island Power Authority'
archive,"TV, NY",TV,special_district,lmctvny.new.swagit.com,swagit,"not a government name: 'TV, NY'"
archive,City of Lockport,City of Lockport,municipality,lockport.granicus.com,granicus,no state for 'City of Lockport'
archive,City of Longmont For The Fiscal,City of Longmont For The Fiscal,municipality,longmont.primegov.com,youtube,"'City of Longmont For The Fiscal' names no government on longmont.primegov.com, whose pages resolve to us:place:0845970, and its only state came from that tenant"
archive,City of Longview,City of Longview,municipality,longviewtexas.gov,youtube,no state for 'City of Longview'
archive,LOSSAN - OCTA,LOSSAN - OCTA,other,lossan.granicus.com,granicus,no state for 'LOSSAN - OCTA'
archive,City of Lees Summit,City of Lees Summit,municipality,lsmo.granicus.com,granicus,no state for 'City of Lees Summit'
archive,Madeira Beach Florida Meetings Hub,Madeira Beach Florida Meetings Hub,other,madeirabeach-fl.municodemeetings.com,youtube,"'Madeira Beach Florida Meetings Hub' names no government on madeirabeach-fl.municodemeetings.com, whose pages resolve to us:place:1242400, and its only state came from that tenant"
archive,Township of Mapleton,Township of Mapleton,township,mapleton.civicweb.net,youtube,no state for 'Township of Mapleton'
archive,Township of Mapleton,Township of Mapleton,township,mapleton.civicweb.net,youtube,no state for 'Township of Mapleton'
archive,Township of Mapleton,Township of Mapleton,township,mapleton.civicweb.net,youtube,no state for 'Township of Mapleton'
ledger,Township of Mapleton,Township of Mapleton,township,mapleton.civicweb.net,,no state for 'Township of Mapleton'
archive,Unknown Jurisdiction,Unknown Jurisdiction,other,matanuska.granicus.com,granicus,not a government name: 'Unknown Jurisdiction'
archive,Unknown Jurisdiction,Unknown Jurisdiction,other,matatransit.granicus.com,granicus,not a government name: 'Unknown Jurisdiction'
archive,Montgomery County,Montgomery County,county,mc-ala.civicweb.net,youtube,no state for 'Montgomery County'
archive,City of Mesa,City of Mesa,municipality,mesa.legistar.com,youtube,no state for 'City of Mesa'
archive,City of Mesa,City of Mesa,municipality,mesa.legistar.com,youtube,no state for 'City of Mesa'
archive,City of Mesa,City of Mesa,municipality,mesa.legistar.com,youtube,no state for 'City of Mesa'
archive,City of Mesa,City of Mesa,municipality,mesa.legistar.com,youtube,no state for 'City of Mesa'
ledger,City of Mesa,City of Mesa,municipality,mesa.legistar.com,,no state for 'City of Mesa'
archive,Metra Railroad,Metra Railroad,other,metrarr.granicus.com,granicus,no state for 'Metra Railroad'
archive,Metrolink,Metrolink,other,metrolink.granicus.com,granicus,no state for 'Metrolink'
ledger,Caledonia Township,Caledonia Township,township,mi-caledoniachartertownship.civicplus.com,,"'Caledonia Township' names no government on mi-caledoniachartertownship.civicplus.com, whose pages resolve to us:cousub:2615512520, and its only state came from that tenant"
archive,Modesto Irrigation District,Modesto Irrigation District,special_district,mid.granicus.com,granicus,no state for 'Modesto Irrigation District'
archive,City of Middletown,City of Middletown,municipality,middletown.granicus.com,granicus,no state for 'City of Middletown'
archive,City of Midland,City of Midland,municipality,midland.granicus.com,granicus,no state for 'City of Midland'
archive,City of Millersburg,City of Millersburg,municipality,millersburgoregon.gov,youtube,no state for 'City of Millersburg'
archive,MLGW,MLGW,other,mlgw.iqm2.com,iqm2,no state for 'MLGW'
archive,MLGW,MLGW,other,mlgw.iqm2.com,iqm2,no state for 'MLGW'
archive,The Maryland-National Capital Park & Planning Commission,The Maryland-National Capital Park & Planning Commission,special_district,mncppc.iqm2.com,iqm2,no state for 'The Maryland-National Capital Park & Planning Commission'
archive,The Maryland-National Capital Park & Planning Commission,The Maryland-National Capital Park & Planning Commission,special_district,mncppc.iqm2.com,iqm2,no state for 'The Maryland-National Capital Park & Planning Commission'
archive,Unknown Jurisdiction,Unknown Jurisdiction,other,mojavewater.granicus.com,granicus,not a government name: 'Unknown Jurisdiction'
archive,Morrisville,Morrisville,other,morrisville.granicus.com,granicus,no state for 'Morrisville'
archive,Mountain View County,Mountain View County,county,mountainviewcounty.civicweb.net,youtube,no state for 'Mountain View County'
archive,Mountain View County,Mountain View County,county,mountainviewcounty.civicweb.net,youtube,no state for 'Mountain View County'
ledger,Mountain View County,Mountain View County,county,mountainviewcounty.civicweb.net,,no state for 'Mountain View County'
archive,Minneapolis Public Schools,Minneapolis Public Schools,school_district,mplsk12mn.granicus.com,granicus,no state for 'Minneapolis Public Schools'
archive,Mw Rd,Mw Rd,other,mwrd.granicus.com,granicus,no state for 'Mw Rd'
archive,City of Nampa,City of Nampa,municipality,nampa.primegov.com,youtube,no state for 'City of Nampa'
archive,City of Nampa,City of Nampa,municipality,nampa.primegov.com,youtube,no state for 'City of Nampa'
archive,City of Nampa,City of Nampa,municipality,nampa.primegov.com,youtube,no state for 'City of Nampa'
ledger,City of Nampa,City of Nampa,municipality,nampa.primegov.com,,no state for 'City of Nampa'
archive,City of Nelson,City of Nelson,municipality,nelson.civicweb.net,youtube,no state for 'City of Nelson'
archive,City of Nelson,City of Nelson,municipality,nelson.civicweb.net,youtube,no state for 'City of Nelson'
ledger,City of Nelson,City of Nelson,municipality,nelson.civicweb.net,,no state for 'City of Nelson'
archive,New Brighton,New Brighton,other,newbrighton.granicus.com,granicus,no state for 'New Brighton'
archive,City of New Carlisle,City of New Carlisle,municipality,newcarlisleohio.gov,youtube,no state for 'City of New Carlisle'
archive,City of Newton,City of Newton,municipality,newtonkansas.civicweb.net,youtube,no state for 'City of Newton'
archive,City of Newton,City of Newton,municipality,newtonkansas.civicweb.net,youtube,no state for 'City of Newton'
ledger,City of Newton,City of Newton,municipality,newtonkansas.civicweb.net,,no state for 'City of Newton'
archive,Township of Newtown,Township of Newtown,township,newtowntownship.civicweb.net,youtube,no state for 'Township of Newtown'
archive,Township of Newtown,Township of Newtown,township,newtowntownship.civicweb.net,youtube,no state for 'Township of Newtown'
ledger,Township of Newtown,Township of Newtown,township,newtowntownship.civicweb.net,,no state for 'Township of Newtown'
archive,Meeting Portal,Meeting Portal,other,northsaanich.civicweb.net,youtube,no state for 'Meeting Portal'
archive,Unknown Jurisdiction,Unknown Jurisdiction,other,northsalemschools.granicus.com,granicus,no state for 'Unknown Jurisdiction'
archive,Northern Rockies Regional Municipality,Northern Rockies Regional Municipality,special_district,nr.civicweb.net,youtube,no state for 'Northern Rockies Regional Municipality'
archive,Unknown Jurisdiction,Unknown Jurisdiction,other,nrhtx.granicus.com,granicus,"'Unknown Jurisdiction' names no government on nrhtx.granicus.com, whose pages resolve to us:place:4852356, and its only state came from that tenant"
archive,Ny State Assembly,State of Ny,state,nystateassembly.granicus.com,granicus,no state for 'Ny State Assembly'
archive,Oakdale,Oakdale,other,oakdalemn.gov,youtube,no state for 'Oakdale'
archive,Unknown Jurisdiction,Unknown Jurisdiction,other,olelo.granicus.com,granicus,no state for 'Unknown Jurisdiction'
archive,Unknown Jurisdiction,Unknown Jurisdiction,other,onelakewood.granicus.com,granicus,not a government name: 'Unknown Jurisdiction'
archive,Oregon Metro Council,Oregon Metro Council,other,oregonmetro.granicus.com,granicus,no state for 'Oregon Metro Council'
archive,Unknown Jurisdiction,Unknown Jurisdiction,other,oregonpuc.granicus.com,granicus,no state for 'Unknown Jurisdiction'
archive,Park County,Park County,county,parkcounty.granicus.com,granicus,no state for 'Park County'
archive,City of Pasadena,City of Pasadena,municipality,pasadena.granicus.com,granicus,no state for 'City of Pasadena'
archive,City of Pasadena,City of Pasadena,municipality,pasadena.granicus.com,granicus,no state for 'City of Pasadena'
archive,City of Pasadena,City of Pasadena,municipality,pasadena.granicus.com,granicus,no state for 'City of Pasadena'
archive,City of Pasadena,City of Pasadena,municipality,pasadena.granicus.com,granicus,no state for 'City of Pasadena'
ledger,City of Pasadena,City of Pasadena,municipality,pasadena.granicus.com,,no state for 'City of Pasadena'
archive,Pasadena Community College,Pasadena Community College,school_district,pasadenaedu.granicus.com,granicus,no state for 'Pasadena Community College'
archive,Pcb Gov,Pcb Gov,other,pcbgov.granicus.com,granicus,"'Pcb Gov' names no government on pcbgov.granicus.com, whose pages resolve to us:place:1254725, and its only state came from that tenant"
archive,the Town of Perth,the Town of Perth,other,perth.civicweb.net,youtube,no state for 'the Town of Perth'
archive,City of Phoenix,City of Phoenix,municipality,phoenix.legistar.com,youtube,no state for 'City of Phoenix'
ledger,Phoenix,Phoenix,other,phoenix.legistar.com,,no state for 'Phoenix'
archive,Unknown Jurisdiction,Unknown Jurisdiction,other,pioneercommunityenergy.granicus.com,granicus,no state for 'Unknown Jurisdiction'
archive,ElPaso County Colorado,ElPaso County Colorado,county,play.champds.com,champds,no state for 'ElPaso County Colorado'
archive,City of Pleasant Hill,City of Pleasant Hill,municipality,pleasanthill.granicus.com,granicus,no state for 'City of Pleasant Hill'
archive,City of Pleasant Hill,City of Pleasant Hill,municipality,pleasanthill.granicus.com,granicus,no state for 'City of Pleasant Hill'
ledger,City of Pleasant Hill,City of Pleasant Hill,municipality,pleasanthill.granicus.com,,no state for 'City of Pleasant Hill'
archive,City of Portage,City of Portage,municipality,portagein.gov,youtube,no state for 'City of Portage'
archive,Unknown Jurisdiction,Unknown Jurisdiction,other,portofla.granicus.com,granicus,not a government name: 'Unknown Jurisdiction'
archive,Unknown Jurisdiction,Unknown Jurisdiction,other,portofsandiego.granicus.com,granicus,no state for 'Unknown Jurisdiction'
archive,Town of Princeton,Town of Princeton,municipality,princeton.civicweb.net,youtube,no state for 'Town of Princeton'
archive,Town of Princeton,Town of Princeton,municipality,princeton.civicweb.net,youtube,no state for 'Town of Princeton'
archive,Town of Princeton,Town of Princeton,municipality,princeton.civicweb.net,youtube,no state for 'Town of Princeton'
ledger,Town of Princeton,Town of Princeton,municipality,princeton.civicweb.net,,no state for 'Town of Princeton'
archive,"Ps C, FL",Ps C,other,psc-fl.granicus.com,granicus,"not a government name: 'Ps C, FL'"
archive,Bruce County,Bruce County,county,pub-brucecounty.escribemeetings.com,escribe,no state for 'Bruce County'
archive,Bruce County,Bruce County,county,pub-brucecounty.escribemeetings.com,escribe,no state for 'Bruce County'
archive,Bruce County,Bruce County,county,pub-brucecounty.escribemeetings.com,escribe,no state for 'Bruce County'
ledger,Bruce County,Bruce County,county,pub-brucecounty.escribemeetings.com,,no state for 'Bruce County'
archive,Cambridge,Cambridge,other,pub-cambridge.escribemeetings.com,escribe,no state for 'Cambridge'
archive,City of Cambridge,City of Cambridge,municipality,pub-cambridge.escribemeetings.com,escribe,no state for 'City of Cambridge'
archive,City of Cambridge,City of Cambridge,municipality,pub-cambridge.escribemeetings.com,escribe,no state for 'City of Cambridge'
archive,City of Cambridge,City of Cambridge,municipality,pub-cambridge.escribemeetings.com,escribe,no state for 'City of Cambridge'
archive,City of Cambridge,City of Cambridge,municipality,pub-cambridge.escribemeetings.com,escribe,no state for 'City of Cambridge'
ledger,City of Cambridge,City of Cambridge,municipality,pub-cambridge.escribemeetings.com,,no state for 'City of Cambridge'
archive,Chula Vista Public Comments,Chula Vista Public Comments,other,pub-chulavista.escribemeetings.com,escribe,"'Chula Vista Public Comments' names no government on pub-chulavista.escribemeetings.com, whose pages resolve to us:place:0613392, and its only state came from that tenant"
archive,Clearview,Clearview,other,pub-clearview.escribemeetings.com,escribe,no state for 'Clearview'
archive,Cofs,Cofs,other,pub-cofs.escribemeetings.com,escribe,"'Cofs' names no government on pub-cofs.escribemeetings.com, whose pages resolve to ca:csd:4811056, and its only state came from that tenant"
archive,Town of Creston,Town of Creston,municipality,pub-creston.escribemeetings.com,escribe,no state for 'Town of Creston'
archive,Town of Creston,Town of Creston,municipality,pub-creston.escribemeetings.com,escribe,no state for 'Town of Creston'
archive,Cvr D,Cvr D,other,pub-cvrd.escribemeetings.com,escribe,no state for 'Cvr D'
archive,County of Elgin,County of Elgin,county,pub-elgincounty.escribemeetings.com,escribe,no state for 'County of Elgin'
archive,Elliot Lake GIS Services SSMIC,Elliot Lake GIS Services SSMIC,other,pub-elliotlake.escribemeetings.com,escribe,"'Elliot Lake GIS Services SSMIC' names no government on pub-elliotlake.escribemeetings.com, whose pages resolve to ca:csd:3557041, and its only state came from that tenant"
archive,Fairfield,Fairfield,other,pub-fairfield.escribemeetings.com,escribe,no state for 'Fairfield'
archive,Halifax,Halifax,other,pub-halifax.escribemeetings.com,escribe,no state for 'Halifax'
archive,Halifax,Halifax,other,pub-halifax.escribemeetings.com,escribe,no state for 'Halifax'
archive,Halifax,Halifax,other,pub-halifax.escribemeetings.com,escribe,no state for 'Halifax'
archive,City of Hamilton,City of Hamilton,municipality,pub-hamilton.escribemeetings.com,escribe,no state for 'City of Hamilton'
archive,City of Hamilton,City of Hamilton,municipality,pub-hamilton.escribemeetings.com,escribe,no state for 'City of Hamilton'
ledger,City of Hamilton,City of Hamilton,municipality,pub-hamilton.escribemeetings.com,,no state for 'City of Hamilton'
archive,King,King,other,pub-king.escribemeetings.com,escribe,no state for 'King'
archive,City of Langford,City of Langford,municipality,pub-langford.escribemeetings.com,escribe,no state for 'City of Langford'
archive,City of Langford,City of Langford,municipality,pub-langford.escribemeetings.com,escribe,no state for 'City of Langford'
archive,Langford,Langford,other,pub-langford.escribemeetings.com,escribe,no state for 'Langford'
archive,Leduc County,Leduc County,county,pub-leduc-county.escribemeetings.com,escribe,no state for 'Leduc County'
archive,Leeds1000Islands,Leeds1000Islands,other,pub-leeds1000islands.escribemeetings.com,escribe,no state for 'Leeds1000Islands'
archive,Leeds1000Islands,Leeds1000Islands,other,pub-leeds1000islands.escribemeetings.com,escribe,no state for 'Leeds1000Islands'
archive,Lincoln,Lincoln,other,pub-lincoln.escribemeetings.com,escribe,no state for 'Lincoln'
archive,Town of Lincoln,Town of Lincoln,municipality,pub-lincoln.escribemeetings.com,escribe,no state for 'Town of Lincoln'
archive,Town of Lincoln,Town of Lincoln,municipality,pub-lincoln.escribemeetings.com,escribe,no state for 'Town of Lincoln'
ledger,Town of Lincoln,Town of Lincoln,municipality,pub-lincoln.escribemeetings.com,,no state for 'Town of Lincoln'
archive,Llbc,Llbc,other,pub-llbc.escribemeetings.com,escribe,not a government name: 'Llbc'
archive,City of London,City of London,municipality,pub-london.escribemeetings.com,escribe,no state for 'City of London'
archive,City of London,City of London,municipality,pub-london.escribemeetings.com,escribe,no state for 'City of London'
archive,City of London,City of London,municipality,pub-london.escribemeetings.com,escribe,no state for 'City of London'
ledger,City of London,City of London,municipality,pub-london.escribemeetings.com,,no state for 'City of London'
archive,City of Mission,City of Mission,municipality,pub-mission.escribemeetings.com,escribe,no state for 'City of Mission'
archive,Mission,Mission,other,pub-mission.escribemeetings.com,escribe,no state for 'Mission'
archive,Mission,Mission,other,pub-mission.escribemeetings.com,escribe,no state for 'Mission'
archive,Norfolk County,Norfolk County,county,pub-norfolkcounty.escribemeetings.com,escribe,no state for 'Norfolk County'
archive,Norfolk County,Norfolk County,county,pub-norfolkcounty.escribemeetings.com,escribe,no state for 'Norfolk County'
ledger,Norfolk County,Norfolk County,county,pub-norfolkcounty.escribemeetings.com,,no state for 'Norfolk County'
archive,North Bay,North Bay,other,pub-northbay.escribemeetings.com,escribe,no state for 'North Bay'
archive,North Bay By,North Bay By,other,pub-northbay.escribemeetings.com,escribe,no state for 'North Bay By'
archive,Notl,Notl,other,pub-notl.escribemeetings.com,escribe,"'Notl' names no government on pub-notl.escribemeetings.com, whose pages resolve to ca:csd:3526047, and its only state came from that tenant"
archive,Town of Oliver,Town of Oliver,municipality,pub-oliver.escribemeetings.com,escribe,no state for 'Town of Oliver'
archive,Town of Oliver,Town of Oliver,municipality,pub-oliver.escribemeetings.com,escribe,no state for 'Town of Oliver'
archive,Town of Oliver,Town of Oliver,municipality,pub-oliver.escribemeetings.com,escribe,no state for 'Town of Oliver'
archive,Oneinvestmentprogram,Oneinvestmentprogram,other,pub-oneinvestmentprogram.escribemeetings.com,escribe,"'Oneinvestmentprogram' names no government on pub-oneinvestmentprogram.escribemeetings.com, whose pages resolve to ca:csd:3543007, and its only state came from that tenant"
archive,Palm Desert City Negotiator,Palm Desert City Negotiator,other,pub-palmdesert.escribemeetings.com,escribe,"'Palm Desert City Negotiator' names no government on pub-palmdesert.escribemeetings.com, whose pages resolve to us:place:0655184, and its only state came from that tenant"
archive,Town of Paradise,Town of Paradise,municipality,pub-paradise.escribemeetings.com,escribe,no state for 'Town of Paradise'
archive,Town of Paradise,Town of Paradise,municipality,pub-paradise.escribemeetings.com,escribe,no state for 'Town of Paradise'
archive,Town of Paradise,Town of Paradise,municipality,pub-paradise.escribemeetings.com,escribe,no state for 'Town of Paradise'
archive,Port Hope,Port Hope,other,pub-porthope.escribemeetings.com,escribe,no state for 'Port Hope'
archive,Port Hope,Port Hope,other,pub-porthope.escribemeetings.com,escribe,no state for 'Port Hope'
ledger,Port Hope,Port Hope,other,pub-porthope.escribemeetings.com,,no state for 'Port Hope'
archive,Prescott,Prescott,other,pub-prescott.escribemeetings.com,escribe,no state for 'Prescott'
archive,Rmwb,Rmwb,other,pub-rmwb.escribemeetings.com,escribe,no state for 'Rmwb'
archive,Saline County,Saline County,county,pub-salinecounty.escribemeetings.com,escribe,no state for 'Saline County'
archive,Saline County,Saline County,county,pub-salinecounty.escribemeetings.com,escribe,no state for 'Saline County'
archive,Sd57,Sd57,other,pub-sd57.escribemeetings.com,escribe,no state for 'Sd57'
archive,Sd57,Sd57,other,pub-sd57.escribemeetings.com,escribe,no state for 'Sd57'
archive,Stratford Ad,Stratford Ad,other,pub-stratford.escribemeetings.com,escribe,no state for 'Stratford Ad'
archive,Townofws,Townofws,other,pub-townofws.escribemeetings.com,escribe,"'Townofws' names no government on pub-townofws.escribemeetings.com, whose pages resolve to ca:csd:3519044, and its only state came from that tenant"
archive,Twpec,Twpec,other,pub-twpec.escribemeetings.com,escribe,no state for 'Twpec'
archive,Vermilion,Vermilion,other,pub-vermilion.escribemeetings.com,escribe,no state for 'Vermilion'
archive,City of Vernon,City of Vernon,municipality,pub-vernon.escribemeetings.com,escribe,no state for 'City of Vernon'
archive,West Kelowna Council Chambers,West Kelowna Council Chambers,other,pub-westkelowna.escribemeetings.com,escribe,"'West Kelowna Council Chambers' names no government on pub-westkelowna.escribemeetings.com, whose pages resolve to ca:csd:5935029, and its only state came from that tenant"
archive,City of White Rock,City of White Rock,municipality,pub-whiterockcity.escribemeetings.com,escribe,no state for 'City of White Rock'
archive,City of White Rock,City of White Rock,municipality,pub-whiterockcity.escribemeetings.com,escribe,no state for 'City of White Rock'
archive,Wilmot,Wilmot,other,pub-wilmot.escribemeetings.com,escribe,no state for 'Wilmot'
archive,Wilmot,Wilmot,other,pub-wilmot.escribemeetings.com,escribe,no state for 'Wilmot'
ledger,Wilmot,Wilmot,other,pub-wilmot.escribemeetings.com,,no state for 'Wilmot'
archive,State of Nevada Public Utilities Commission,State of Nevada Public Utilities Commission,state,pucnv.granicus.com,granicus,no state for 'State of Nevada Public Utilities Commission'
archive,Unknown Jurisdiction,Unknown Jurisdiction,other,pvestates.granicus.com,granicus,not a government name: 'Unknown Jurisdiction'
archive,qathet Regional District,qathet Regional District,special_district,qathetrd.civicweb.net,youtube,no state for 'qathet Regional District'
archive,Unknown Jurisdiction,Unknown Jurisdiction,other,rdale.granicus.com,granicus,not a government name: 'Unknown Jurisdiction'
archive,The Town of Redcliff,The Town of Redcliff,other,redcliff.civicweb.net,youtube,no state for 'The Town of Redcliff'
archive,City of Richmond,City of Richmond,municipality,richmond.granicus.com,granicus,no state for 'City of Richmond'
archive,City of Richwood Texas,City of Richwood Texas,municipality,richwood-tx.municodemeetings.com,youtube,"'City of Richwood Texas' names no government on richwood-tx.municodemeetings.com, whose pages resolve to us:place:4861904, and its only state came from that tenant"
archive,Ride Uta,Ride Uta,other,rideuta.granicus.com,granicus,no state for 'Ride Uta'
archive,Regional Transportation Authority (Chicago),Regional Transportation Authority (Chicago),special_district,rtachicago.granicus.com,granicus,no state for 'Regional Transportation Authority (Chicago)'
archive,Salem,Salem,other,salem.cablecast.tv,cablecast,no state for 'Salem'
archive,Unknown Jurisdiction,Unknown Jurisdiction,other,sanantonioisd.granicus.com,granicus,no state for 'Unknown Jurisdiction'
archive,City of Sandy,City of Sandy,municipality,sandy.civicweb.net,youtube,no state for 'City of Sandy'
archive,City of Sandy,City of Sandy,municipality,sandy.civicweb.net,youtube,no state for 'City of Sandy'
archive,City of Sandy,City of Sandy,municipality,sandy.civicweb.net,youtube,no state for 'City of Sandy'
ledger,City of Sandy,City of Sandy,municipality,sandy.civicweb.net,,no state for 'City of Sandy'
archive,Unknown Jurisdiction,Unknown Jurisdiction,other,sandyutah.granicus.com,granicus,not a government name: 'Unknown Jurisdiction'
archive,City of San Marcos,City of San Marcos,municipality,sanmarcos.granicus.com,granicus,no state for 'City of San Marcos'
archive,City of Saratoga Springs,City of Saratoga Springs,municipality,saratogasprings-ut.gov,youtube,no state for 'City of Saratoga Springs'
ledger,City of Saratoga Springs,City of Saratoga Springs,municipality,saratogasprings-ut.gov,,no state for 'City of Saratoga Springs'
archive,Unknown Jurisdiction,Unknown Jurisdiction,other,scag.granicus.com,granicus,not a government name: 'Unknown Jurisdiction'
archive,Southern California Association of Governments,Southern California Association of Governments,special_district,scag.iqm2.com,iqm2,no state for 'Southern California Association of Governments'
archive,Southern California Association of Governments,Southern California Association of Governments,special_district,scag.iqm2.com,iqm2,no state for 'Southern California Association of Governments'
archive,Unknown Jurisdiction,Unknown Jurisdiction,other,scvwd.granicus.com,granicus,no state for 'Unknown Jurisdiction'
archive,South Coast Water District,South Coast Water District,special_district,scwd.granicus.com,granicus,no state for 'South Coast Water District'
archive,San Diego County Retirement Association,San Diego County Retirement Association,county,sdcera.granicus.com,granicus,no state for 'San Diego County Retirement Association'
archive,"City of Sb""","City of Sb""",municipality,sealbeach.primegov.com,youtube,"'City of Sb""' names no government on sealbeach.primegov.com, whose pages resolve to us:place:0670686, and its only state came from that tenant"
archive,County of Sedgwick,County of Sedgwick,county,sedgwick.granicus.com,granicus,no state for 'County of Sedgwick'
archive,Unknown Jurisdiction,Unknown Jurisdiction,other,sfha.granicus.com,granicus,no state for 'Unknown Jurisdiction'
archive,"S Fw, MD",S Fw,other,sfwmd.granicus.com,granicus,"not a government name: 'S Fw, MD'"
archive,South Florida Water Management District,South Florida Water Management District,special_district,sfwmd.iqm2.com,iqm2,no state for 'South Florida Water Management District'
archive,South Florida Water Management District,South Florida Water Management District,special_district,sfwmd.iqm2.com,iqm2,no state for 'South Florida Water Management District'
archive,City of St. George,City of St. George,municipality,sgcityutah.gov,youtube,no state for 'City of St. George'
archive,Town of Sidney,Town of Sidney,municipality,sidney.civicweb.net,youtube,no state for 'Town of Sidney'
archive,Town of Sidney,Town of Sidney,municipality,sidney.civicweb.net,youtube,no state for 'Town of Sidney'
archive,Town of Sidney,Town of Sidney,municipality,sidney.civicweb.net,youtube,no state for 'Town of Sidney'
ledger,Town of Sidney,Town of Sidney,municipality,sidney.civicweb.net,,no state for 'Town of Sidney'
archive,City of Sitka,City of Sitka,municipality,sitka.granicus.com,granicus,no state for 'City of Sitka'
archive,SLRD,SLRD,other,slrd.civicweb.net,youtube,no state for 'SLRD'
archive,Unknown Jurisdiction,Unknown Jurisdiction,other,smud.granicus.com,granicus,no state for 'Unknown Jurisdiction'
archive,Sonoma County Library,Sonoma County Library,special_district,sonomalibrary.civicweb.net,youtube,no state for 'Sonoma County Library'
archive,Unknown Jurisdiction,Unknown Jurisdiction,other,sonomamarintrain.granicus.com,granicus,not a government name: 'Unknown Jurisdiction'
archive,The City of Spokane Valley,The City of Spokane Valley,other,spokanevalley.granicus.com,granicus,no state for 'The City of Spokane Valley'
archive,City of Stockton,City of Stockton,municipality,stockton.granicus.com,granicus,no state for 'City of Stockton'
archive,City of Saint Paul,City of Saint Paul,municipality,stpaul.granicus.com,granicus,no state for 'City of Saint Paul'
archive,City of Saint Paul,City of Saint Paul,municipality,stpaul.granicus.com,granicus,no state for 'City of Saint Paul'
archive,Arizona Supreme Court,Arizona Supreme Court,court,supremestateaz.granicus.com,granicus,no state for 'Arizona Supreme Court'
archive,Syosset School District,Syosset School District,school_district,syossetsdny.iqm2.com,iqm2,no state for 'Syosset School District'
archive,Unknown Jurisdiction,Unknown Jurisdiction,other,tahoecitypud.granicus.com,granicus,no state for 'Unknown Jurisdiction'
archive,City of Houston,City of Houston,municipality,techsupport.primegov.com,youtube,no state for 'City of Houston'
archive,Unknown Jurisdiction,Unknown Jurisdiction,other,tlchouse.granicus.com,granicus,no state for 'Unknown Jurisdiction'
archive,New Boston,New Boston,other,townhallstreams.com,townhallstreams,no state for 'New Boston'
archive,Northern Dakota County,Northern Dakota County,county,townsquaretv.granicus.com,granicus,no state for 'Northern Dakota County'
archive,City of Hamilton,City of Hamilton,municipality,tvhamilton.cablecast.tv,cablecast,no state for 'City of Hamilton'
archive,Hamilton,Hamilton,other,tvhamilton.cablecast.tv,cablecast,no state for 'Hamilton'
archive,Hamilton,Hamilton,other,tvhamilton.cablecast.tv,cablecast,no state for 'Hamilton'
archive,Ashland,Ashland,other,u.peg.tv,telvue,no state for 'Ashland'
archive,City of Umatilla,City of Umatilla,municipality,umatilla.civicweb.net,youtube,no state for 'City of Umatilla'
archive,Washington,Washington,other,utc-wa.granicus.com,granicus,no state for 'Washington'
archive,City of Verona,City of Verona,municipality,veronawi.gov,youtube,no state for 'City of Verona'
archive,County of San Bernardino Comprehensive Treatment,County of San Bernardino Comprehensive Treatment,county,victorvilleca.primegov.com,youtube,"'County of San Bernardino Comprehensive Treatment' names no government on victorvilleca.primegov.com, whose pages resolve to us:place:0682590, and its only state came from that tenant"
archive,Albany Common,Albany Common,other,videoplayer.telvue.com,telvue,no state for 'Albany Common'
archive,Ashland,Ashland,other,videoplayer.telvue.com,telvue,no state for 'Ashland'
archive,Ashland,Ashland,other,videoplayer.telvue.com,telvue,no state for 'Ashland'
archive,Bellefonte Borough,Bellefonte Borough,municipality,videoplayer.telvue.com,telvue,no state for 'Bellefonte Borough'
archive,Bellefonte Borough,Bellefonte Borough,municipality,videoplayer.telvue.com,telvue,no state for 'Bellefonte Borough'
archive,MCS,MCS,other,videoplayer.telvue.com,telvue,no state for 'MCS'
archive,Summit Planning,Summit Planning,other,videoplayer.telvue.com,telvue,no state for 'Summit Planning'
archive,WB,WB,other,videoplayer.telvue.com,telvue,no state for 'WB'
archive,Unknown Jurisdiction,Unknown Jurisdiction,other,villageofgreenport.granicus.com,granicus,no state for 'Unknown Jurisdiction'
archive,City of Lakeland,City of Lakeland,municipality,vimeo.com,vimeo,no state for 'City of Lakeland'
archive,City of Plymouth,City of Plymouth,municipality,vimeo.com,vimeo,no state for 'City of Plymouth'
archive,Covington,Covington,other,vimeo.com,vimeo,no state for 'Covington'
archive,Hopkins,Hopkins,other,vimeo.com,vimeo,no state for 'Hopkins'
archive,Jefferson Parish,Jefferson Parish,county,vimeo.com,vimeo,no state for 'Jefferson Parish'
archive,Mason County,Mason County,county,vimeo.com,vimeo,no state for 'Mason County'
archive,Peters Township,Peters Township,township,vimeo.com,vimeo,no state for 'Peters Township'
archive,Salisbury,Salisbury,other,vimeo.com,vimeo,no state for 'Salisbury'
archive,Walton County,Walton County,county,walton.civicweb.net,youtube,no state for 'Walton County'
archive,Walton County Meetings Portal,Walton County Meetings Portal,county,waltoncounty-ga.municodemeetings.com,youtube,"'Walton County Meetings Portal' names no government on waltoncounty-ga.municodemeetings.com, whose pages resolve to us:county:13297, and its only state came from that tenant"
archive,Watertown,Watertown,other,watertown.civicweb.net,youtube,no state for 'Watertown'
archive,City of Waverly,City of Waverly,municipality,waverly.civicweb.net,youtube,no state for 'City of Waverly'
archive,City of Waverly,City of Waverly,municipality,waverly.civicweb.net,youtube,no state for 'City of Waverly'
archive,West County Wastewater,West County Wastewater,other,wcwd.civicweb.net,youtube,no state for 'West County Wastewater'
archive,Westfield,Westfield,other,westfieldnj.gov,youtube,no state for 'Westfield'
archive,Unknown Jurisdiction,Unknown Jurisdiction,other,westspringfieldma.granicus.com,granicus,not a government name: 'Unknown Jurisdiction'
archive,City of Williamsburg,City of Williamsburg,municipality,williamsburg.civicweb.net,youtube,no state for 'City of Williamsburg'
archive,City of Williamsburg,City of Williamsburg,municipality,williamsburg.civicweb.net,youtube,no state for 'City of Williamsburg'
archive,Willow Park Texas Meetings Hub,Willow Park Texas Meetings Hub,other,willowpark-tx.municodemeetings.com,youtube,"'Willow Park Texas Meetings Hub' names no government on willowpark-tx.municodemeetings.com, whose pages resolve to us:place:4879492, and its only state came from that tenant"
archive,City of Lees Summit,City of Lees Summit,municipality,winston-salem.granicus.com,granicus,"'City of Lees Summit' names no government on winston-salem.granicus.com, whose pages resolve to us:place:3775000, and its only state came from that tenant"
archive,City of Woodland,City of Woodland,municipality,woodland.civicweb.net,youtube,no state for 'City of Woodland'
archive,City of Woodland,City of Woodland,municipality,woodland.civicweb.net,youtube,no state for 'City of Woodland'
archive,City of Woodland,City of Woodland,municipality,woodland.civicweb.net,youtube,no state for 'City of Woodland'
ledger,City of Woodland,City of Woodland,municipality,woodland.civicweb.net,,no state for 'City of Woodland'
archive,Town of Woodside,Town of Woodside,municipality,woodsideca.gov,youtube,no state for 'Town of Woodside'
archive,Washington Suburban Sanitary Commission,Washington Suburban Sanitary Commission,special_district,wsscwater.granicus.com,granicus,no state for 'Washington Suburban Sanitary Commission'
archive,Aberdeen,Aberdeen,other,www.aberdeenwa.gov,youtube,no state for 'Aberdeen'
archive,Open Publica,Open Publica,other,www.openpublica.com,unknown,no state for 'Open Publica'
archive,Richland Center Wisconsin,Richland Center Wisconsin,other,www.richlandcenterwi.gov,youtube,no state for 'Richland Center Wisconsin'
archive,Sulphur,Sulphur,other,www.sulphurla.gov,youtube,no state for 'Sulphur'
archive,County of Sussex,County of Sussex,county,www.sussex.nj.us,youtube,no state for 'County of Sussex'
ledger,County of Sussex,County of Sussex,county,www.sussex.nj.us,,no state for 'County of Sussex'
archive,Town of Ross California,Town of Ross California,municipality,www.townofrossca.gov,youtube,no state for 'Town of Ross California'
archive,Town of Ross California,Town of Ross California,municipality,www.townofrossca.gov,youtube,no state for 'Town of Ross California'
archive,Town of Ross California,Town of Ross California,municipality,www.townofrossca.gov,youtube,no state for 'Town of Ross California'
archive,Town of Ross California,Town of Ross California,municipality,www.townofrossca.gov,youtube,no state for 'Town of Ross California'
archive,Town of Ross California,Town of Ross California,municipality,www.townofrossca.gov,youtube,no state for 'Town of Ross California'
archive,Town of Ross California,Town of Ross California,municipality,www.townofrossca.gov,youtube,no state for 'Town of Ross California'
archive,Town of Ross California,Town of Ross California,municipality,www.townofrossca.gov,youtube,no state for 'Town of Ross California'
archive,Town of Ross California,Town of Ross California,municipality,www.townofrossca.gov,youtube,no state for 'Town of Ross California'
archive,Town of Ross California,Town of Ross California,municipality,www.townofrossca.gov,youtube,no state for 'Town of Ross California'
archive,Town of Ross California,Town of Ross California,municipality,www.townofrossca.gov,youtube,no state for 'Town of Ross California'
archive,Town of Ross California,Town of Ross California,municipality,www.townofrossca.gov,youtube,no state for 'Town of Ross California'
archive,Town of Ross California,Town of Ross California,municipality,www.townofrossca.gov,youtube,no state for 'Town of Ross California'
archive,Town of Ross California,Town of Ross California,municipality,www.townofrossca.gov,youtube,no state for 'Town of Ross California'
archive,"Town of Voluntown, CT- Government","Town of Voluntown, CT- Government",municipality,www.voluntown.gov,youtube,"no state for 'Town of Voluntown, CT- Government'"
archive,City of Easton,City of Easton,municipality,www.youtube.com,youtube,no state for 'City of Easton'
archive,Clinton,Clinton,other,www.youtube.com,youtube,no state for 'Clinton'
archive,County of Sussex,County of Sussex,county,www.youtube.com,youtube,no state for 'County of Sussex'
archive,Fulton,Fulton,other,www.youtube.com,youtube,no state for 'Fulton'
archive,Greenwich Community Television,Greenwich Community Television,special_district,www.youtube.com,youtube,no state for 'Greenwich Community Television'
archive,Hamden Action NOW,Hamden Action NOW,other,www.youtube.com,youtube,no state for 'Hamden Action NOW'
archive,Harrison,Harrison,other,www.youtube.com,youtube,no state for 'Harrison'
archive,KSAT 12,KSAT 12,other,www.youtube.com,youtube,no state for 'KSAT 12'
archive,Phoenix,Phoenix,other,www.youtube.com,youtube,no state for 'Phoenix'
archive,Phoenix,Phoenix,other,www.youtube.com,youtube,no state for 'Phoenix'
archive,Phoenix,Phoenix,other,www.youtube.com,youtube,no state for 'Phoenix'
archive,Roosevelt,Roosevelt,other,www.youtube.com,youtube,no state for 'Roosevelt'
archive,Westfield,Westfield,other,www.youtube.com,youtube,no state for 'Westfield'
archive,City of Crestview,City of Crestview,municipality,youtu.be,youtube,no state for 'City of Crestview'
archive,City of Hawarden,City of Hawarden,municipality,youtu.be,youtube,no state for 'City of Hawarden'
archive,City of New Franklin,City of New Franklin,municipality,youtu.be,youtube,no state for 'City of New Franklin'
archive,City of St. Marys,City of St. Marys,municipality,youtu.be,youtube,no state for 'City of St. Marys'
archive,Jackson,Jackson,other,youtu.be,youtube,no state for 'Jackson'
archive,Town of Woodside,Town of Woodside,municipality,youtu.be,youtube,no state for 'Town of Woodside'
archive,Town of Woodside,Town of Woodside,municipality,youtu.be,youtube,no state for 'Town of Woodside'
archive,Town of Woodside,Town of Woodside,municipality,youtu.be,youtube,no state for 'Town of Woodside'
archive,Town of Woodside,Town of Woodside,municipality,youtu.be,youtube,no state for 'Town of Woodside'
archive,Town of Woodside,Town of Woodside,municipality,youtu.be,youtube,no state for 'Town of Woodside'
archive,Town of Woodside,Town of Woodside,municipality,youtu.be,youtube,no state for 'Town of Woodside'
archive,Town of Woodside,Town of Woodside,municipality,youtu.be,youtube,no state for 'Town of Woodside'
archive,Town of Woodside,Town of Woodside,municipality,youtu.be,youtube,no state for 'Town of Woodside'
archive,Town of Woodside,Town of Woodside,municipality,youtu.be,youtube,no state for 'Town of Woodside'
archive,Town of Woodside,Town of Woodside,municipality,youtu.be,youtube,no state for 'Town of Woodside'
archive,Town of Woodside,Town of Woodside,municipality,youtu.be,youtube,no state for 'Town of Woodside'
archive,Town of Woodside,Town of Woodside,municipality,youtu.be,youtube,no state for 'Town of Woodside'
archive,Town of Woodside,Town of Woodside,municipality,youtu.be,youtube,no state for 'Town of Woodside'
archive,Town of Woodside,Town of Woodside,municipality,youtu.be,youtube,no state for 'Town of Woodside'
archive,Town of Woodside,Town of Woodside,municipality,youtu.be,youtube,no state for 'Town of Woodside'
archive,Town of Woodside,Town of Woodside,municipality,youtu.be,youtube,no state for 'Town of Woodside'
archive,Town of Woodside,Town of Woodside,municipality,youtu.be,youtube,no state for 'Town of Woodside'
archive,Town of Woodside,Town of Woodside,municipality,youtu.be,youtube,no state for 'Town of Woodside'
archive,Town of Woodside,Town of Woodside,municipality,youtu.be,youtube,no state for 'Town of Woodside'
archive,Town of Woodside,Town of Woodside,municipality,youtu.be,youtube,no state for 'Town of Woodside'
archive,Town of Woodside,Town of Woodside,municipality,youtu.be,youtube,no state for 'Town of Woodside'
archive,Town of Woodside,Town of Woodside,municipality,youtu.be,youtube,no state for 'Town of Woodside'
archive,Town of Woodside,Town of Woodside,municipality,youtu.be,youtube,no state for 'Town of Woodside'
archive,Town of Woodside,Town of Woodside,municipality,youtu.be,youtube,no state for 'Town of Woodside'
archive,Caledonia Township,Caledonia Township,township,youtube.com,youtube,no state for 'Caledonia Township'
archive,City of Easton,City of Easton,municipality,youtube.com,youtube,no state for 'City of Easton'
archive,City of Millersburg,City of Millersburg,municipality,youtube.com,youtube,no state for 'City of Millersburg'
archive,City of Millersburg,City of Millersburg,municipality,youtube.com,youtube,no state for 'City of Millersburg'
archive,Malvern Borough,Malvern Borough,municipality,youtube.com,youtube,no state for 'Malvern Borough'
archive,Village of Northfield,Village of Northfield,municipality,youtube.com,youtube,no state for 'Village of Northfield'
