slug,platform,meeting_url,tier,outcome,jurisdiction,segments,agenda_items,video_url,detail
happyvalleycityor,granicus,,,no-url-found,,,,,no valid view_id 1-3 on Granicus RSS
wauwatosacitywi,legistar,https://wauwatosacitywi.legistar.com/MeetingDetail.aspx?LEGID=5696&GID=956&G=477119C4-09F2-4C97-A95E-80E5CE542A2B,tier3-agenda,ingested,"Wauwatosa, WI",0,0,,/m/wauwatosa-wi-2026-09-02-sustainability-committee (recovered via retry: next candidate)
wauwatosacitywi,granicus,https://wauwatosacitywi.granicus.com/MediaPlayer.php?view_id=1&clip_id=3561,tier3-agenda,ingested,"Wauwatosa, WI",0,0,https://archive-stream.granicus.com/OnDemand/_definst_/mp4:archive/wauwatosacitywi/wauwatosacitywi_490156ff-a55a-11f1-a028-005056a89546.mp4/playlist.m3u8,/m/wauwatosa-wi-2026-08-31-aldermanic-nomination-committee-8-26-26
orangetown,granicus,,,no-url-found,,,,,no valid view_id 1-3 on Granicus RSS
kittanningborough-pa,granicus,,,no-url-found,,,,,no valid view_id 1-3 on Granicus RSS
mosineecitywi,granicus,,,no-url-found,,,,,no valid view_id 1-3 on Granicus RSS
mequoncitywi,granicus,,,no-url-found,,,,,no valid view_id 1-3 on Granicus RSS
cityofgryglacity,legistar,,,no-url-found,,,,,no public-video event via Web API; no companion Granicus domain
cityofgodleycity,legistar,,,no-url-found,,,,,no public-video event via Web API; no companion Granicus domain
grandterracecityca,granicus,,,no-url-found,,,,,no valid view_id 1-3 on Granicus RSS
greatneckvillage,granicus,https://greatneckvillage.granicus.com/MediaPlayer.php?view_id=1&clip_id=8,tier3-agenda,ingested,Great Neck NY,0,0,,/m/great-neck-ny-2026-01-12-board-of-trustees
carsoncity,granicus,https://carsoncity.granicus.com/MediaPlayer.php?view_id=1&clip_id=2931,tier3-agenda,ingested,"Carson City, NV",0,0,https://archive-stream.granicus.com/OnDemand/_definst_/mp4:archive/carsoncity/carsoncity_fad8bb12-60f3-4814-9c90-b715143750fb.mp4/playlist.m3u8,/m/carson-city-nv-2026-09-03-board-of-supervisors-and-board-of-health
rivertoncity,granicus,https://rivertoncity.granicus.com/MediaPlayer.php?view_id=1&clip_id=869,tier3-agenda,ingested,"Riverton, UT",0,0,https://archive-stream.granicus.com/OnDemand/_definst_/mp4:archive/rivertoncity/rivertoncity_8ad45f6b-9361-4677-8721-1854ee1760a4.mp4/playlist.m3u8,/m/riverton-ut-2026-09-01-city-council
fergusoncity,granicus,https://fergusoncity.granicus.com/MediaPlayer.php?view_id=1&clip_id=5,,resolve-failed,,,,,resolve raised: HTTP 404 for https://fergusoncity.granicus.com/MediaPlayer.php?view_id=1&clip_id=5
haymarkettownva,granicus,,,no-url-found,,,,,no valid view_id 1-3 on Granicus RSS
altuscityok,granicus,,,no-url-found,,,,,no valid view_id 1-3 on Granicus RSS
springfieldcitymi,legistar,,,no-url-found,,,,,no public-video event via Web API; no companion Granicus domain
masoncity,granicus,https://masoncity.granicus.com/MediaPlayer.php?view_id=2&clip_id=711,tier3-agenda,ingested,"Mason City, IA",0,0,https://archive-stream.granicus.com/OnDemand/_definst_/mp4:archive/masoncity/masoncity_9e7be0eb-a6e4-11f1-a028-005056a89546.mp4/playlist.m3u8,/m/mason-city-ia-2026-09-01-september-1-2026-council-packet
cityoflilydalecity,legistar,,,no-url-found,,,,,no public-video event via Web API; no companion Granicus domain
lagunawoodscity,granicus,,,no-url-found,,,,,no valid view_id 1-3 on Granicus RSS
ogdencity,granicus,,,no-url-found,,,,,no valid view_id 1-3 on Granicus RSS
rockfordcityil,granicus,,,no-url-found,,,,,no valid view_id 1-3 on Granicus RSS
comptoncity,granicus,https://comptoncity.granicus.com/MediaPlayer.php?view_id=2&clip_id=2264,tier3-video-only,queued,"City of Compton, CA",0,0,https://archive-stream.granicus.com/OnDemand/_definst_/mp4:archive/comptoncity/comptoncity_c89a6654-8323-42a9-bb16-567b32139940.mp4/playlist.m3u8,tier3_auto_transcription_queue.txt
palatinevillageil,granicus,,,no-url-found,,,,,no valid view_id 1-3 on Granicus RSS
bartlettcitytn,granicus,,,no-url-found,,,,,no valid view_id 1-3 on Granicus RSS
woodridgevillageil,granicus,,,no-url-found,,,,,no valid view_id 1-3 on Granicus RSS
eastpointcity,granicus,https://eastpointcity.granicus.com/MediaPlayer.php?view_id=1&clip_id=9,,resolve-failed,,,,,resolve raised: HTTP 404 for https://eastpointcity.granicus.com/MediaPlayer.php?view_id=1&clip_id=9
plainfieldcitynj,granicus,,,no-url-found,,,,,no valid view_id 1-3 on Granicus RSS
californiacity,granicus,https://californiacity.granicus.com/MediaPlayer.php?view_id=1&clip_id=602,tier3-video-only,queued,"California City, CA",0,0,https://archive-video.granicus.com/californiacity/californiacity_948854ed-5478-4109-9ae2-60b20a48697b.mp4,tier3_auto_transcription_queue.txt
parkcityks,granicus,,,no-url-found,,,,,no valid view_id 1-3 on Granicus RSS
parkcity,granicus,https://parkcity.granicus.com/MediaPlayer.php?view_id=1&clip_id=2787,tier3-agenda,ingested,Park City Utah,0,0,https://archive-stream.granicus.com/OnDemand/_definst_/mp4:archive/parkcity/parkcity_70163b84-1057-4e6a-9ad4-2562b046e1bf.mp4/playlist.m3u8,/m/park-city-2023-09-26-city-council-strategic-planning-retreat
mundeleinvillageil,granicus,,,no-url-found,,,,,no valid view_id 1-3 on Granicus RSS
baycity,granicus,https://baycity.granicus.com/MediaPlayer.php?view_id=1&clip_id=9,tier3-agenda,ingested,"Bay City, TX",0,0,https://archive-stream.granicus.com/OnDemand/_definst_/mp4:archive/baycity/baycity_9241d5ac-e729-4625-8846-ba92ba3fe482.mp4/playlist.m3u8,/m/bay-city-tx-2017-04-05-cats-apr-5th-2017
smyrnacity,legistar,https://smyrnacity.legistar.com/MeetingDetail.aspx?LEGID=2198&GID=241&G=53DF8585-7A00-4A83-8122-6F6217D09290,tier3-agenda,ingested,"City of Smyrna, Georgia",0,0,https://archive-stream.granicus.com/OnDemand/_definst_/mp4:archive/smyrnacity/smyrnacity_4299f7a1-4138-4a16-84aa-5a96da2279b5.mp4/playlist.m3u8,/m/smyrna-ga-2022-12-19-city-council-on-2022-12-19-7-00-pm
smyrnacity,granicus,https://smyrnacity.granicus.com/MediaPlayer.php?view_id=2&clip_id=1177,tier3-agenda,ingested,"City of Smyrna, Georgia",0,0,https://archive-stream.granicus.com/OnDemand/_definst_/mp4:archive/smyrnacity/smyrnacity_4299f7a1-4138-4a16-84aa-5a96da2279b5.mp4/playlist.m3u8,/m/smyrna-ga-2022-12-19-city-council-on-2022-12-19-7-00-pm
santaclaritacityca,granicus,,,no-url-found,,,,,no valid view_id 1-3 on Granicus RSS
buffalogrovevillageil,granicus,,,no-url-found,,,,,no valid view_id 1-3 on Granicus RSS
napacity,legistar,https://napacity.legistar.com/MeetingDetail.aspx?LEGID=2044&GID=602&G=14D7B727-D8FF-4C40-AAD6-87DED36BC6F8,tier3-agenda,ingested,"City of Napa, CA",0,0,https://archive-stream.granicus.com/OnDemand/_definst_/mp4:archive/napacity/napacity_311f356b-71d6-4859-9e7b-6c98e143aa3c.mp4/playlist.m3u8,/m/napa-ca-2026-09-01-housing-authority-board-on-2026-09-01-3-30-pm-3-30-pm-afterno
deperecitywi,granicus,,,no-url-found,,,,,no valid view_id 1-3 on Granicus RSS
napacity,granicus,https://napacity.granicus.com/MediaPlayer.php?view_id=2&clip_id=3486,tier3-agenda,ingested,"City of Napa, CA",0,4,https://archive-stream.granicus.com/OnDemand/_definst_/mp4:archive/napacity/napacity_051b5a27-54e4-43c9-927b-c218c2d91eac.mp4/playlist.m3u8,/m/napa-ca-2026-08-31-community-development-block-grant-cdbg-committee-meeting
texarkanacitytx,granicus,,,no-url-found,,,,,no valid view_id 1-3 on Granicus RSS
lagunabeachcity,granicus,https://lagunabeachcity.granicus.com/MediaPlayer.php?view_id=3&clip_id=3088,tier3-agenda,ingested,"City of Laguna Beach, CA",0,0,https://archive-stream.granicus.com/OnDemand/_definst_/mp4:archive/lagunabeachcity/lagunabeachcity_f9746c7b-23ee-4120-bbb0-69503530a323.mp4/playlist.m3u8,/m/laguna-beach-ca-2026-09-02-administrative-community-development-director-meeting
chathamborough,granicus,https://chathamborough.granicus.com/MediaPlayer.php?view_id=1&clip_id=547,tier3-agenda,ingested,Borough of Chatham,0,0,https://archive-stream.granicus.com/OnDemand/_definst_/mp4:archive/chathamborough/chathamborough_f36f3844-3303-4617-bac3-d55153379d55.mp4/playlist.m3u8,/m/borough-of-chatham-2026-09-02-planning-board-sep-2nd-2026
keywestcity,granicus,https://keywestcity.granicus.com/MediaPlayer.php?view_id=1&clip_id=2062,tier1,ingested,"City of Key West, FL",11863,0,https://archive-stream.granicus.com/OnDemand/_definst_/mp4:archive/keywestcity/keywestcity_af05e65b-46ea-4c70-ae93-c2ec05f4d97c.mp4/playlist.m3u8,/m/key-west-fl-2026-09-03-city-commission-on-2026-09-03-9-00-am
mountvernoncityoh,legistar,https://mountvernoncityoh.legistar.com/MeetingDetail.aspx?LEGID=926&GID=963&G=932AFA1D-9513-40B5-BE13-AF7DB03A8E0E,tier3-agenda,ingested,"City of Mount Vernon, OH",0,0,,/m/mount-vernon-oh-2023-07-28-board-of-zoning-appeals
mountvernoncityoh,granicus,https://mountvernoncityoh.granicus.com/MediaPlayer.php?view_id=1&clip_id=11,tier3-agenda,ingested,"City of Mount Vernon, OH",0,0,https://archive-stream.granicus.com/OnDemand/_definst_/mp4:archive/mountvernoncityoh/mountvernoncityoh_e9fa8d3a-2640-11ee-b4fc-0050569183fa.mp4/playlist.m3u8,/m/mount-vernon-oh-2023-07-26-city-council-on-2023-07-26-7-30-pm-training-1
manassascity,granicus,https://manassascity.granicus.com/MediaPlayer.php?view_id=1&clip_id=2180,tier3-agenda,ingested,Manassas City,0,0,,/m/manassas-2026-09-04-architectural-review-board-sep-3rd-2026
northogdencity,granicus,https://northogdencity.granicus.com/MediaPlayer.php?view_id=1&clip_id=20,tier3-agenda,ingested,"North Ogden City, UT",0,0,https://archive-stream.granicus.com/OnDemand/_definst_/mp4:archive/northogdencity/northogdencity_f1d18685-855e-458e-ad17-e3494f089010.mp4/playlist.m3u8,/m/north-ogden-ut-2023-04-11-test-meeting-auto-generated-trim-backup
eastjordancity,granicus,https://eastjordancity.granicus.com/MediaPlayer.php?view_id=1&clip_id=159,tier3-agenda,ingested,"East Jordan, MI",0,0,,/m/east-jordan-mi-2026-09-02-city-commission-sep-2nd-2026
omrocitywi,granicus,,,no-url-found,,,,,no valid view_id 1-3 on Granicus RSS
princetonnj,legistar,https://princetonnj.legistar.com/MeetingDetail.aspx?LEGID=1040&GID=934&G=4A13AD67-C3AB-4527-9AE6-FD55B1D0D369,tier3-agenda,ingested,"Municipality of Princeton, NJ",0,0,,/m/princeton-nj-2026-08-24-mayor-and-council-of-princeton
bunnellcity,granicus,https://bunnellcity.granicus.com/MediaPlayer.php?view_id=1&clip_id=61,tier3-agenda,ingested,"Bunnell, FL",0,0,,/m/bunnell-fl-2026-08-25-city-commission (recovered via retry: next candidate)
cityofwalledlakecity,legistar,,,no-url-found,,,,,no public-video event via Web API; no companion Granicus domain
jeffersoncityga,granicus,,,no-url-found,,,,,no valid view_id 1-3 on Granicus RSS
princetonnj,granicus,https://princetonnj.granicus.com/MediaPlayer.php?view_id=1&clip_id=50,,resolve-failed,,,,,resolve raised: HTTP 404 for https://princetonnj.granicus.com/MediaPlayer.php?view_id=1&clip_id=50
princeton,granicus,https://princeton.granicus.com/MediaPlayer.php?view_id=2&clip_id=20,tier3-agenda,ingested,"Princeton, TX",0,0,https://archive-stream.granicus.com/OnDemand/_definst_/mp4:archive/princeton/princeton_a0e11c99-280a-4554-8298-e8884df9aa4a.mp4/playlist.m3u8,/m/princeton-tx-2021-12-14-peak-drafter-approver-session-2-12-14-2021-dec-14th-2021
valdostacity,granicus,https://valdostacity.granicus.com/MediaPlayer.php?view_id=1&clip_id=431,tier3-video-only,queued,"City of Valdosta, GA",0,0,https://archive-stream.granicus.com/OnDemand/_definst_/mp4:archive/valdostacity/valdostacity_98694714-a868-4434-8336-761f0ca47185.mp4/playlist.m3u8,tier3_auto_transcription_queue.txt
westwendovercity,granicus,https://westwendovercity.granicus.com/MediaPlayer.php?view_id=2&clip_id=22,tier3-agenda,ingested,"West Wendover, NV",0,0,https://archive-stream.granicus.com/OnDemand/_definst_/mp4:archive/westwendovercity/westwendovercity_80c76e74-c56b-492c-94f7-58134bb22124.mp4/playlist.m3u8,/m/west-wendover-nv-2026-05-11-west-wendover-nv-livecast-and-pre-meeting-steps
tehamacounty,legistar,https://tehamacounty.legistar.com/MeetingDetail.aspx?LEGID=6070&GID=972&G=C02BAD69-A143-4D67-8291-0A6975D30769,tier3-agenda,ingested,"Tehama County, CA",0,0,https://archive-stream.granicus.com/OnDemand/_definst_/mp4:archive/tehamacounty/tehamacounty_9fe568f2-3b48-4b65-b375-46ad46c5be9c.mp4/playlist.m3u8,/m/tehama-county-ca-2026-09-03-public-health-advisory-board-on-2026-09-03-2-00-pm (recovered via retry: next candidate)
polkcountyfl,legistar,https://polkcountyfl.legistar.com/MeetingDetail.aspx?LEGID=1891&GID=899&G=8E3CAEE1-3439-4CE8-90D8-F1ABD849BB66,tier3-agenda,ingested,"Polk County, FL",0,0,https://archive-stream.granicus.com/OnDemand/_definst_/mp4:archive/polkcountyfl/polkcountyfl_c90b0ff8-5cef-46dc-920a-d4352be8495d.mp4/playlist.m3u8,/m/polk-county-fl-2026-09-02-planning-commission-on-2026-09-02-9-00-am
brazoriacountytx,legistar,https://brazoriacountytx.legistar.com/MeetingDetail.aspx?LEGID=6236&GID=970&G=22320ABD-807B-48D9-9007-AA680B8118C6,tier3-agenda,ingested,"Brazoria County, TX",0,0,https://archive-stream.granicus.com/OnDemand/_definst_/mp4:archive/brazoriacountytx/brazoriacountytx_7d9e3872-3f46-4c88-87aa-bbfa75e14d2e.mp4/playlist.m3u8,/m/brazoria-county-tx-2026-08-25-commissioners-court-on-2026-08-25-9-00-am-special
hiddenhillscity,granicus,https://hiddenhillscity.granicus.com/MediaPlayer.php?view_id=1&clip_id=420,tier3-agenda,ingested,"Hidden Hills, CA",0,0,https://archive-stream.granicus.com/OnDemand/_definst_/mp4:archive/hiddenhillscity/hiddenhillscity_d7bdc357-a103-11f1-a028-005056a89546.mp4/playlist.m3u8,/m/hidden-hills-ca-2026-08-19-special-city-council-meeting-august-19-2026
albanycounty,legistar,https://albanycounty.legistar.com/MeetingDetail.aspx?LEGID=2102&GID=721&G=2B91F03F-854A-4E88-95BD-2A5EE1EAE56B,none,skipped-empty,,0,0,,no segments/agenda/video
sedgwickcounty,legistar,,,no-url-found,,,,,no public-video event via Web API; no companion Granicus domain
cumberlandcounty,legistar,https://cumberlandcounty.legistar.com/MeetingDetail.aspx?LEGID=1097&GID=930&G=DC09C517-EB4E-42EB-B6D7-2D1714D75E1B,none,skipped-empty,,0,0,,no segments/agenda/video
tompkinscountyny,legistar,https://tompkinscountyny.legistar.com/MeetingDetail.aspx?LEGID=929&GID=983&G=B28638F6-CF86-4021-8EDE-E86AAE7EC58B,tier3-agenda,ingested,"Tompkins County, NY",0,0,true,"/m/tompkins-county-ny-2025-03-18-tompkins-county-legislature-on-2025-03-18-5-30-pm-ad38dc (manually recovered by trying candidate #8 of 18; note: duplicates content already ingested via the Granicus hit for this same slug, row above -- same March 18 2025 Legislature meeting, different source URL, not deduped by the archive since dedup keys on normalized source URL)"
douglascounty,legistar,https://douglascounty.legistar.com/MeetingDetail.aspx?LEGID=4200&GID=964&G=C27F303A-3F80-4749-A8F2-1DB6F364C3F4,tier3-agenda,ingested,"Douglas County, Colorado",0,0,,/m/douglas-county-co-2026-09-04-board-of-county-commissioners-business-meeting
mauicounty,legistar,https://mauicounty.legistar.com/MeetingDetail.aspx?LEGID=4906&GID=632&G=E71DEF67-B5BD-48E0-B187-94BEDF37B05F,tier3-agenda,ingested,"County of Maui, HI",0,0,https://archive-stream.granicus.com/OnDemand/_definst_/mp4:archive/mauicounty/mauicounty_7e36b509-ed6b-400c-baef-19fbe8cfa260.mp4/playlist.m3u8,/m/maui-county-hi-2026-09-03-disaster-recovery-international-affairs-and-planning-c
harrisoncounty,legistar,,,no-url-found,,,,,no public-video event via Web API; no companion Granicus domain
lubbockcounty,legistar,https://lubbockcounty.legistar.com/MeetingDetail.aspx?LEGID=1191&GID=857&G=BC0FD945-6FDF-4E93-87CD-4CF3C7E011CF,tier1,ingested,"Lubbock County, TX",9,23,https://archive-stream.granicus.com/OnDemand/_definst_/mp4:swagitVideo/lubbockcountytx/0c9bfec3-c9ee-46aa-bea6-d6845f303a69.mp4/playlist.m3u8,/m/lubbock-county-tx-2026-08-24-aug-24-2026-commissioners-court
westchestercountyny,legistar,https://westchestercountyny.legistar.com/MeetingDetail.aspx?LEGID=7925&GID=797&G=FCBC2A46-F296-42BC-B1CA-FE0641CF1BF8,tier1,ingested,"Westchester County, NY",133,0,https://archive-stream.granicus.com/OnDemand/_definst_/mp4:archive/westchestercountyny/westchestercountyny_a75044c6-6970-4e38-bca0-a7838b02ac21.mp4/playlist.m3u8,/m/westchester-county-ny-2026-08-31-appointments-on-2026-08-31-4-00-pm
camdencounty,legistar,https://camdencounty.granicus.com/MediaPlayer.php?view_id=1&clip_id=2,tier3-agenda,ingested,"Camden County, NJ",0,0,https://archive-stream.granicus.com/OnDemand/_definst_/mp4:archive/camdencounty/camdencounty_d3a11bf7-ace3-431e-8234-0e671af480a1.mp4/playlist.m3u8,/m/camden-county-nj-2024-04-25-boards-and-commissions-training-session-2
harriscountytx,legistar,https://harriscountytx.legistar.com/MeetingDetail.aspx?LEGID=1241&GID=798&G=800B5DA3-042C-42B8-BD39-0674375456AF,none,skipped-empty,,0,0,,no segments/agenda/video
ashecounty,legistar,https://ashecounty.legistar.com/MeetingDetail.aspx?LEGID=1378&GID=342&G=8E9148B2-8D66-460A-ACBC-7328B13799EB,tier3-agenda,ingested,"Ashe County, NC",0,0,https://archive-stream.granicus.com/OnDemand/_definst_/mp4:archive/ashecounty/ashecounty_a165a7c5-5a8f-43c2-ad5f-4ff832304275.mp4/playlist.m3u8,/m/ashe-county-nc-2026-08-17-county-commission-on-2026-08-17-9-00-am
sullivancountyny,legistar,https://sullivancountyny.legistar.com/MeetingDetail.aspx?LEGID=2614&GID=861&G=FC0D84E1-64F8-4449-AECA-60C3A5F83F64,tier3-agenda,ingested,"Sullivan County, NY",0,0,https://archive-stream.granicus.com/OnDemand/_definst_/mp4:archive/sullivancountyny/sullivancountyny_f8ae0793-42eb-4600-8345-a5fa50342a70.mp4/playlist.m3u8,/m/sullivan-county-ny-2026-09-03-government-services-committee-on-2026-09-03-9-00-a
charlottecountyfl,legistar,https://charlottecountyfl.legistar.com/MeetingDetail.aspx?LEGID=1213&GID=749&G=3324E2E5-707F-43DB-BE1E-408C176EE070,none,skipped-empty,,0,0,,no segments/agenda/video
lakecounty,legistar,https://lakecounty.granicus.com/MediaPlayer.php?view_id=1&clip_id=861,tier3-agenda,ingested,Lake County,0,0,https://archive-stream.granicus.com/OnDemand/_definst_/mp4:archive/lakecounty/lakecounty_78031210-5fc0-4425-a1bc-8305775182c1.mp4/playlist.m3u8,/m/lake-county-ca-2026-09-01-board-of-supervisors-on-2026-09-01-9-00-am-please-see
kingcounty,legistar,https://kingcounty.legistar.com/MeetingDetail.aspx?LEGID=12752&GID=111&G=D64F10C7-C196-4013-ABF6-0DA49839DE59,tier1,ingested,King County,2467,0,https://archive-stream.granicus.com/OnDemand/_definst_/mp4:archive/king/king_6716f4c6-f489-49fd-bf75-562e30bab326.mp4/playlist.m3u8,/m/king-county-wa-2026-09-02-law-and-justice-committee
tehamacounty,granicus,https://tehamacounty.granicus.com/MediaPlayer.php?view_id=1&clip_id=3859,tier3-agenda,ingested,"Tehama County, CA",0,0,https://archive-stream.granicus.com/OnDemand/_definst_/mp4:archive/tehamacounty/tehamacounty_ebd22e82-247e-4f38-8c59-2678b4677bde.mp4/playlist.m3u8,/m/tehama-county-ca-2026-09-03-solid-waste-management-agency-full-board-jpa-ii-on-2
clevelandcounty,granicus,https://clevelandcounty.granicus.com/MediaPlayer.php?view_id=1&clip_id=8,tier3-agenda,ingested,"County of Cleveland, North Carolina",0,0,,/m/cleveland-county-nc-2026-07-28-planning-board-7-28-2026
polkcountyfl,granicus,https://polkcountyfl.granicus.com/MediaPlayer.php?view_id=1&clip_id=1422,tier3-agenda,ingested,"Polk County, FL",0,0,https://archive-stream.granicus.com/OnDemand/_definst_/mp4:archive/polkcountyfl/polkcountyfl_c90b0ff8-5cef-46dc-920a-d4352be8495d.mp4/playlist.m3u8,/m/polk-county-fl-2026-09-02-planning-commission-on-2026-09-02-9-00-am
mercercounty,granicus,,,no-url-found,,,,,no valid view_id 1-3 on Granicus RSS
monroecounty,granicus,,,no-url-found,,,,,no valid view_id 1-3 on Granicus RSS
brazoriacountytx,granicus,https://brazoriacountytx.granicus.com/MediaPlayer.php?view_id=1&clip_id=5445,tier3-agenda,ingested,"Brazoria County, TX",0,0,https://archive-stream.granicus.com/OnDemand/_definst_/mp4:archive/brazoriacountytx/brazoriacountytx_7d9e3872-3f46-4c88-87aa-bbfa75e14d2e.mp4/playlist.m3u8,/m/brazoria-county-tx-2026-08-25-commissioners-court-on-2026-08-25-9-00-am-special
glenncounty,granicus,,,no-url-found,,,,,no valid view_id 1-3 on Granicus RSS
kitcarsoncounty,granicus,https://kitcarsoncounty.granicus.com/MediaPlayer.php?view_id=1&clip_id=1175,tier3-agenda,ingested,"Kit Carson County, CO",0,0,,/m/kit-carson-county-co-2026-09-03-kccphe-department-of-public-health
albanycounty,granicus,,,no-url-found,,,,,no valid view_id 1-3 on Granicus RSS
johnsoncounty,granicus,https://johnsoncounty.granicus.com/MediaPlayer.php?view_id=1&clip_id=135,,resolve-failed,,,,,resolve raised: HTTP 404 for https://johnsoncounty.granicus.com/MediaPlayer.php?view_id=1&clip_id=135
brunswickcounty,legistar,,,no-url-found,,,,,no public-video event via Web API; no companion Granicus domain
haywoodcountync,granicus,https://haywoodcountync.granicus.com/MediaPlayer.php?view_id=1&clip_id=496,tier3-agenda,ingested,"Haywood County, NC",0,0,https://archive-stream.granicus.com/OnDemand/_definst_/mp4:archive/haywoodcountync/haywoodcountync_0ce9ac67-8f64-11f1-bb61-005056a89546.mp4/playlist.m3u8,/m/haywood-county-nc-2026-08-03-board-of-commissioners-regular-morning-meeting
cumberlandcounty,granicus,https://cumberlandcounty.granicus.com/MediaPlayer.php?view_id=1&clip_id=3,tier3-agenda,ingested,"Cumberland County, ME",0,0,,/m/cumberland-county-me-2022-03-03-board-of-county-commissioners
parkcounty,granicus,https://parkcounty.granicus.com/MediaPlayer.php?view_id=1&clip_id=2802,tier3-agenda,ingested,Park County,0,0,https://archive-video.granicus.com/parkcounty/parkcounty_f9620a7c-fcea-4d5d-96e1-b4a9d3b2ed03.mp4,/m/park-county-2026-08-20-solid-waste-board-8-20-2026
tompkinscountyny,granicus,https://tompkinscountyny.granicus.com/MediaPlayer.php?view_id=1&clip_id=2640,tier3-agenda,ingested,"Tompkins County, NY",0,0,https://archive-stream.granicus.com/OnDemand/_definst_/mp4:archive/tompkinscountyny/tompkinscountyny_ddba8dd9-9d8b-4dc8-aa0f-052ddd488213.mp4/playlist.m3u8,/m/tompkins-county-ny-2025-03-18-tompkins-county-legislature-on-2025-03-18-5-30-pm
stokescountync,granicus,https://stokescountync.granicus.com/MediaPlayer.php?view_id=1&clip_id=806,tier3-agenda,ingested,Stokes County NC,0,0,,/m/stokes-county-nc-2026-09-03-board-of-county-commissioners-public-hearing
douglascounty,granicus,https://douglascounty.granicus.com/MediaPlayer.php?view_id=1&clip_id=3288,tier3-agenda,ingested,"Douglas County, Colorado",0,0,https://archive-stream.granicus.com/OnDemand/_definst_/mp4:archive/douglascounty/douglascounty_8758f0c3-0f1c-422f-87c0-6cb35e9b065e.mp4/playlist.m3u8,/m/douglas-county-co-2026-08-31-board-of-county-commissioners-business-meeting-on-2
princegeorgescountymd,legistar,https://princegeorgescountymd.legistar.com/MeetingDetail.aspx?LEGID=12400&GID=242&G=F27536A6-66B6-476A-98DA-4A69995461A9,none,skipped-empty,,0,0,,no segments/agenda/video
passaiccountynj,legistar,https://passaiccountynj.legistar.com/MeetingDetail.aspx?LEGID=1064&GID=869&G=8CA298A6-7A2D-4B30-863D-84C542A645D7,none,skipped-empty,,0,0,,no segments/agenda/video
howardcounty,granicus,https://howardcounty.granicus.com/MediaPlayer.php?view_id=2&clip_id=6890,tier3-agenda,ingested,Howard County Council,0,0,https://archive-stream.granicus.com/OnDemand/_definst_/mp4:archive/howardcounty/howardcounty_32545b51-57e0-466c-a308-eec1082b0620.mp4/playlist.m3u8,/m/howard-county-md-2026-08-27-board-of-appeals-administrative-meeting
mauicounty,granicus,https://mauicounty.granicus.com/MediaPlayer.php?view_id=1&clip_id=2490,tier3-agenda,ingested,"County of Maui, HI",0,0,https://archive-stream.granicus.com/OnDemand/_definst_/mp4:archive/mauicounty/mauicounty_7e36b509-ed6b-400c-baef-19fbe8cfa260.mp4/playlist.m3u8,/m/maui-county-hi-2026-09-03-disaster-recovery-international-affairs-and-planning-c
pitkincounty,granicus,https://pitkincounty.granicus.com/MediaPlayer.php?view_id=2&clip_id=691,tier3-agenda,ingested,"Pitkin County, CO",0,3,https://archive-stream.granicus.com/OnDemand/_definst_/mp4:archive/pitkincounty/pitkincounty_7b0edb19-0427-46d3-aebb-ec8ca5b884ad.mp4/playlist.m3u8,/m/pitkin-county-co-2015-12-22-bocc-work-session-dec-22nd-2015
baldwincountyal,legistar,https://baldwincountyal.legistar.com/MeetingDetail.aspx?LEGID=6321&GID=697&G=9DD00BC2-72C1-467C-ABE6-3C9C4FFCAEEA,tier3-agenda,ingested,Baldwin County,0,0,https://archive-stream.granicus.com/OnDemand/_definst_/mp4:archive/baldwincountyal/baldwincountyal_8493c04c-8830-438b-81b1-c3c720775173.mp4/playlist.m3u8,/m/baldwin-county-al-2026-09-01-baldwin-county-commission-regular-on-2026-09-01-10 (recovered via retry: next candidate)
durhamcounty,legistar,https://durhamcounty.legistar.com/MeetingDetail.aspx?LEGID=1467&GID=499&G=BD976FD9-4C28-4A4F-B79E-6E39676A59CF,tier3-agenda,ingested,"Durham County, NC",0,0,https://archive-stream.granicus.com/OnDemand/_definst_/mp4:archive/durhamcounty/durhamcounty_38375185-6322-49c3-b724-9d999b808259.mp4/playlist.m3u8,/m/durham-county-nc-2026-08-24-board-of-county-commissioners-on-2026-08-24-7-00-pm
eauclairecountywi,granicus,https://eauclairecountywi.granicus.com/MediaPlayer.php?view_id=1&clip_id=221,tier3-video-only,queued,"Eau Claire County, WI",0,0,https://archive-stream.granicus.com/OnDemand/_definst_/mp4:archive/eauclairecountywi/eauclairecountywi_c6667176-94b1-11f0-8df7-005056a89546.mp4/playlist.m3u8,tier3_auto_transcription_queue.txt
hawaiicounty,granicus,https://hawaiicounty.granicus.com/MediaPlayer.php?view_id=1&clip_id=3843,tier1,ingested,"Hawaii County, HI",4735,0,https://archive-stream.granicus.com/OnDemand/_definst_/mp4:archive/hawaiicounty/hawaiicounty_04396b99-4678-446d-8378-cf73a6f85f25.mp4/playlist.m3u8,/m/hawaii-county-hi-2026-09-02-hawaii-county-council
lubbockcounty,granicus,https://lubbockcounty.granicus.com/MediaPlayer.php?view_id=1&clip_id=17,tier3-agenda,ingested,"Lubbock County, TX",0,0,https://archive-stream.granicus.com/OnDemand/_definst_/mp4:archive/lubbockcounty/lubbockcounty_9a60b68a-4227-4918-bfc9-40addcc6ffd8.mp4/playlist.m3u8,/m/lubbock-county-tx-2021-08-18-legistar-training-review-8-18-21
taoscounty,granicus,,,no-url-found,,,,,no valid view_id 1-3 on Granicus RSS
cowetacountyga,granicus,,,no-url-found,,,,,no valid view_id 1-3 on Granicus RSS
bigstonecounty,granicus,,,no-url-found,,,,,no valid view_id 1-3 on Granicus RSS
roanokecountyva,granicus,,,no-url-found,,,,,no valid view_id 1-3 on Granicus RSS
milwaukeecounty,legistar,https://milwaukeecounty.legistar.com/MeetingDetail.aspx?LEGID=7083&GID=131&G=DFAF7004-89B0-45B1-BAB1-4E5996F2B871,tier3-agenda,ingested,"Milwaukee County, WI",0,0,,/m/milwaukee-county-wi-2026-08-26-audio-only-view
hernandocountyfl,legistar,https://hernandocountyfl.legistar.com/MeetingDetail.aspx?LEGID=1518&GID=881&G=6D9E70B1-EE34-4778-AE40-08B82D73C4B2,tier3-agenda,ingested,"Hernando County, FL",0,0,https://archive-stream.granicus.com/OnDemand/_definst_/mp4:archive/hernandocountyfl/hernandocountyfl_fc94f016-cec9-47a9-8376-d79da101db61.mp4/playlist.m3u8,/m/hernando-county-fl-2026-09-03-metropolitan-planning-organization-on-2026-09-03-1
westchestercountyny,granicus,https://westchestercountyny.granicus.com/MediaPlayer.php?view_id=1&clip_id=8462,tier3-agenda,ingested,"Westchester County, NY",0,0,https://archive-stream.granicus.com/OnDemand/_definst_/mp4:archive/westchestercountyny/westchestercountyny_28fc9964-99d6-4a8d-b54c-9ee257f9504c.mp4/playlist.m3u8,/m/westchester-county-ny-2026-08-31-social-services-disabilities-human-rights-on-20
stanlycountync,granicus,,,no-url-found,,,,,no valid view_id 1-3 on Granicus RSS
rutherfordcountync,legistar,https://rutherfordcountync.legistar.com/MeetingDetail.aspx?LEGID=1563&GID=367&G=80A8DD1A-D10D-4912-A76A-4EB319092C31,tier3-agenda,ingested,"Rutherford County, NC",0,0,https://archive-stream.granicus.com/OnDemand/_definst_/mp4:archive/rutherfordcountync/rutherfordcountync_7069e2bf-a0e0-11f1-a028-005056a89546.mp4/playlist.m3u8,/m/rutherford-county-nc-2026-08-25-board-of-commissioners-on-2026-08-25-6-00-pm
transylvaniacounty,granicus,https://transylvaniacounty.granicus.com/MediaPlayer.php?view_id=1&clip_id=8,tier3-agenda,ingested,"Transylvania County, NC",0,0,https://archive-stream.granicus.com/OnDemand/_definst_/mp4:archive/transylvaniacounty/transylvaniacounty_8678e2dc-4f85-4170-896c-de9dc04b6593.mp4/playlist.m3u8,/m/transylvania-county-nc-2022-01-06-peak-minutes-1-6-22-jan-6th-2022
camdencounty,granicus,https://camdencounty.granicus.com/MediaPlayer.php?view_id=1&clip_id=2,tier3-agenda,ingested,"Camden County, NJ",0,0,https://archive-stream.granicus.com/OnDemand/_definst_/mp4:archive/camdencounty/camdencounty_d3a11bf7-ace3-431e-8234-0e671af480a1.mp4/playlist.m3u8,/m/camden-county-nj-2024-04-25-boards-and-commissions-training-session-2
calcasieuparishla,granicus,https://calcasieuparishla.granicus.com/MediaPlayer.php?view_id=2&clip_id=680,tier3-agenda,ingested,"Calcasieu Parish, LA",0,0,https://archive-stream.granicus.com/OnDemand/_definst_/mp4:archive/calcasieuparishla/calcasieuparishla_f1ca03f2-1541-4a4c-833e-5d8eb49b9758.mp4/playlist.m3u8,/m/calcasieu-parish-la-2026-09-03-calcasieu-parish-police-jury
harriscountytx,granicus,https://harriscountytx.granicus.com/MediaPlayer.php?view_id=1&clip_id=5,tier3-agenda,ingested,"Harris County, TX",0,0,,/m/harris-county-tx-2019-11-14-commissioners-court-nov-15th-2019
alpinecountyca,granicus,,,no-url-found,,,,,no valid view_id 1-3 on Granicus RSS
ramseycountymn,legistar,https://ramseycountymn.legistar.com/MeetingDetail.aspx?LEGID=2343&GID=785&G=4967DA32-41AD-49F2-8992-28B8D9A9E934,tier1,ingested,Ramsey County,3189,0,https://archive-stream.granicus.com/OnDemand/_definst_/mp4:archive/ramseycountymn/ramseycountymn_24be4d88-a1d7-405e-86d3-325fcb9e15de.mp4/playlist.m3u8,/m/ramsey-county-mn-2026-09-03-budget-committee-of-the-whole-on-2026-09-03-9-00-am
ashecounty,granicus,https://ashecounty.granicus.com/MediaPlayer.php?view_id=2&clip_id=676,tier3-agenda,ingested,"Ashe County, NC",0,0,https://archive-stream.granicus.com/OnDemand/_definst_/mp4:archive/ashecounty/ashecounty_a165a7c5-5a8f-43c2-ad5f-4ff832304275.mp4/playlist.m3u8,/m/ashe-county-nc-2026-08-17-county-commission-on-2026-08-17-9-00-am
bryancountyga,granicus,https://bryancountyga.granicus.com/MediaPlayer.php?view_id=2&clip_id=9,tier3-agenda,ingested,"Bryan County, GA",0,0,https://archive-stream.granicus.com/OnDemand/_definst_/mp4:archive/bryancountyga/bryancountyga_8fd9ba7c-ac49-4e08-991c-60a86c99f7bf.mp4/playlist.m3u8,/m/bryan-county-ga-2023-08-23-ilt-peak-minutes-recommended-session-4-8-23-2023
modoccountyca,granicus,,,no-url-found,,,,,no valid view_id 1-3 on Granicus RSS
sullivancountyny,granicus,https://sullivancountyny.granicus.com/MediaPlayer.php?view_id=1&clip_id=2239,tier3-agenda,ingested,"Sullivan County, NY",0,0,https://archive-stream.granicus.com/OnDemand/_definst_/mp4:archive/sullivancountyny/sullivancountyny_15ab946a-6f26-45a4-baba-bb0a9d5d20ae.mp4/playlist.m3u8,/m/sullivan-county-ny-2026-09-03-public-safety-and-law-enforcement-committee-on-202
eaglecounty,legistar,,,no-url-found,,,,,no public-video event via Web API; no companion Granicus domain
yorkcounty,granicus,https://yorkcounty.granicus.com/MediaPlayer.php?view_id=2&clip_id=339,tier3-agenda,ingested,York County Video Services,0,0,https://archive-stream.granicus.com/OnDemand/_definst_/mp4:archive/yorkcounty/yorkcounty_ffeec0d9-8d2e-4179-bf0d-178db95ed90d.mp4/playlist.m3u8,/m/york-county-video-services-2017-08-09-planning-commission-aug-9th-2017
sanmiguelcountyco,granicus,https://sanmiguelcountyco.granicus.com/MediaPlayer.php?view_id=1&clip_id=597,tier3-agenda,ingested,"San Miguel County, CO",0,0,https://archive-stream.granicus.com/OnDemand/_definst_/mp4:archive/sanmiguelcountyco/sanmiguelcountyco_c7f3f7ef-64e1-4290-8c65-a1e1395d6bd1.mp4/playlist.m3u8,/m/san-miguel-county-co-2024-10-29-osc-recording-10-28-24
buttecounty,granicus,https://buttecounty.granicus.com/MediaPlayer.php?view_id=2&clip_id=1402,tier3-agenda,ingested,"Butte County, California",0,0,https://archive-stream.granicus.com/OnDemand/_definst_/mp4:archive/buttecounty/buttecounty_c8aed096-87af-4aca-85c9-9954dfc32455.mp4/playlist.m3u8,/m/butte-county-ca-2024-08-07-water-commission-meeting-in-person-or-online-as-view
penningtoncounty,granicus,https://penningtoncounty.granicus.com/MediaPlayer.php?view_id=1&clip_id=86,tier3-agenda,ingested,Pennington County,0,0,https://archive-stream.granicus.com/OnDemand/_definst_/mp4:archive/penningtoncounty/penningtoncounty_4eacf020-215c-412c-a1b0-8e3c3caf8911.mp4/playlist.m3u8,/m/pennington-county-2025-07-18-pennington-county-board-of-commissioners
olmstedcounty,legistar,https://olmstedcounty.legistar.com/MeetingDetail.aspx?LEGID=1010&GID=1003&G=F00270B3-760B-4815-85A2-05068F015233,none,skipped-empty,,0,0,,no segments/agenda/video
lakecounty,granicus,https://lakecounty.granicus.com/MediaPlayer.php?view_id=1&clip_id=861,tier3-agenda,ingested,Lake County,0,0,https://archive-stream.granicus.com/OnDemand/_definst_/mp4:archive/lakecounty/lakecounty_78031210-5fc0-4425-a1bc-8305775182c1.mp4/playlist.m3u8,/m/lake-county-ca-2026-09-01-board-of-supervisors-on-2026-09-01-9-00-am-please-see
greensvillecountyva,granicus,https://greensvillecountyva.granicus.com/MediaPlayer.php?view_id=2&clip_id=5,,resolve-failed,,,,,resolve raised: HTTP 404 for https://greensvillecountyva.granicus.com/MediaPlayer.php?view_id=2&clip_id=5
montgomerycountymd,legistar,https://montgomerycountymd.legistar.com/MeetingDetail.aspx?LEGID=963&GID=863&G=91A8C6D2-AC27-4E3C-BCE5-E5CAF22BE580,none,skipped-empty,,0,0,,no segments/agenda/video
calaverascounty,legistar,https://calaverascounty.legistar.com/MeetingDetail.aspx?LEGID=918&GID=955&G=8AFD86AD-66A9-4EB8-86EA-FB62505FF868,tier3-agenda,ingested,"Calaveras County, CA",0,0,https://archive-stream.granicus.com/OnDemand/_definst_/mp4:archive/calaverascounty/calaverascounty_f4099313-58b1-434c-8fbb-b517c4383e5b.mp4/playlist.m3u8,/m/calaveras-county-ca-2023-04-19-board-of-supervisors-on-2023-04-19-3-30-pm-workfl
franklincountync,granicus,https://franklincountync.granicus.com/MediaPlayer.php?view_id=1&clip_id=99,tier3-agenda,ingested,"Franklin County, NC",0,0,,/m/franklin-county-nc-2026-08-17-franklin-county-board-of-commissioners
monocounty,granicus,https://monocounty.granicus.com/MediaPlayer.php?view_id=1&clip_id=1271,tier3-agenda,ingested,"Mono County, CA",0,0,https://archive-stream.granicus.com/OnDemand/_definst_/mp4:archive/monocounty/monocounty_c49e5903-c56d-11f0-a7da-005056a89546.mp4/playlist.m3u8,/m/mono-county-ca-board-of-supervisors-meeting
baltimorecountymd,granicus,,,no-url-found,,,,,no valid view_id 1-3 on Granicus RSS
nassaucountyny,granicus,,,no-url-found,,,,,no valid view_id 1-3 on Granicus RSS
floydcountyga,granicus,https://floydcountyga.granicus.com/MediaPlayer.php?view_id=1&clip_id=131,tier3-agenda,ingested,"Floyd County, GA",0,0,https://archive-stream.granicus.com/OnDemand/_definst_/mp4:archive/floydcountyga/floydcountyga_6051c383-ea7c-4c45-b6ad-bc600250d9d0.mp4/playlist.m3u8,/m/floyd-county-ga-2026-01-27-board-of-commissioners
alamedacounty,granicus,https://alamedacounty.granicus.com/MediaPlayer.php?view_id=2&clip_id=10458,tier3-agenda,ingested,"Alameda County, CA",0,0,https://archive-stream.granicus.com/OnDemand/_definst_/mp4:archive/alamedacounty/alamedacounty_98aa9d1e-a6e9-11f1-a028-005056a89546.mp4/playlist.m3u8,/m/alameda-county-ca-2026-09-02-fairview-municipal-advisory-council
sarasotacounty,granicus,,,no-url-found,,,,,no valid view_id 1-3 on Granicus RSS
landercountynv,granicus,https://landercountynv.granicus.com/MediaPlayer.php?view_id=1&clip_id=94,tier3-agenda,ingested,"Lander County, NV",0,0,https://archive-stream.granicus.com/OnDemand/_definst_/mp4:archive/landercountynv/landercountynv_6e173358-69aa-4f1f-a2f4-950c28b29a3c.mp4/playlist.m3u8,/m/lander-county-nv-2026-08-27-lander-county-board-of-commissioners
brunswickcounty,granicus,,,no-url-found,,,,,no valid view_id 1-3 on Granicus RSS
unioncountync,legistar,https://unioncountync.legistar.com/MeetingDetail.aspx?LEGID=1256&GID=834&G=52D9E17D-BEDB-4D27-9C07-2445D451B18D,tier1,ingested,"Union County, NC",1969,0,https://archive-stream.granicus.com/OnDemand/_definst_/mp4:archive/unioncountync/unioncountync_8a726fc8-3a69-4614-a4f4-67f989d75765.mp4/playlist.m3u8,/m/union-county-nc-2026-08-17-board-of-commissioners-on-2026-08-17-6-00-pm (recovered via retry: next candidate)
douglascountynv,granicus,https://douglascountynv.granicus.com/MediaPlayer.php?view_id=1&clip_id=1872,tier3-agenda,ingested,"Douglas County, NV",0,0,https://archive-stream.granicus.com/OnDemand/_definst_/mp4:archive/douglascountynv/douglascountynv_9dfb9659-f036-4aed-8e0e-6c3956018438.mp4/playlist.m3u8,/m/douglas-county-nv-2026-09-03-board-of-county-commissioners (recovered via retry: next candidate)
effinghamcounty,granicus,https://effinghamcounty.granicus.com/MediaPlayer.php?view_id=1&clip_id=1,tier3-agenda,ingested,Effingham County GA,0,0,https://archive-stream.granicus.com/OnDemand/_definst_/mp4:archive/effinghamcounty/effinghamcounty_7fa0eab1-b957-4405-b50d-ef6599515068.mp4/playlist.m3u8,/m/effingham-county-ga-2025-04-11-boards-and-commissions-instructor-led-training
princegeorgescountymd,granicus,https://princegeorgescountymd.granicus.com/MediaPlayer.php?view_id=2&clip_id=5201,tier3-agenda,ingested,"Prince George&apos;s County, MD",0,0,https://archive-video.granicus.com/princegeorgescountymd/princegeorgescountymd_b8b73dee-e1fa-4643-8a9a-9259b515244e.mp4,/m/prince-george-s-county-md-2026-09-03-planning-housing-and-economic-development-c
sweetwatercountywy,granicus,https://sweetwatercountywy.granicus.com/MediaPlayer.php?view_id=1&clip_id=347,tier3-agenda,ingested,Sweetwater County WY,0,0,https://archive-stream.granicus.com/OnDemand/_definst_/mp4:archive/sweetwatercountywy/sweetwatercountywy_d136d4fa-0943-4eaf-af57-3c9c68e3b1f9.mp4/playlist.m3u8,/m/sweetwater-county-wy-2026-09-01-board-of-county-commissioners
emmetcounty,granicus,https://emmetcounty.granicus.com/MediaPlayer.php?view_id=1&clip_id=2061,tier3-agenda,ingested,Emmet County,0,0,,/m/emmet-county-2026-08-26-board-of-commissioners
passaiccountynj,granicus,https://passaiccountynj.granicus.com/MediaPlayer.php?view_id=1&clip_id=58,tier3-agenda,ingested,"Passaic County, NJ",0,0,https://archive-stream.granicus.com/OnDemand/_definst_/mp4:archive/passaiccountynj/passaiccountynj_42e63e77-d513-44c4-ab5f-55240de5bdeb.mp4/playlist.m3u8,/m/passaic-county-nj-2023-01-04-board-of-county-commissioners-reorganization-meetin
nyecounty,granicus,https://nyecounty.granicus.com/MediaPlayer.php?view_id=3&clip_id=2138,tier3-agenda,ingested,"Nye County, NV",0,0,https://archive-stream.granicus.com/OnDemand/_definst_/mp4:archive/nyecounty/nyecounty_0bce2541-7194-45f3-aaf7-9e493f91435e.mp4/playlist.m3u8,/m/nye-county-nv-2026-09-01-board-of-county-commissioners-regular-meeting
ulstercountyny,granicus,https://ulstercountyny.granicus.com/MediaPlayer.php?view_id=1&clip_id=2,,resolve-failed,,,,,resolve raised: HTTP 404 for https://ulstercountyny.granicus.com/MediaPlayer.php?view_id=1&clip_id=2
geneseecountymi,legistar,https://geneseecountymi.legistar.com/MeetingDetail.aspx?LEGID=3341&GID=961&G=2E13A652-BF29-4639-8FE0-30EAE8E0E98B,tier3-agenda,ingested,Genesee County,0,0,,/m/genesee-county-mi-2026-08-31-board-of-county-commissioners
baldwincountyal,granicus,https://baldwincountyal.granicus.com/MediaPlayer.php?view_id=1&clip_id=1026,tier3-agenda,ingested,Baldwin County,0,0,https://archive-stream.granicus.com/OnDemand/_definst_/mp4:archive/baldwincountyal/baldwincountyal_8493c04c-8830-438b-81b1-c3c720775173.mp4/playlist.m3u8,/m/baldwin-county-al-2026-09-01-baldwin-county-commission-regular-on-2026-09-01-10
durhamcounty,granicus,https://durhamcounty.granicus.com/MediaPlayer.php?view_id=2&clip_id=1556,tier3-agenda,ingested,"Durham County, NC",0,0,https://archive-stream.granicus.com/OnDemand/_definst_/mp4:archive/durhamcounty/durhamcounty_6474f89b-4e74-44e9-b757-e66dcc70a13a.mp4/playlist.m3u8,/m/durham-county-nc-2026-08-31-board-of-county-commissioners-archive-in-touch-with
oklahomacounty,legistar,https://oklahomacounty.legistar.com/MeetingDetail.aspx?LEGID=5652&GID=736&G=99602EA7-B638-42EB-9191-21650CED66C9,tier1,ingested,"OKLAHOMA COUNTY, OK",2633,0,https://www.youtube.com/embed/8U06Hk5W2rY,/m/oklahoma-county-ok-2026-09-03-bet-regular-meeting-09-03-2026
sanmateocounty,legistar,https://sanmateocounty.legistar.com/MeetingDetail.aspx?LEGID=1711&GID=659&G=1088EC25-A43A-408F-A57C-73C0A70269AB,tier1,ingested,"County of San Mateo, CA",11139,0,https://archive-stream.granicus.com/OnDemand/_definst_/mp4:archive/sanmateocounty/sanmateocounty_79ec8b74-cf54-4615-aa92-2cf2dadb18e1.mp4/playlist.m3u8,/m/county-of-san-mateo-ca-2026-08-25-board-of-supervisors-on-2026-08-25-9-00-am (retried after transient SSL error) (recovered via retry: next candidate)
okaloosacountyfl,granicus,,,no-url-found,,,,,no valid view_id 1-3 on Granicus RSS
bureaucountyil,granicus,https://bureaucountyil.granicus.com/MediaPlayer.php?view_id=2&clip_id=5,tier3-agenda,ingested,"Bureau County, IL",0,0,,/m/bureau-county-il-2026-07-23-county-board
lumpkincounty,granicus,https://lumpkincounty.granicus.com/MediaPlayer.php?view_id=1&clip_id=584,tier3-agenda,ingested,"Lumpkin County, GA",0,0,,/m/lumpkin-county-ga-2025-01-22-board-of-commissioners-work-session-ii (recovered via retry: next candidate)
swiftcounty,granicus,https://swiftcounty.granicus.com/MediaPlayer.php?view_id=1&clip_id=184,tier3-agenda,ingested,"Swift County, MN",0,0,,/m/swift-county-mn-2026-08-31-board-of-commissioners
elkocounty,granicus,https://elkocounty.granicus.com/MediaPlayer.php?view_id=2&clip_id=3494,tier1,ingested,"Elko County, NV",2261,0,https://archive-stream.granicus.com/OnDemand/_definst_/mp4:archive/elkocounty/elkocounty_5e0b2f76-a7d4-11f1-a183-005056a89546.mp4/playlist.m3u8,/m/elko-county-nv-2026-09-02-board-of-commissioners
berkeleycountysc,granicus,https://berkeleycountysc.granicus.com/MediaPlayer.php?view_id=1&clip_id=3237,tier3-agenda,ingested,"Berkeley County, SC",0,0,,/m/berkeley-county-sc-2023-01-05-boards-and-commissions-tall-pines-special-tax-dist
knoxcountyoh,legistar,https://knoxcountyoh.legistar.com/MeetingDetail.aspx?LEGID=1316&GID=969&G=6DE411D2-88D8-4DE4-A458-C832102ACA0D,tier3-agenda,ingested,Knox County,0,0,,/m/knox-county-oh-2026-09-03-board-of-commissioners
grandcounty-co,granicus,https://grandcounty-co.granicus.com/MediaPlayer.php?view_id=1&clip_id=1540,tier3-agenda,ingested,"Grand County, CO",0,0,https://archive-stream.granicus.com/OnDemand/_definst_/mp4:archive/grandcounty-co/grandcounty-co_be666e8a-334e-11f1-bb28-005056a89546.mp4/playlist.m3u8,/m/grand-county-co-2026-04-07-grand-county-board-of-county-commissioners-meeting
hunterdoncounty,granicus,https://hunterdoncounty.granicus.com/MediaPlayer.php?view_id=1&clip_id=8,tier3-agenda,ingested,"Hunterdon County, NJ",0,0,,/m/hunterdon-county-nj-2020-09-03-hunterdon-county-board-of-chosen-freeholders-sep
hillsboroughcounty,legistar,https://hillsboroughcounty.legistar.com/MeetingDetail.aspx?LEGID=1395&GID=761&G=3144BC14-0EA0-4A0F-BC83-C4F8B333D0E8,tier1,ingested,"Hillsborough County, FL",7232,0,https://archive-stream.granicus.com/OnDemand/_definst_/mp4:archive/hillsboroughcounty/hillsboroughcounty_3c12ceb4-251b-470e-b975-fe6a0b489152.mp4/playlist.m3u8,/m/hillsborough-county-fl-2026-08-24-zoning-hearing-master-on-2026-08-24-6-00-pm
chemungcounty,granicus,https://chemungcounty.granicus.com/MediaPlayer.php?view_id=2&clip_id=3,tier3-agenda,ingested,Chemung County NY,0,0,https://archive-stream.granicus.com/OnDemand/_definst_/mp4:archive/chemungcounty/chemungcounty_ad63e2f6-791f-41cd-8f22-9030640a2f61.mp4/playlist.m3u8,/m/chemung-county-ny-2023-08-10-ilt-peak-agenda-coordinators-recommended-session-3
glynncounty,granicus,https://glynncounty.granicus.com/MediaPlayer.php?view_id=1&clip_id=1008,tier3-agenda,ingested,"Glynn County, GA",0,0,https://archive-stream.granicus.com/OnDemand/_definst_/mp4:archive/glynncounty/glynncounty_c8efaf80-0737-465c-8e2f-274390dfff5e.mp4/playlist.m3u8,/m/glynn-county-ga-2026-09-03-glynn-county-board-of-commissioners
milwaukeecounty,granicus,https://milwaukeecounty.granicus.com/MediaPlayer.php?view_id=2&clip_id=5013,tier3-agenda,ingested,"Milwaukee County, WI",0,0,https://archive-stream.granicus.com/OnDemand/_definst_/mp4:archive/milwaukeecounty/milwaukeecounty_948ad7f6-b75d-4f78-af92-04c83a2a78a2.mp4/playlist.m3u8,/m/milwaukee-county-wi-2026-08-26-capital-improvements-committee-on-2026-08-26-10-0
hernandocountyfl,granicus,https://hernandocountyfl.granicus.com/MediaPlayer.php?view_id=1&clip_id=2104,tier3-agenda,ingested,"Hernando County, FL",0,0,https://archive-stream.granicus.com/OnDemand/_definst_/mp4:archive/hernandocountyfl/hernandocountyfl_fc94f016-cec9-47a9-8376-d79da101db61.mp4/playlist.m3u8,/m/hernando-county-fl-2026-09-03-metropolitan-planning-organization-on-2026-09-03-1
thurstoncountywa,legistar,https://thurstoncountywa.legistar.com/MeetingDetail.aspx?LEGID=972&GID=974&G=FF19B88F-7DD9-49FA-93F2-966F7E26D472,none,skipped-empty,,0,0,,no segments/agenda/video
grimescountytx,granicus,https://grimescountytx.granicus.com/MediaPlayer.php?view_id=1&clip_id=429,tier3-agenda,ingested,"Grimes County, TX",0,0,https://archive-stream.granicus.com/OnDemand/_definst_/mp4:archive/grimescountytx/grimescountytx_48f82323-68ed-4705-a9c3-197e433b83ca.mp4/playlist.m3u8,/m/grimes-county-tx-2025-10-01-commissioners-court-regular-meeting-part-2
elbertcounty,granicus,https://elbertcounty.granicus.com/MediaPlayer.php?view_id=1&clip_id=438,tier3-agenda,ingested,"Elbert County, CO",0,0,https://archive-stream.granicus.com/OnDemand/_definst_/mp4:archive/elbertcounty/elbertcounty_c5d74cb3-8bc5-450b-9242-537a2fe201b4.mp4/playlist.m3u8,/m/elbert-county-co-2025-08-13-land-use
pottercountytx,granicus,https://pottercountytx.granicus.com/MediaPlayer.php?view_id=1&clip_id=373,tier3-agenda,ingested,"Potter County, TX",0,0,https://archive-stream.granicus.com/OnDemand/_definst_/mp4:archive/pottercountytx/pottercountytx_c00f9ca9-3fc0-4ff8-ae46-f046cc471987.mp4/playlist.m3u8,/m/potter-county-tx-2026-08-24-commissioners-court
rutherfordcountync,granicus,https://rutherfordcountync.granicus.com/MediaPlayer.php?view_id=2&clip_id=1374,tier3-agenda,ingested,"Rutherford County, NC",0,0,https://archive-stream.granicus.com/OnDemand/_definst_/mp4:archive/rutherfordcountync/rutherfordcountync_7069e2bf-a0e0-11f1-a028-005056a89546.mp4/playlist.m3u8,/m/rutherford-county-nc-2026-08-25-board-of-commissioners-on-2026-08-25-6-00-pm
charlescountymd,granicus,https://charlescountymd.granicus.com/MediaPlayer.php?view_id=1&clip_id=517,tier3-agenda,ingested,"Charles County, MD",0,0,,/m/charles-county-md-2026-08-12-administrative-charging-committee (recovered via retry: next candidate)
harfordcountymd,granicus,,,no-url-found,,,,,no valid view_id 1-3 on Granicus RSS
ramseycountymn,granicus,https://ramseycountymn.granicus.com/MediaPlayer.php?view_id=1&clip_id=1510,tier1,ingested,Ramsey County,3189,0,https://archive-stream.granicus.com/OnDemand/_definst_/mp4:archive/ramseycountymn/ramseycountymn_24be4d88-a1d7-405e-86d3-325fcb9e15de.mp4/playlist.m3u8,/m/ramsey-county-mn-2026-09-03-budget-committee-of-the-whole-on-2026-09-03-9-00-am
laramiecounty,legistar,https://laramiecounty.legistar.com/MeetingDetail.aspx?LEGID=2227&GID=709&G=A0D9E41B-E641-4671-BD5D-7F8A3AE18855,tier3-agenda,ingested,"Laramie County, Wy",0,35,https://archive-stream.granicus.com/OnDemand/_definst_/mp4:archive/laramiecounty/laramiecounty_ca94133c-a6db-11f1-a028-005056a89546.mp4/playlist.m3u8,/m/laramie-county-wy-2026-08-03-20260901
lakecountyin,granicus,https://lakecountyin.granicus.com/MediaPlayer.php?view_id=1&clip_id=378,tier3-agenda,ingested,Lake County,0,0,https://archive-stream.granicus.com/OnDemand/_definst_/mp4:archive/lakecountyin/lakecountyin_550f3f95-8e3c-4c3b-81f4-703a1590325e.mp4/playlist.m3u8,/m/lake-county-in-2026-09-03-lake-county-council-2027-budget-workshop
eaglecounty,granicus,,,no-url-found,,,,,no valid view_id 1-3 on Granicus RSS
saratogacountyny,legistar,https://saratogacountyny.legistar.com/MeetingDetail.aspx?LEGID=940&GID=973&G=88F6B11E-788A-4159-A894-D607CB519647,none,skipped-empty,,0,0,,no segments/agenda/video
bernalillocountynm,granicus,,,no-url-found,,,,,no valid view_id 1-3 on Granicus RSS
grundycountyil,legistar,https://grundycountyil.legistar.com/MeetingDetail.aspx?LEGID=921&GID=1032&G=09BC6578-320F-4975-B863-A25C3063C6B8,none,skipped-empty,,0,0,,no segments/agenda/video
galvestoncountytx,legistar,https://galvestoncountytx.legistar.com/MeetingDetail.aspx?LEGID=2790&GID=942&G=5E993999-2A28-4D84-802D-D0C5429593F8,tier3-agenda,ingested,Galveston County TX,0,0,https://archive-stream.granicus.com/OnDemand/_definst_/mp4:archive/galvestoncountytx/galvestoncountytx_06b72c1f-757d-4d30-aa85-c000ad031c30.mp4/playlist.m3u8,/m/galveston-county-tx-2026-08-31-commissioners-court-special-meeting-on-2026-08-31
olmstedcounty,granicus,https://olmstedcounty.granicus.com/MediaPlayer.php?view_id=1&clip_id=15,tier3-agenda,ingested,"Olmsted County, MN",0,0,https://archive-stream.granicus.com/OnDemand/_definst_/mp4:archive/olmstedcounty/olmstedcounty_6debb09a-0965-4ec4-a616-3255d9edb62b.mp4/playlist.m3u8,/m/olmsted-county-mn-2025-10-15-olmsted-county-mn-ecomment-training
finneycounty,granicus,https://finneycounty.granicus.com/MediaPlayer.php?view_id=1&clip_id=330,tier3-agenda,ingested,"Finney County, KS",0,0,,/m/finney-county-ks-2026-08-17-county-commission-work-session
daviecountync,granicus,https://daviecountync.granicus.com/MediaPlayer.php?view_id=1&clip_id=142,tier3-agenda,ingested,"Davie County, NC",0,0,,/m/davie-county-nc-2024-05-07-board-of-commissioners (recovered via retry: next candidate)
newkentcounty,granicus,https://newkentcounty.granicus.com/MediaPlayer.php?view_id=1&clip_id=29,tier3-agenda,ingested,New Kent County VA,0,0,,/m/new-kent-county-va-2026-08-14-board-of-supervisors
montgomerycountymd,granicus,https://montgomerycountymd.granicus.com/MediaPlayer.php?view_id=2&clip_id=18367,tier1,ingested,Montgomery County,903,0,https://archive-stream.granicus.com/OnDemand/_definst_/mp4:archive/montgomerycountymd/montgomerycountymd_e2165178-9195-485a-8ec7-703be51747bb.mp4/playlist.m3u8,/m/montgomery-county-md-2025-11-05-council-youth-town-hall
warrencountytn,granicus,https://warrencountytn.granicus.com/MediaPlayer.php?view_id=1&clip_id=83,tier3-agenda,ingested,"Warren County, TN",0,0,,/m/warren-county-tn-2024-07-09-warren-county-board-of-commissioners-jun-24th-2024
calaverascounty,granicus,https://calaverascounty.granicus.com/MediaPlayer.php?view_id=1&clip_id=11,tier3-agenda,ingested,"Calaveras County, CA",0,0,https://archive-stream.granicus.com/OnDemand/_definst_/mp4:archive/calaverascounty/calaverascounty_f4099313-58b1-434c-8fbb-b517c4383e5b.mp4/playlist.m3u8,/m/calaveras-county-ca-2023-04-19-board-of-supervisors-on-2023-04-19-3-30-pm-workfl
riversidecountyca,legistar,https://riversidecountyca.legistar.com/MeetingDetail.aspx?LEGID=976&GID=1041&G=94A92325-E909-4A7B-912C-50279CA1446D,none,skipped-empty,,0,0,,no segments/agenda/video
hardeecountyfl,granicus,https://hardeecountyfl.granicus.com/MediaPlayer.php?view_id=1&clip_id=426,tier3-agenda,ingested,"Hardee County, FL",0,0,https://archive-stream.granicus.com/OnDemand/_definst_/mp4:archive/hardeecountyfl/hardeecountyfl_b8095d1a-f748-4c2b-a777-1eb697d76eac.mp4/playlist.m3u8,/m/hardee-county-fl-2026-09-04-planning-and-zoning-board
spaldingcounty,granicus,https://spaldingcounty.granicus.com/MediaPlayer.php?view_id=1&clip_id=414,tier3-agenda,ingested,"Spalding County, GA",0,0,,/m/spalding-county-ga-2026-08-24-parks-leisure-services-advisory-committee (recovered via retry: next candidate)
pueblocounty,legistar,https://pueblocounty.legistar.com/MeetingDetail.aspx?LEGID=1033&GID=799&G=B9DB911A-4A6D-498E-921C-69D22BD265F8,none,skipped-empty,,0,0,,no segments/agenda/video
kentcountyde,granicus,https://kentcountyde.granicus.com/MediaPlayer.php?view_id=1&clip_id=145,tier3-agenda,ingested,"Kent County, DE",0,0,https://archive-stream.granicus.com/OnDemand/_definst_/mp4:archive/kentcountyde/kentcountyde_e68fcc22-b6cc-44a7-a71f-8407ae163455.mp4/playlist.m3u8,/m/kent-county-de-2026-09-03-regional-planning-commission-public-hearing
butlercountyoh,granicus,,,no-url-found,,,,,no valid view_id 1-3 on Granicus RSS
unioncountync,granicus,https://unioncountync.granicus.com/MediaPlayer.php?view_id=1&clip_id=473,tier3-agenda,ingested,"Union County, NC",0,0,https://archive-stream.granicus.com/OnDemand/_definst_/mp4:archive/unioncountync/unioncountync_b70a412a-5367-4feb-b500-81cd6c4d0c2f.mp4/playlist.m3u8,/m/union-county-nc-2026-08-18-land-use-board-on-2026-08-18-6-00-pm
clevelandcountyok,legistar,https://clevelandcountyok.legistar.com/MeetingDetail.aspx?LEGID=1011&GID=1005&G=ADDC5E15-931B-4951-86BF-B0595C5B4F4C,tier3-agenda,ingested,"Cleveland County, OK",0,0,https://archive-stream.granicus.com/OnDemand/_definst_/mp4:archive/clevelandcountyok/clevelandcountyok_bfdc3325-6b0a-4f9d-8964-3e207ef8b42f.mp4/playlist.m3u8,/m/cleveland-county-ok-2026-08-31-board-of-county-commissioners-on-2026-08-31-1-00 (recovered via retry: next candidate)
jimwellscountytx,granicus,https://jimwellscountytx.granicus.com/MediaPlayer.php?view_id=1&clip_id=59,tier3-agenda,ingested,Jim Wells County TX,0,0,https://archive-stream.granicus.com/OnDemand/_definst_/mp4:archive/jimwellscountytx/jimwellscountytx_4992dea7-0bb7-4b91-be86-aa3d59ca6b7a.mp4/playlist.m3u8,/m/jim-wells-county-tx-2026-09-04-commissioner-s-court
dekalbcountyga,legistar,https://dekalbcountyga.legistar.com/MeetingDetail.aspx?LEGID=4487&GID=570&G=38B42E79-166F-4337-AE30-3665ECD50E7A,tier3-agenda,ingested,"DeKalb County, GA",0,0,https://archive-stream.granicus.com/OnDemand/_definst_/mp4:archive/dekalbcountyga/dekalbcountyga_0c1f22d3-d8e3-4d7d-a5f1-beae381e47c2.mp4/playlist.m3u8,/m/dekalb-county-ga-2026-08-25-board-of-commissioners-regular-meeting (recovered via retry: next candidate)
chathamcountyga,granicus,https://chathamcountyga.granicus.com/MediaPlayer.php?view_id=1&clip_id=251,tier3-agenda,ingested,Chatham County,0,0,https://archive-stream.granicus.com/OnDemand/_definst_/mp4:archive/chathamcountyga/chathamcountyga_1f06c5c9-2d7b-4ff6-bb25-8f78b47df752.mp4/playlist.m3u8,/m/chatham-county-ga-2026-02-25-board-of-commissioners-regular-meeting
seminolecountyfl,legistar,https://seminolecountyfl.legistar.com/MeetingDetail.aspx?LEGID=3589&GID=921&G=E2DF9C83-4A2C-4390-86EE-5C088F5B9D50,tier1,ingested,"Seminole County, FL",7692,0,https://archive-stream.granicus.com/OnDemand/_definst_/mp4:archive/seminolecountyfl/seminolecountyfl_f3f62507-755f-4da6-82fa-650ff3528ade.mp4/playlist.m3u8,/m/seminole-county-fl-2026-08-25-board-of-county-commissioners-on-2026-08-25-9-30-a (recovered via retry: next candidate)
tarrantcounty,granicus,,,no-url-found,,,,,no valid view_id 1-3 on Granicus RSS
sussexcountyva,granicus,,,no-url-found,,,,,no valid view_id 1-3 on Granicus RSS
summitcounty,granicus,https://summitcounty.granicus.com/MediaPlayer.php?view_id=1&clip_id=1453,tier3-agenda,ingested,"Summit County, UT",0,0,,/m/summit-county-ut-2026-08-27-eastern-summit-county-agriculture-preservation-and-o
geneseecountymi,granicus,https://geneseecountymi.granicus.com/MediaPlayer.php?view_id=1&clip_id=15,tier3-agenda,ingested,Genesee County MI,0,0,https://archive-stream.granicus.com/OnDemand/_definst_/mp4:archive/geneseecountymi/geneseecountymi_225b0d34-64c4-4a5a-a445-0e9f6089b14d.mp4/playlist.m3u8,/m/genesee-county-mi-2023-08-23-legistar-file-template-troubleshooting
oklahomacounty,granicus,https://oklahomacounty.granicus.com/MediaPlayer.php?view_id=1&clip_id=2409,tier3-agenda,ingested,"Oklahoma County, OK",0,0,https://archive-stream.granicus.com/OnDemand/_definst_/mp4:archive/oklahomacounty/oklahomacounty_3a410272-d3cb-4199-9484-ac537217edd8.mp4/playlist.m3u8,/m/oklahoma-county-ok-2026-09-03-budget-evaluation-team-on-2026-09-03-9-00-am
sanmateocounty,granicus,https://sanmateocounty.granicus.com/MediaPlayer.php?view_id=1&clip_id=1950,tier1,ingested,"County of San Mateo, CA",11139,0,https://archive-stream.granicus.com/OnDemand/_definst_/mp4:archive/sanmateocounty/sanmateocounty_79ec8b74-cf54-4615-aa92-2cf2dadb18e1.mp4/playlist.m3u8,/m/county-of-san-mateo-ca-2026-08-25-board-of-supervisors-on-2026-08-25-9-00-am (retried after transient SSL error)
dentoncounty,legistar,https://dentoncounty.granicus.com/MediaPlayer.php?view_id=2&clip_id=223,tier3-agenda,ingested,"Denton County, TX",0,0,https://archive-stream.granicus.com/OnDemand/_definst_/mp4:archive/dentoncounty/dentoncounty_20f15d42-680c-4a9b-aab6-b9fe0f0439fc.mp4/playlist.m3u8,/m/denton-county-tx-2011-08-31-mass-gathering-meeting
fresnocounty,legistar,https://fresnocounty.legistar.com/MeetingDetail.aspx?LEGID=10055&GID=445&G=33E9BBE7-7587-40B2-837F-DDAC12A39680,tier1,ingested,"Fresno County, CA",2646,0,https://archive-stream.granicus.com/OnDemand/_definst_/mp4:archive/fresnocounty/fresnocounty_d783541f-a413-4d0f-b986-94284a82afbd.mp4/playlist.m3u8,/m/fresno-county-ca-2026-08-25-board-of-supervisors-on-2026-08-25-9-30-am
alleghenycounty,legistar,,,no-url-found,,,,,no public-video event via Web API; no companion Granicus domain
knoxcountyoh,granicus,https://knoxcountyoh.granicus.com/MediaPlayer.php?view_id=1&clip_id=947,tier3-agenda,ingested,"Knox County, OH",0,0,https://archive-stream.granicus.com/OnDemand/_definst_/mp4:archive/knoxcountyoh/knoxcountyoh_20931411-d178-44f5-91e3-5426d7c246e4.mp4/playlist.m3u8,/m/knox-county-oh-2023-11-11-board-of-commissioners-regular-session
leecountync,granicus,https://leecountync.granicus.com/MediaPlayer.php?view_id=1&clip_id=191,tier3-agenda,ingested,"Lee County, NC",0,0,,/m/lee-county-nc-2026-09-04-board-of-commissioners-sep-4th-2026
hillsboroughcounty,granicus,https://hillsboroughcounty.granicus.com/MediaPlayer.php?view_id=1&clip_id=1361,tier1,ingested,"Hillsborough County, FL",3994,0,https://archive-stream.granicus.com/OnDemand/_definst_/mp4:archive/hillsboroughcounty/hillsboroughcounty_e847faeb-7ca7-4c10-ba85-0f592a79577e.mp4/playlist.m3u8,/m/hillsborough-county-fl-2026-09-02-20260902-bocc-rm
summitcountyco,granicus,https://summitcountyco.granicus.com/MediaPlayer.php?view_id=1&clip_id=379,tier3-agenda,ingested,"Summit County, CO",0,0,,/m/summit-county-co-2026-02-24-summit-county-housing-authority
hoodrivercounty,granicus,https://hoodrivercounty.granicus.com/MediaPlayer.php?view_id=1&clip_id=49,tier3-agenda,ingested,"Hood River County, OR",0,0,https://archive-stream.granicus.com/OnDemand/_definst_/mp4:archive/hoodrivercounty/hoodrivercounty_a3e306bd-9225-419a-975f-0bf211c02c22.mp4/playlist.m3u8,/m/hood-river-county-or-2025-08-18-board-of-commissioners
thurstoncountywa,granicus,https://thurstoncountywa.granicus.com/MediaPlayer.php?view_id=1&clip_id=24,tier3-agenda,ingested,"Thurston County, WA",0,0,https://archive-stream.granicus.com/OnDemand/_definst_/mp4:archive/thurstoncountywa/thurstoncountywa_bed21ad5-3afd-42ef-b24d-51f4ba7b383f.mp4/playlist.m3u8,/m/thurston-county-wa-2024-03-04-thurston-county-processing-minutes
santacruzcountyca,granicus,https://santacruzcountyca.granicus.com/MediaPlayer.php?view_id=2&clip_id=398,tier1,ingested,"Santa Cruz County, CA",4672,0,https://archive-stream.granicus.com/OnDemand/_definst_/mp4:archive/santacruzcountyca/santacruzcountyca_42d620a9-19d6-4a58-aec5-6170dc038e9a.mp4/playlist.m3u8,/m/santa-cruz-county-ca-2025-02-11-board-of-supervisors-regular-meeting
deltacountytx,granicus,https://deltacountytx.granicus.com/MediaPlayer.php?view_id=2&clip_id=3,tier3-agenda,ingested,Delta County,0,0,https://archive-stream.granicus.com/OnDemand/_definst_/mp4:archive/deltacountytx/deltacountytx_c61337e4-77cf-4ed6-b33b-cd2df4fa7b5f.mp4/playlist.m3u8,/m/delta-county-tx-2025-04-18-ilt-peak-drafters-and-approvers-recommended-session-2
laramiecounty,granicus,https://laramiecounty.granicus.com/MediaPlayer.php?view_id=1&clip_id=444,tier3-agenda,ingested,"Laramie County, Wy",0,2,https://archive-stream.granicus.com/OnDemand/_definst_/mp4:archive/laramiecounty/laramiecounty_37618e4f-663f-4608-b3bc-3925966c87f1.mp4/playlist.m3u8,/m/laramie-county-wy-2021-08-02-210802-public-hearing-to-set-mill-levies
claytoncountyga,granicus,https://claytoncountyga.granicus.com/MediaPlayer.php?view_id=1&clip_id=522,tier3-agenda,ingested,Clayton County GA,0,0,https://archive-stream.granicus.com/OnDemand/_definst_/mp4:archive/claytoncountyga/claytoncountyga_aaaaa3f9-d771-492f-b110-3c10d50497f3.mp4/playlist.m3u8,/m/clayton-county-ga-2026-09-01-regular-business-meeting
saratogacountyny,granicus,,,no-url-found,,,,,no valid view_id 1-3 on Granicus RSS
grundycountyil,granicus,https://grundycountyil.granicus.com/MediaPlayer.php?view_id=2&clip_id=12,tier3-agenda,ingested,"Grundy County, IL",0,0,https://archive-stream.granicus.com/OnDemand/_definst_/mp4:archive/grundycountyil/grundycountyil_e2801853-daf9-4600-a044-1b3ea7553cec.mp4/playlist.m3u8,/m/grundy-county-il-2026-09-01-grundy-county-il-legistar-drafting-and-approving-tra
hanovercounty,granicus,https://hanovercounty.granicus.com/MediaPlayer.php?view_id=1&clip_id=102,tier3-agenda,ingested,"HANOVER COUNTY, VIRGINIA",0,21,https://archive-video.granicus.com/hanovercounty/hanovercounty_35b728c7-379a-4a66-8aab-24bb22c8df8d.mp4,/m/hanover-county-va-2015-12-10-planning-commission-meeting-dec-10th-2015
galvestoncountytx,granicus,https://galvestoncountytx.granicus.com/MediaPlayer.php?view_id=1&clip_id=966,tier3-agenda,ingested,Galveston County TX,0,0,https://archive-stream.granicus.com/OnDemand/_definst_/mp4:archive/galvestoncountytx/galvestoncountytx_06b72c1f-757d-4d30-aa85-c000ad031c30.mp4/playlist.m3u8,/m/galveston-county-tx-2026-08-31-commissioners-court-special-meeting-on-2026-08-31
montrosecounty,granicus,https://montrosecounty.granicus.com/MediaPlayer.php?view_id=2&clip_id=2269,tier1,ingested,"Montrose County, CO",163,0,https://archive-stream.granicus.com/OnDemand/_definst_/mp4:archive/montrosecounty/montrosecounty_3194b81e-a6e4-11f1-a028-005056a89546.mp4/playlist.m3u8,/m/montrose-county-co-2026-09-02-regular-meeting-board-of-county-commissioners
riversidecountyca,granicus,https://riversidecountyca.granicus.com/MediaPlayer.php?view_id=2&clip_id=21,tier3-agenda,ingested,"Riverside County, California",0,0,https://archive-stream.granicus.com/OnDemand/_definst_/mp4:archive/riversidecountyca/riversidecountyca_473ecb86-da71-435e-88d8-9c1b08c3d72d.mp4/playlist.m3u8,/m/riverside-county-ca-2026-07-30-riverside-county-ca-legistar-admin-training-part
ouraycountyco,granicus,https://ouraycountyco.granicus.com/MediaPlayer.php?view_id=1&clip_id=18,tier3-agenda,ingested,Ouray County CO,0,0,,/m/ouray-county-co-2024-10-23-board-of-county-commissioners-oc4hec
gadsdencountyfl,granicus,https://gadsdencountyfl.granicus.com/MediaPlayer.php?view_id=1&clip_id=178,tier3-agenda,ingested,"Gadsden County, FL",0,0,https://archive-stream.granicus.com/OnDemand/_definst_/mp4:archive/gadsdencountyfl/gadsdencountyfl_dd82abd6-e6d4-4de2-ae3e-dc4ef852d755.mp4/playlist.m3u8,/m/gadsden-county-fl-2026-09-01-board-of-county-commissioners
horrycounty,granicus,https://horrycounty.granicus.com/MediaPlayer.php?view_id=2&clip_id=3363,tier1,ingested,"Horry County, South Carolina",524,0,https://archive-stream.granicus.com/OnDemand/_definst_/mp4:archive/horrycounty/horrycounty_d81e8e3d-a6cd-11f1-a028-005056a89546.mp4/playlist.m3u8,/m/horry-county-sc-2026-09-01-horry-county-council-meeting
pueblocounty,granicus,https://pueblocounty.granicus.com/MediaPlayer.php?view_id=1&clip_id=9,tier3-video-only,queued,"Pueblo County, CO",0,0,https://archive-stream.granicus.com/OnDemand/_definst_/mp4:archive/pueblocounty/pueblocounty_cb3a0e92-70d4-47e7-9937-8cba28fbe5f5.mp4/playlist.m3u8,tier3_auto_transcription_queue.txt (recovered via retry: next candidate)
clevelandcountyok,granicus,https://clevelandcountyok.granicus.com/MediaPlayer.php?view_id=1&clip_id=1296,tier3-agenda,ingested,"Cleveland County, OK",0,0,https://archive-stream.granicus.com/OnDemand/_definst_/mp4:archive/clevelandcountyok/clevelandcountyok_178f1aa8-872e-4b6f-87d9-4dd134401948.mp4/playlist.m3u8,/m/cleveland-county-ok-2026-09-03-employee-benefits-committee-on-2026-09-03-9-00-am
calvertcounty,granicus,https://calvertcounty.granicus.com/MediaPlayer.php?view_id=1&clip_id=2134,tier3-agenda,ingested,"Calvert County, MD",0,0,https://archive-stream.granicus.com/OnDemand/_definst_/mp4:archive/calvertcounty/calvertcounty_b65c8ec9-a4a0-4b8b-ac04-b8dc18b68572.mp4/playlist.m3u8,/m/calvert-county-md-2026-08-18-regular-meeting-of-the-board-of-county-commissioner
montgomerycountypa,granicus,,,no-url-found,,,,,no valid view_id 1-3 on Granicus RSS
currycountynm,granicus,https://currycountynm.granicus.com/MediaPlayer.php?view_id=1&clip_id=735,tier3-agenda,ingested,"Curry County, NM",0,0,https://archive-stream.granicus.com/OnDemand/_definst_/mp4:archive/currycountynm/currycountynm_1372c681-3dd2-433b-afd9-643254a4326a.mp4/playlist.m3u8,/m/curry-county-nm-2026-08-18-board-of-county-commissioners
monroecounty-fl,granicus,https://monroecounty-fl.granicus.com/MediaPlayer.php?view_id=1&clip_id=117,tier3-agenda,ingested,Monroe County FL,0,0,https://archive-stream.granicus.com/OnDemand/_definst_/mp4:archive/monroecounty-fl/monroecounty-fl_8cd2ecfb-c60c-4aa7-809c-a098953da353.mp4/playlist.m3u8,/m/monroe-county-fl-2026-08-26-planning-commission-hearing
monroecountyfl,granicus,https://monroecountyfl.granicus.com/MediaPlayer.php?view_id=1&clip_id=137,tier3-agenda,ingested,"Monroe County, FL",0,0,https://archive-stream.granicus.com/OnDemand/_definst_/mp4:archive/monroecountyfl/monroecountyfl_ec4f199d-51f6-41e0-aec2-44be062b6455.mp4/playlist.m3u8,/m/monroe-county-fl-2026-05-21-board-of-county-commissioners-regular-meeting-dec-13
dekalbcountyga,granicus,https://dekalbcountyga.granicus.com/MediaPlayer.php?view_id=2&clip_id=5120,tier3-agenda,ingested,"DeKalb County, GA",0,0,https://archive-stream.granicus.com/OnDemand/_definst_/mp4:archive/dekalbcountyga/dekalbcountyga_9a7bc01e-b57d-4051-be23-6fde24303e53.mp4/playlist.m3u8,/m/dekalb-county-ga-2026-08-31-special-called-board-of-registration-and-elections-m
seminolecountyfl,granicus,https://seminolecountyfl.granicus.com/MediaPlayer.php?view_id=1&clip_id=2217,tier1,ingested,"Seminole County, FL",7692,0,https://archive-stream.granicus.com/OnDemand/_definst_/mp4:archive/seminolecountyfl/seminolecountyfl_f3f62507-755f-4da6-82fa-650ff3528ade.mp4/playlist.m3u8,/m/seminole-county-fl-2026-08-25-board-of-county-commissioners-on-2026-08-25-9-30-a
suttercountyca,granicus,,,no-url-found,,,,,no valid view_id 1-3 on Granicus RSS
dentoncounty,granicus,https://dentoncounty.granicus.com/MediaPlayer.php?view_id=2&clip_id=223,tier3-agenda,ingested,"Denton County, TX",0,0,https://archive-stream.granicus.com/OnDemand/_definst_/mp4:archive/dentoncounty/dentoncounty_20f15d42-680c-4a9b-aab6-b9fe0f0439fc.mp4/playlist.m3u8,/m/denton-county-tx-2011-08-31-mass-gathering-meeting
fresnocounty,granicus,https://fresnocounty.granicus.com/MediaPlayer.php?view_id=1&clip_id=1535,tier1,ingested,"Fresno County, CA",2646,0,https://archive-stream.granicus.com/OnDemand/_definst_/mp4:archive/fresnocounty/fresnocounty_d783541f-a413-4d0f-b986-94284a82afbd.mp4/playlist.m3u8,/m/fresno-county-ca-2026-08-25-board-of-supervisors-on-2026-08-25-9-30-am
stcroixcountywi,granicus,,,no-url-found,,,,,no valid view_id 1-3 on Granicus RSS
oregon,granicus,,,no-url-found,,,,,no valid view_id 1-3 on Granicus RSS
cityofappleton,legistar,https://cityofappleton.legistar.com/MeetingDetail.aspx?LEGID=6448&GID=309&G=010F2A34-3652-4DBE-891C-302174A6DBB5,tier3-agenda,ingested,"City of Appleton, WI",0,0,https://archive-stream.granicus.com/OnDemand/_definst_/mp4:archive/cityofappleton/cityofappleton_60d92f2c-4a3a-412b-a7cf-639ff29b8de4.mp4/playlist.m3u8,/m/appleton-wi-2026-09-02-finance-committee-on-2026-09-02-5-30-pm-special-meeting
humboldtunifiedschooldistrict258-ks,granicus,,,no-url-found,,,,,no valid view_id 1-3 on Granicus RSS
charlotte,granicus,,,no-url-found,,,,,no valid view_id 1-3 on Granicus RSS
cityofappleton,granicus,https://cityofappleton.granicus.com/MediaPlayer.php?view_id=3&clip_id=5489,tier3-agenda,ingested,"City of Appleton, WI",0,0,https://archive-stream.granicus.com/OnDemand/_definst_/mp4:archive/cityofappleton/cityofappleton_60d92f2c-4a3a-412b-a7cf-639ff29b8de4.mp4/playlist.m3u8,/m/appleton-wi-2026-09-02-finance-committee-on-2026-09-02-5-30-pm-special-meeting
winthrop,granicus,,,no-url-found,,,,,no valid view_id 1-3 on Granicus RSS
alamogordopublicschools,granicus,,,no-url-found,,,,,no valid view_id 1-3 on Granicus RSS
greenville,granicus,,,no-url-found,,,,,no valid view_id 1-3 on Granicus RSS
auburn,granicus,https://auburn.granicus.com/MediaPlayer.php?view_id=1&clip_id=1680,tier3-agenda,ingested,"The City of Auburn, CA",0,15,https://archive-video.granicus.com/auburn/auburn_677311f3-918a-4c48-aee4-b830c36aaa33.mp4,/m/the-city-of-auburn-ca-2026-08-25-city-council-meeting-aug-24th-2026
surry,granicus,,,no-url-found,,,,,no valid view_id 1-3 on Granicus RSS
trenton,granicus,https://trenton.granicus.com/MediaPlayer.php?view_id=1&clip_id=3,tier3-agenda,ingested,Trenton NJ,0,0,,/m/trenton-nj-2019-10-23-city-council-oct-22nd-2019
sedgwick,granicus,https://sedgwick.granicus.com/MediaPlayer.php?view_id=2&clip_id=6154,tier3-agenda,ingested,County of Sedgwick,0,0,https://archive-stream.granicus.com/OnDemand/_definst_/mp4:archive/sedgwick/sedgwick_c17d367e-e2a5-47de-977a-078a28ca1303.mp4/playlist.m3u8,/m/county-of-sedgwick-2026-09-04-2026-09-04-staff-meeting-agenda-review
georgetown,granicus,https://georgetown.granicus.com/MediaPlayer.php?view_id=1&clip_id=1168,tier3-agenda,ingested,"City of Georgetown, Texas",0,0,,/m/georgetown-tx-2026-09-04-planning-and-zoning-commission-sep-4th-2026
jonesboro,legistar,https://jonesboro.legistar.com/MeetingDetail.aspx?LEGID=3950&GID=79&G=37E3CE33-A2DF-46AD-A8C9-5C36A88653D1,tier3-agenda,ingested,"Jonesboro, AR",0,0,https://archive-stream.granicus.com/OnDemand/_definst_/mp4:archive/jonesboro/jonesboro_e955fcd7-3a39-439d-a787-3966f40ec812.mp4/playlist.m3u8,/m/jonesboro-ar-2026-09-01-city-council-on-2026-09-01-5-30-pm
kashiaelementaryschooldistrict,legistar,,,no-url-found,,,,,no public-video event via Web API; no companion Granicus domain
ameryschooldistrictwi,granicus,,,no-url-found,,,,,no valid view_id 1-3 on Granicus RSS
kashiaelementaryschooldistrict-ca,legistar,,,no-url-found,,,,,no public-video event via Web API; no companion Granicus domain
pawpawpublicschooldistrictmi,legistar,,,no-url-found,,,,,no public-video event via Web API; no companion Granicus domain
cityofaxtellcommunityschools,granicus,,,no-url-found,,,,,no valid view_id 1-3 on Granicus RSS
pawpawpublicschooldistrict-mi,legistar,,,no-url-found,,,,,no public-video event via Web API; no companion Granicus domain
axtellcommunityschools-ne,granicus,,,no-url-found,,,,,no valid view_id 1-3 on Granicus RSS
perrisunionhighschooldistrict912,granicus,,,no-url-found,,,,,no valid view_id 1-3 on Granicus RSS
eaglepointschooldistrict9,legistar,,,no-url-found,,,,,no public-video event via Web API; no companion Granicus domain
eaglepointschooldistrict9or,legistar,,,no-url-found,,,,,no public-video event via Web API; no companion Granicus domain
cityofperrisunionhighschooldistrict912,granicus,,,no-url-found,,,,,no valid view_id 1-3 on Granicus RSS
perrisunionhighschooldistrict912-ca,granicus,,,no-url-found,,,,,no valid view_id 1-3 on Granicus RSS
marshallpublicschools-mi,legistar,,,no-url-found,,,,,no public-video event via Web API; no companion Granicus domain
biddeford,granicus,https://biddeford.granicus.com/MediaPlayer.php?view_id=1&clip_id=1928,tier3-agenda,ingested,"Biddeford, Maine",0,0,https://archive-stream.granicus.com/OnDemand/_definst_/mp4:archive/biddeford/biddeford_8844a784-0e5c-47d1-874a-24df81e1c364.mp4/playlist.m3u8,/m/biddeford-me-2024-06-13-historic-preservation-commission
jonesboro,granicus,https://jonesboro.granicus.com/MediaPlayer.php?view_id=1&clip_id=3455,tier3-agenda,ingested,"Jonesboro, AR",0,0,https://archive-stream.granicus.com/OnDemand/_definst_/mp4:archive/jonesboro/jonesboro_598e144e-4e78-48f4-90c9-0113ec3bab97.mp4/playlist.m3u8,/m/jonesboro-ar-2026-08-18-board-of-zoning-adjustments-on-2026-08-18-1-30-pm
northkingstownschooldistrict,granicus,,,no-url-found,,,,,no valid view_id 1-3 on Granicus RSS
hillsboroindependentschooldistricttx,legistar,,,no-url-found,,,,,no public-video event via Web API; no companion Granicus domain
elizabethtownindependentschooldistrict-ky,granicus,,,no-url-found,,,,,no valid view_id 1-3 on Granicus RSS
northfield,legistar,https://northfield.legistar.com/MeetingDetail.aspx?LEGID=3210&GID=465&G=B8C0D0E6-0E05-4535-8D67-6236E3DD65EA,tier3-agenda,ingested,"City of Northfield, MN",0,0,https://archive-stream.granicus.com/OnDemand/_definst_/mp4:archive/northfield/northfield_65f54c91-987d-417d-8f80-0ab9f9487a0d.mp4/playlist.m3u8,/m/northfield-city-mn-2026-09-02-heritage-preservation-commission-on-2026-09-02-6-0
muldrowpublicschoolsok,granicus,,,no-url-found,,,,,no valid view_id 1-3 on Granicus RSS
erin,legistar,,,no-url-found,,,,,no public-video event via Web API; no companion Granicus domain
cooper,granicus,https://cooper.granicus.com/MediaPlayer.php?view_id=2&clip_id=754,tier1,ingested,"Cooper City, FL",2636,0,https://archive-stream.granicus.com/OnDemand/_definst_/mp4:archive/cooper/cooper_c4952a09-3a9b-476a-9ddc-5eb4339136d0.mp4/playlist.m3u8,/m/cooper-city-fl-2026-09-02-special-magistrate-code-enforcement-and-building-depar
hampton,legistar,https://hampton.legistar.com/MeetingDetail.aspx?LEGID=2406&GID=258&G=93A1DD85-5337-45E4-84FB-33D8A24FF2FB,tier1,ingested,"City of Hampton, Virginia",3785,0,https://archive-stream.granicus.com/OnDemand/_definst_/mp4:archive/hampton/hampton_5eec684a-971b-11f1-bb61-005056a89546.mp4/playlist.m3u8,/m/city-of-hampton-va-2026-08-12-city-council-work-session-on-2026-08-12-1-00-pm (recovered via retry: next candidate)
harrison,legistar,,,no-url-found,,,,,no public-video event via Web API; no companion Granicus domain
racine,legistar,,,no-url-found,,,,,no public-video event via Web API; no companion Granicus domain
cityofracine,legistar,https://cityofracine.granicus.com/MediaPlayer.php?view_id=1&clip_id=793,tier3-agenda,ingested,City of Racine,0,0,https://archive-stream.granicus.com/OnDemand/_definst_/mp4:archive/cityofracine/cityofracine_11b24c42-e93f-48c4-babf-8916c70f2112.mp4/playlist.m3u8,/m/racine-wi-2026-09-02-city-of-racine-votecast-web-session-1
longview,legistar,,,no-url-found,,,,,no public-video event via Web API; no companion Granicus domain
hudson,legistar,https://hudson.legistar.com/MeetingDetail.aspx?LEGID=2754&GID=224&G=187A73E6-DDF8-4C4A-8F97-069523074F7A,tier3-agenda,ingested,"City of Hudson, OH",0,0,https://archive-stream.granicus.com/OnDemand/_definst_/mp4:archive/hudson/hudson_5329e395-4916-4d5e-a42b-ae31bd942e68.mp4/playlist.m3u8,/m/hudson-oh-2026-09-01-city-council-on-2026-09-01-7-30-pm
cityofcleveland,legistar,https://cityofcleveland.legistar.com/MeetingDetail.aspx?LEGID=3907&GID=635&G=2EB18EF1-2C21-4D1D-85C9-B38100AB8FFD,none,skipped-empty,,0,0,,no segments/agenda/video
northfield,granicus,https://northfield.granicus.com/MediaPlayer.php?view_id=2&clip_id=2351,tier3-agenda,ingested,"City of Northfield, MN",0,0,https://archive-stream.granicus.com/OnDemand/_definst_/mp4:archive/northfield/northfield_65f54c91-987d-417d-8f80-0ab9f9487a0d.mp4/playlist.m3u8,/m/northfield-city-mn-2026-09-02-heritage-preservation-commission-on-2026-09-02-6-0
barrie,legistar,,,no-url-found,,,,,no public-video event via Web API; no companion Granicus domain
wellington,legistar,https://wellington.legistar.com/MeetingDetail.aspx?LEGID=4173&GID=282&G=555448C4-479A-495A-AC1C-FBA596A23D03,tier1,ingested,"Village of Wellington, FL",243,0,https://archive-stream.granicus.com/OnDemand/_definst_/mp4:archive/wellington/wellington_56935822-5fac-4dc3-a21d-1037654e4029.mp4/playlist.m3u8,/m/wellington-fl-2026-09-03-village-council-workshop-on-2026-09-03-4-30-pm
russell,legistar,,,no-url-found,,,,,no public-video event via Web API; no companion Granicus domain
cityofnorthport,legistar,https://cityofnorthport.legistar.com/MeetingDetail.aspx?LEGID=3745&GID=408&G=FED9DAC1-C02A-4668-A6AA-7D5B31BA7971,tier1,ingested,"North Port, FL",1196,0,https://archive-stream.granicus.com/OnDemand/_definst_/mp4:archive/cityofnorthport/cityofnorthport_5afd006d-b1c3-4812-9ba8-b500fbfd3dfa.mp4/playlist.m3u8,/m/north-port-fl-2026-09-03-city-commission-regular-meeting-on-2026-09-03-4-00-pm-a (recovered via retry: next candidate)
kirkland,granicus,https://kirkland.granicus.com/MediaPlayer.php?view_id=3&clip_id=5240,tier1,ingested,City of Kirkland,8755,0,https://archive-stream.granicus.com/OnDemand/_definst_/mp4:archive/kirkland/kirkland_0f4453c8-0ce5-4c39-92e4-e73a38d191fd.mp4/playlist.m3u8,/m/kirkland-wa-2026-09-01-city-council-meeting (retried after transient SSL error)
scott,legistar,,,no-url-found,,,,,no public-video event via Web API; no companion Granicus domain
clearwater,legistar,https://clearwater.legistar.com/MeetingDetail.aspx?LEGID=3260&GID=391&G=E6D8F5E1-1A25-4C36-846B-5CFB5C80AB8C,tier3-agenda,ingested,City of Clearwater,0,0,,/m/city-of-clearwater-2014-01-13-pre-insite-archives
cityofsouthgate,granicus,https://cityofsouthgate.granicus.com/MediaPlayer.php?view_id=1&clip_id=699,tier3-agenda,ingested,"South Gate, CA",0,0,,/m/south-gate-ca-2026-09-02-south-gate-planning-commission
belleplaine,granicus,https://belleplaine.granicus.com/MediaPlayer.php?view_id=2&clip_id=954,tier3-agenda,ingested,"Belle Plaine, MN",0,21,https://archive-stream.granicus.com/OnDemand/_definst_/mp4:archive/belleplaine/belleplaine_a20aa37a-8728-4984-a420-2166f77be477.mp4/playlist.m3u8,/m/belle-plaine-city-mn-2025-12-15-city-council
hampton,granicus,https://hampton.granicus.com/MediaPlayer.php?view_id=2&clip_id=3649,tier1,ingested,"City of Hampton, Virginia",3785,0,https://archive-stream.granicus.com/OnDemand/_definst_/mp4:archive/hampton/hampton_5eec684a-971b-11f1-bb61-005056a89546.mp4/playlist.m3u8,/m/city-of-hampton-va-2026-08-12-city-council-work-session-on-2026-08-12-1-00-pm
placentia,granicus,https://placentia.granicus.com/MediaPlayer.php?view_id=3&clip_id=775,tier3-agenda,ingested,"The City of Placentia, CA",0,0,https://archive-video.granicus.com/placentia/.mp4,/m/the-city-of-placentia-ca-2026-08-26-city-council-meeting-cancelled
dorchester,granicus,https://dorchester.granicus.com/MediaPlayer.php?view_id=1&clip_id=746,tier3-agenda,ingested,"Dorchester County, SC",0,0,,/m/dorchester-county-sc-2026-03-17-county-council-meeting
harrison,granicus,,,no-url-found,,,,,no valid view_id 1-3 on Granicus RSS
osage,legistar,https://osage.granicus.com/MediaPlayer.php?view_id=2&clip_id=23,tier3-agenda,ingested,Osage Nation,0,0,https://archive-video.granicus.com/osage/osage_8be6de32-5bd6-4812-86e0-8e786a6649eb.mp4,/m/osage-nation-2013-02-12-osage-congress-on-2013-02-12-1-00-pm-feb-7th-2013
raymond,legistar,,,no-url-found,,,,,no public-video event via Web API; no companion Granicus domain
middleton,granicus,,,no-url-found,,,,,no valid view_id 1-3 on Granicus RSS
taylor,granicus,https://taylor.granicus.com/MediaPlayer.php?view_id=1&clip_id=453,tier3-agenda,ingested,Taylor,0,0,https://archive-stream.granicus.com/OnDemand/_definst_/mp4:archive/taylor/taylor_b460f336-a7a2-11f1-a028-005056a89546.mp4/playlist.m3u8,/m/taylor-mi-city-council-sep-1st-2026
cityofracine,granicus,https://cityofracine.granicus.com/MediaPlayer.php?view_id=1&clip_id=793,tier3-agenda,ingested,City of Racine,0,0,https://archive-stream.granicus.com/OnDemand/_definst_/mp4:archive/cityofracine/cityofracine_11b24c42-e93f-48c4-babf-8916c70f2112.mp4/playlist.m3u8,/m/racine-wi-2026-09-02-city-of-racine-votecast-web-session-1
richmond,granicus,https://richmond.granicus.com/MediaPlayer.php?view_id=2&clip_id=6038,tier3-agenda,ingested,City of Richmond,0,0,https://archive-stream.granicus.com/OnDemand/_definst_/mp4:archive/richmond/richmond_1b91066f-fb2c-4837-bdaf-a7542563946e.mp4/playlist.m3u8,/m/richmond-ca-2026-08-26-council-meeting-8-26-2026-aug-26th-2026
raleigh,granicus,https://raleigh.granicus.com/MediaPlayer.php?view_id=2&clip_id=8063,tier1,ingested,"City of Raleigh, NC",2295,0,https://archive-stream.granicus.com/OnDemand/_definst_/mp4:archive/raleigh/raleigh_75fcf5fb-851c-484d-bb7b-d810b66a33dc.mp4/playlist.m3u8,/m/raleigh-nc-2026-09-03-raleigh-design-review-commission
lincoln,granicus,https://lincoln.granicus.com/MediaPlayer.php?view_id=1&clip_id=2295,tier1,ingested,"City of Lincoln, CA",742,0,https://archive-stream.granicus.com/OnDemand/_definst_/mp4:archive/lincoln/lincoln_20f5c0ba-8636-4112-b951-9f4dd30e8571.mp4/playlist.m3u8,/m/lincoln-ca-2026-09-04-2026-special-meeting-city-council-lincoln-redevelopment-su
imperial,granicus,https://imperial.granicus.com/MediaPlayer.php?view_id=2&clip_id=2954,tier3-video-only,queued,"County of Imperial, CA",0,0,https://archive-stream.granicus.com/OnDemand/_definst_/mp4:archive/imperial/imperial_b1b37242-cdde-44f8-bfce-b03b6de38429.mp4/playlist.m3u8,tier3_auto_transcription_queue.txt
humboldt,legistar,https://humboldt.legistar.com/MeetingDetail.aspx?LEGID=2965&GID=448&G=4CCA98C5-8DA1-45DC-92EB-8A3C6845A374,tier1,ingested,"Humboldt County, CA",3205,0,https://archive-stream.granicus.com/OnDemand/_definst_/mp4:archive/humboldt/humboldt_bd148358-8ea4-4cd0-a82f-6855cf8e9181.mp4/playlist.m3u8,/m/humboldt-county-ca-2026-09-03-planning-commission-on-2026-09-03-6-00-pm-regular
hudson,granicus,https://hudson.granicus.com/MediaPlayer.php?view_id=2&clip_id=5030,tier3-agenda,ingested,"City of Hudson, OH",0,0,https://archive-stream.granicus.com/OnDemand/_definst_/mp4:archive/hudson/hudson_50dc0672-8e27-4384-8584-5e7e2b039842.mp4/playlist.m3u8,/m/hudson-oh-2026-09-01-planning-commission-on-2026-09-01-9-00-am-subcommittee-meet
cityofcleveland,granicus,https://cityofcleveland.granicus.com/MediaPlayer.php?view_id=1&clip_id=3,tier3-agenda,ingested,"City of Cleveland, OH",0,0,https://archive-stream.granicus.com/OnDemand/_definst_/mp4:archive/cityofcleveland/cityofcleveland_693b7d78-3d37-4586-a7e9-44be3b554eb4.mp4/playlist.m3u8,/m/cleveland-oh-2016-02-04-city-council-on-2016-02-04-7-00-pm-rebecca-feb-4th-2016
cumberland,granicus,,,no-url-found,,,,,no valid view_id 1-3 on Granicus RSS
buchanan,granicus,https://buchanan.granicus.com/MediaPlayer.php?view_id=1&clip_id=844,tier3-agenda,ingested,"Township of Buchanan, WI",0,0,https://archive-video.granicus.com/buchanan/buchanan_26bf48f4-535e-42d0-8db9-127b950ec03f.mp4,/m/buchanan-town-wi-2026-08-18-town-board-aug-18th-2026
enterprise,granicus,https://enterprise.granicus.com/MediaPlayer.php?view_id=2&clip_id=36,tier3-agenda,ingested,Enterprise - H264 Only,0,0,https://archive-video.granicus.com/enterprise/enterprise_6750cef9-3583-41f2-a82b-35e924f15cf8.mp4,/m/enterprise-2012-09-06-council-view-ps051012-sep-6th-2012
wellington,granicus,https://wellington.granicus.com/MediaPlayer.php?view_id=2&clip_id=1813,tier1,ingested,"Village of Wellington, FL",243,0,https://archive-stream.granicus.com/OnDemand/_definst_/mp4:archive/wellington/wellington_56935822-5fac-4dc3-a21d-1037654e4029.mp4/playlist.m3u8,/m/wellington-fl-2026-09-03-village-council-workshop-on-2026-09-03-4-30-pm
cityofnorthport,granicus,https://cityofnorthport.granicus.com/MediaPlayer.php?view_id=2&clip_id=3411,tier1,ingested,"North Port, FL",4443,0,https://archive-stream.granicus.com/OnDemand/_definst_/mp4:archive/cityofnorthport/cityofnorthport_c89b722b-1e9e-49d5-8a84-319254900820.mp4/playlist.m3u8,/m/north-port-fl-2026-09-03-city-commission-workshop-on-2026-09-03-6-00-pm-data-cen
alameda,legistar,https://alameda.legistar.com/MeetingDetail.aspx?LEGID=6393&GID=305&G=A0EEFE15-EEAF-45E1-AF17-DD3757E89FDA,tier3-agenda,ingested,City of Alameda,0,0,https://archive-stream.granicus.com/OnDemand/_definst_/mp4:archive/alameda/alameda_96c60ea8-c61a-4a4d-aa9b-af1b8228e453.mp4/playlist.m3u8,/m/alameda-ca-2026-09-01-city-council-on-2026-09-01-7-00-pm (recovered via retry: next candidate)
clearwater,granicus,,,no-url-found,,,,,no valid view_id 1-3 on Granicus RSS
cityofnewport,granicus,https://cityofnewport.granicus.com/MediaPlayer.php?view_id=1&clip_id=1026,tier3-agenda,ingested,"City of Newport, RI",0,0,https://archive-stream.granicus.com/OnDemand/_definst_/mp4:archive/cityofnewport/cityofnewport_ed5ec0b4-9c6c-4d4b-80eb-f7d4d5498c33.mp4/playlist.m3u8,/m/newport-ri-2026-03-11-newport-city-council-workshop-short-term-rentals-follow-up
victoria,granicus,https://victoria.granicus.com/MediaPlayer.php?view_id=1&clip_id=319,tier3-agenda,ingested,"Victoria, MN",0,0,https://archive-video.granicus.com/victoria/victoria_e90b4d8a-1e81-4fd4-8e22-0498b008aacf.mp4,/m/victoria-mn-2019-12-16-cancelled-park-and-recreation-committee-meeting-dec-16th
sunvalley,granicus,https://sunvalley.granicus.com/MediaPlayer.php?view_id=2&clip_id=1249,tier3-agenda,ingested,"Sun Valley, Idaho",0,0,https://archive-stream.granicus.com/OnDemand/_definst_/mp4:archive/sunvalley/sunvalley_f6a8f607-8e01-4bd4-86c7-8a1b8dd81554.mp4/playlist.m3u8,/m/sun-valley-id-2026-09-03-september-3-2026-regular-city-council-meeting
osage,granicus,https://osage.granicus.com/MediaPlayer.php?view_id=2&clip_id=23,tier3-agenda,ingested,Osage Nation,0,0,https://archive-video.granicus.com/osage/osage_8be6de32-5bd6-4812-86e0-8e786a6649eb.mp4,/m/osage-nation-2013-02-12-osage-congress-on-2013-02-12-1-00-pm-feb-7th-2013
cityofvernon,granicus,https://cityofvernon.granicus.com/MediaPlayer.php?view_id=1&clip_id=38,tier3-agenda,ingested,"City of Vernon, CA",0,0,https://archive-stream.granicus.com/OnDemand/_definst_/mp4:archive/cityofvernon/cityofvernon_b60b7964-6c5e-465f-968f-cd35898b816a.mp4/playlist.m3u8,/m/vernon-ca-2018-10-02-city-council-oct-2nd-2018
cityofoxford,granicus,https://cityofoxford.granicus.com/MediaPlayer.php?view_id=2&clip_id=1532,tier3-agenda,ingested,"City of Oxford, OH",0,0,,/m/oxford-city-oh-2023-02-17-police-community-relations-review-commission-meeting
morrisville,granicus,,,no-url-found,,,,,no valid view_id 1-3 on Granicus RSS
humboldt,granicus,https://humboldt.granicus.com/MediaPlayer.php?view_id=2&clip_id=1607,tier3-agenda,ingested,"Humboldt County, CA",0,0,https://archive-stream.granicus.com/OnDemand/_definst_/mp4:archive/humboldt/humboldt_be337ecb-f1a1-44d1-82bc-eddf6133eb94.mp4/playlist.m3u8,/m/humboldt-county-ca-2022-01-13-test
stpaul,legistar,https://stpaul.legistar.com/MeetingDetail.aspx?LEGID=7750&GID=125&G=EDAB5C5F-1041-4DF4-A894-59E957785E36,tier1,ingested,City of Saint Paul,672,0,https://archive-stream.granicus.com/OnDemand/_definst_/mp4:archive/stpaul/stpaul_9f5e0de0-06c8-4e31-94a4-3f080a01a8e0.mp4/playlist.m3u8,/m/st-paul-mn-2026-09-02-library-board-on-2026-09-02-1-00-pm (recovered via retry: next candidate)
james,legistar,,,no-url-found,,,,,no public-video event via Web API; no companion Granicus domain
langford,granicus,https://langford.granicus.com/MediaPlayer.php?view_id=1&clip_id=3,,resolve-failed,,,,,resolve raised: HTTP 404 for https://langford.granicus.com/MediaPlayer.php?view_id=1&clip_id=3
durham,granicus,https://durham.granicus.com/MediaPlayer.php?view_id=2&clip_id=3303,tier1,ingested,"City of Durham, NC",5066,0,https://archive-stream.granicus.com/OnDemand/_definst_/mp4:archive/durham/durham_6ce31b0a-5f09-4bf1-97e9-f1b120382401.mp4/playlist.m3u8,/m/city-of-durham-nc-2026-05-04-regular-city-council-meeting
sunnyside,granicus,,,no-url-found,,,,,no valid view_id 1-3 on Granicus RSS
middlesex,legistar,,,no-url-found,,,,,no public-video event via Web API; no companion Granicus domain
halfmoonbay,granicus,https://halfmoonbay.granicus.com/MediaPlayer.php?view_id=1&clip_id=1455,tier3-agenda,ingested,City of Half Moon Bay,0,0,https://archive-stream.granicus.com/OnDemand/_definst_/mp4:archive/halfmoonbay/halfmoonbay_fc76ed08-2b17-4ed9-b7f2-11a9ba8da53a.mp4/playlist.m3u8,/m/half-moon-bay-ca-2026-09-01-city-council
dumfries,granicus,https://dumfries.granicus.com/MediaPlayer.php?view_id=1&clip_id=760,tier3-agenda,ingested,Town of Dumfries,0,0,https://archive-stream.granicus.com/OnDemand/_definst_/mp4:archive/dumfries/dumfries_dcaf0381-e680-49d3-b8b8-4bad722189d9.mp4/playlist.m3u8,/m/town-of-dumfries-2026-09-02-town-of-dumfries-town-council
kearney,granicus,https://kearney.granicus.com/MediaPlayer.php?view_id=1&clip_id=627,tier3-agenda,ingested,"Kearney, NE",0,3,https://archive-video.granicus.com/kearney/kearney_07a1bf93-a161-11f1-a028-005056a89546.mp4,/m/kearney-ne-2026-08-25-city-council-meeting-aug-25th-2026
alameda,granicus,https://alameda.granicus.com/MediaPlayer.php?view_id=2&clip_id=4342,tier3-agenda,ingested,City of Alameda,0,0,https://archive-stream.granicus.com/OnDemand/_definst_/mp4:archive/alameda/alameda_96c60ea8-c61a-4a4d-aa9b-af1b8228e453.mp4/playlist.m3u8,/m/alameda-ca-2026-09-01-city-council-on-2026-09-01-7-00-pm
cityofelgin,granicus,https://cityofelgin.granicus.com/MediaPlayer.php?view_id=2&clip_id=2560,tier3-agenda,ingested,"City of Elgin, IL",0,0,https://archive-video.granicus.com/cityofelgin/cityofelgin_123c306e-bc28-4cb2-a8d1-75534582d9e9.mp4,/m/elgin-city-il-2022-01-12-planning-zoning-commission-meeting-january-10-2022-jan
piedmont,granicus,https://piedmont.granicus.com/MediaPlayer.php?view_id=3&clip_id=3175,tier3-agenda,ingested,City of Piedmont,0,0,https://archive-stream.granicus.com/OnDemand/_definst_/mp4:archive/piedmont/piedmont_7cd7ec42-422e-4d94-83ea-e94b2ddb80b0.mp4/playlist.m3u8,/m/piedmont-ca-2026-09-02-park-commission-meeting
king,granicus,https://king.granicus.com/MediaPlayer.php?view_id=2&clip_id=11570,tier1,ingested,King County,2467,0,https://archive-stream.granicus.com/OnDemand/_definst_/mp4:archive/king/king_6716f4c6-f489-49fd-bf75-562e30bab326.mp4/playlist.m3u8,/m/king-county-wa-2026-09-02-law-and-justice-committee (retried after transient SSL error)
crowsnestpass,granicus,,,no-url-found,,,,,no valid view_id 1-3 on Granicus RSS
houston,granicus,,,no-url-found,,,,,no valid view_id 1-3 on Granicus RSS
midland,granicus,https://midland.granicus.com/MediaPlayer.php?view_id=2&clip_id=4074,tier3-agenda,ingested,City of Midland,0,0,https://archive-stream.granicus.com/OnDemand/_definst_/mp4:archive/midland/midland_46f79bfa-3d14-4234-b24f-17618cd1f044.mp4/playlist.m3u8,/m/midland-mi-2023-12-20-center-city-authority
pasadena,granicus,,,no-url-found,,,,,no valid view_id 1-3 on Granicus RSS
stpaul,granicus,,,no-url-found,,,,,no valid view_id 1-3 on Granicus RSS
huron,granicus,,,no-url-found,,,,,no valid view_id 1-3 on Granicus RSS
sudbury,granicus,,,no-url-found,,,,,no valid view_id 1-3 on Granicus RSS
