old_slug,gov_id,new_slug,evidence
abbotsford,us:place:5500100,abbotsford-wi,"'Abbotsford' now resolves to us:place:5500100 (Abbotsford, WI)"
aiken-county-public-schools-sc,us:sd:4500720,aiken-county-school-district-sc,"'Aiken County Public Schools, SC' now resolves to us:sd:4500720 (Aiken County School District, SC)"
alameda,us:place:0600562,alameda-ca,"'City of Alameda' now resolves to us:place:0600562 (Alameda, CA)"
albuquerque-bernalillo-county-water-utility-authority,rtr:us:nm:albuquerque-bernalillo-county-water-utility-authority,albuquerque-bernalillo-county-water-utility-authority-nm,"'Albuquerque Bernalillo County Water Utility Authority' now resolves to rtr:us:nm:albuquerque-bernalillo-county-water-utility-authority (Albuquerque Bernalillo County Water Utility Authority, NM)"
alpine,us:county:06003,alpine-county-ca,"'Alpine' now resolves to us:county:06003 (Alpine County, CA)"
altoona,us:place:5501550,altoona-wi,"'City of Altoona' now resolves to us:place:5501550 (Altoona, WI)"
amherst,us:county:51009,amherst-county-va,"'Amherst' now resolves to us:county:51009 (Amherst County, VA)"
amherst-oh,us:place:3901798,amherst-city-oh,"'Amherst, OH' now resolves to us:place:3901798 (Amherst (city), OH)"
amsterdam-ny,us:place:3602066,amsterdam-city-ny,"'Amsterdam, NY' now resolves to us:place:3602066 (Amsterdam (city), NY)"
anderson-in,us:place:1801468,anderson-city-in,"'City of Anderson, IN' now resolves to us:place:1801468 (Anderson (city), IN)"
andover,us:place:2001800,andover-ks,"'The City of Andover' now resolves to us:place:2001800 (Andover, KS)"
annapolis,us:place:2401600,annapolis-md,"'City of Annapolis' now resolves to us:place:2401600 (Annapolis, MD)"
antioch,us:place:0602252,antioch-ca,"'Antioch' now resolves to us:place:0602252 (Antioch, CA)"
appleton,us:place:5502375,appleton-wi,"'City of Appleton' now resolves to us:place:5502375 (Appleton, WI)"
arkansas-supreme-court,rtr:us:sc:arkansas-supreme-court,arkansas-supreme-court-sc,"'Arkansas Supreme Court' now resolves to rtr:us:sc:arkansas-supreme-court (Arkansas Supreme Court, SC)"
arlington-heights,us:place:1702154,arlington-heights-il,"'Arlington Heights' now resolves to us:place:1702154 (Arlington Heights, IL)"
artesia,us:place:0602896,artesia-ca,"'Artesia' now resolves to us:place:0602896 (Artesia, CA)"
ashland-wi,us:place:5503225,ashland-city-wi,"'Ashland, WI' now resolves to us:place:5503225 (Ashland (city), WI)"
athens-oh,us:place:3902736,athens-city-oh,"'Athens, OH' now resolves to us:place:3902736 (Athens (city), OH)"
auburn-ca,rtr:us:ca:auburn,the-city-of-auburn-ca,"'The City of Auburn, CA' now resolves to rtr:us:ca:auburn (The City of Auburn, CA)"
aurora-il,us:place:1703012,aurora-city-il,"'Aurora, IL' now resolves to us:place:1703012 (Aurora (city), IL)"
bainbridge-wa,us:place:5303736,bainbridge-island-wa,"'Bainbridge, WA' now resolves to us:place:5303736 (Bainbridge Island, WA)"
baldwin-county,us:county:01003,baldwin-county-al,"'Baldwin County' now resolves to us:county:01003 (Baldwin County, AL)"
baltimore-county-schools-md,us:sd:2400120,baltimore-county-public-schools-md,"'Baltimore County Schools, MD' now resolves to us:sd:2400120 (Baltimore County Public Schools, MD)"
baraboo-wi,us:place:5504625,baraboo-city-wi,"'City of Baraboo, WI' now resolves to us:place:5504625 (Baraboo (city), WI)"
battle-ground-public-schools-wa,us:sd:5300380,battle-ground-school-district-wa,"'Battle Ground Public Schools, WA' now resolves to us:sd:5300380 (Battle Ground School District, WA)"
bay-area-headquarters-authority,rtr:us:ca:metropolitan-transportation-commission,metropolitan-transportation-commission-ca,"'Bay Area Headquarters Authority' now resolves to rtr:us:ca:metropolitan-transportation-commission (Metropolitan Transportation Commission, CA)"
beaufort,us:place:4504690,beaufort-sc,"'Beaufort' now resolves to us:place:4504690 (Beaufort, SC)"
beavercreek-oh,us:place:3904720,beavercreek-city-oh,"'City of Beavercreek, OH' now resolves to us:place:3904720 (Beavercreek (city), OH)"
bedford-oh,us:place:3904878,bedford-city-oh,"'Bedford, OH' now resolves to us:place:3904878 (Bedford (city), OH)"
bellaire,us:place:4807300,bellaire-tx,"'City of Bellaire' now resolves to us:place:4807300 (Bellaire, TX)"
belle-plaine-mn,us:place:2704834,belle-plaine-city-mn,"'Belle Plaine, MN' now resolves to us:place:2704834 (Belle Plaine (city), MN)"
beverly-hills,us:place:0606308,beverly-hills-ca,"'City of Beverly Hills' now resolves to us:place:0606308 (Beverly Hills, CA)"
birmingham,us:place:0107000,birmingham-al,"'City of Birmingham' now resolves to us:place:0107000 (Birmingham, AL)"
blount-county,us:county:47009,blount-county-tn,"'Blount County' now resolves to us:county:47009 (Blount County, TN)"
bonita-usd-ca,us:sd:0605610,bonita-unified-school-district-ca,"'Bonita USD, CA' now resolves to us:sd:0605610 (Bonita Unified School District, CA)"
boonton-nj,us:place:3406610,boonton-town-nj,"'Boonton, NJ' now resolves to us:place:3406610 (Boonton (town), NJ)"
borough-of-fair-haven,us:place:3422440,fair-haven-nj,"'Borough of Fair Haven' now resolves to us:place:3422440 (Fair Haven, NJ)"
borough-of-jefferson-hills-pa,us:place:4237955,jefferson-hills-pa,"'Borough of Jefferson Hills, PA' now resolves to us:place:4237955 (Jefferson Hills, PA)"
borough-of-leonia-nj,us:place:3440020,leonia-nj,"'Borough of Leonia, NJ' now resolves to us:place:3440020 (Leonia, NJ)"
borough-of-new-providence-nj,us:place:3451810,new-providence-nj,"'Borough of New Providence, NJ' now resolves to us:place:3451810 (New Providence, NJ)"
borough-of-pompton-lakes-nj,us:place:3460090,pompton-lakes-nj,"'Borough of Pompton Lakes, NJ' now resolves to us:place:3460090 (Pompton Lakes, NJ)"
borough-of-roseland-nj,us:place:3464590,roseland-nj,"'Borough of Roseland, NJ' now resolves to us:place:3464590 (Roseland, NJ)"
bowie,us:place:4809640,bowie-tx,"'City of Bowie' now resolves to us:place:4809640 (Bowie, TX)"
bradfordwestgwillimbury,ca:csd:3543014,bradford-west-gwillimbury-on,"'Bradfordwestgwillimbury' now resolves to ca:csd:3543014 (Bradford West Gwillimbury, ON)"
branchburg-nj,us:cousub:3403507180,branchburg-township-nj,"'Branchburg, NJ' now resolves to us:cousub:3403507180 (Branchburg Township, NJ)"
brandon-vt,us:cousub:5002107750,brandon-town-vt,"'Brandon, VT' now resolves to us:cousub:5002107750 (Brandon Town, VT)"
brighton,us:place:0808675,brighton-co,"'City of Brighton' now resolves to us:place:0808675 (Brighton, CO)"
bristol-ri,us:county:44001,bristol-county-ri,"'Bristol, RI' now resolves to us:county:44001 (Bristol County, RI)"
brockton,us:place:2509000,brockton-ma,"'Brockton' now resolves to us:place:2509000 (Brockton, MA)"
brookhaven,us:cousub:3610310000,brookhaven-town-ny,"'Brookhaven' now resolves to us:cousub:3610310000 (Brookhaven Town, NY)"
brookings-sd,us:place:4607580,brookings-city-sd,"'City of Brookings, SD' now resolves to us:place:4607580 (Brookings (city), SD)"
broward-county-public-schools-fl,us:sd:1200180,broward-county-school-district-fl,"'Broward County Public Schools, FL' now resolves to us:sd:1200180 (Broward County School District, FL)"
buckley,us:place:5308570,buckley-wa,"'City of Buckley' now resolves to us:place:5308570 (Buckley, WA)"
buffalo-grove-village-il,us:place:1709447,buffalo-grove-il,"'Buffalo Grove Village, IL' now resolves to us:place:1709447 (Buffalo Grove, IL)"
buffalo-ny,rtr:us:ny:buffalo,the-city-of-buffalo-ny,"'The City of Buffalo, NY' now resolves to rtr:us:ny:buffalo (The City of Buffalo, NY)"
burbank,us:place:0608954,burbank-ca,"'City of Burbank' now resolves to us:place:0608954 (Burbank, CA)"
burlington,us:place:5010675,burlington-vt,"'Burlington' now resolves to us:place:5010675 (Burlington, VT)"
burnsville,us:place:2708794,burnsville-mn,"'City of Burnsville' now resolves to us:place:2708794 (Burnsville, MN)"
burton,us:place:2612060,burton-mi,"'City of Burton' now resolves to us:place:2612060 (Burton, MI)"
butler-county,us:county:20015,butler-county-ks,"'Butler County' now resolves to us:county:20015 (Butler County, KS)"
calaveras-ca,us:county:06009,calaveras-county-ca,"'Calaveras, CA' now resolves to us:county:06009 (Calaveras County, CA)"
caledonia-township,us:cousub:2615512520,caledonia-charter-township-mi,"'Caledonia Township' now resolves to us:cousub:2615512520 (Caledonia (charter township), MI)"
california,rtr:us:ca:judicial-council-of-california,judicial-council-of-california-ca,"'California' now resolves to rtr:us:ca:judicial-council-of-california (Judicial Council of California, CA)"
california-state-personnel-board,rtr:us:ca:california-state-personnel-board,california-state-personnel-board-ca,"'California State Personnel Board' now resolves to rtr:us:ca:california-state-personnel-board (California State Personnel Board, CA)"
california-state-senate,us:state:06,state-of-california,'California State Senate' now resolves to us:state:06 (State of California)
cambridge,us:place:2511000,cambridge-ma,"'Cambridge' now resolves to us:place:2511000 (Cambridge, MA)"
cambridge-city-ma,us:place:2511000,cambridge-ma,"'Cambridge City, MA' now resolves to us:place:2511000 (Cambridge, MA)"
campbell,us:place:0610345,campbell-ca,"'City of Campbell' now resolves to us:place:0610345 (Campbell, CA)"
canaan-nh,us:cousub:3300908980,canaan-town-nh,"'Canaan, NH' now resolves to us:cousub:3300908980 (Canaan Town, NH)"
canandaigua-ny,us:place:3612144,canandaigua-city-ny,"'Canandaigua, NY' now resolves to us:place:3612144 (Canandaigua (city), NY)"
canfield-oh,us:place:3911360,canfield-city-oh,"'Canfield, OH' now resolves to us:place:3911360 (Canfield (city), OH)"
cannon-falls-mn,us:place:2709730,cannon-falls-city-mn,"'Cannon Falls, MN' now resolves to us:place:2709730 (Cannon Falls (city), MN)"
carbondale-il,us:place:1711163,carbondale-city-il,"'Carbondale, IL' now resolves to us:place:1711163 (Carbondale (city), IL)"
carrollton,us:place:4813024,carrollton-tx,"'City of Carrollton' now resolves to us:place:4813024 (Carrollton, TX)"
carson,us:place:0611530,carson-ca,"'Carson' now resolves to us:place:0611530 (Carson, CA)"
cary,us:place:3710740,cary-nc,"'Cary' now resolves to us:place:3710740 (Cary, NC)"
casco-me,us:cousub:2300511125,casco-town-me,"'Casco, ME' now resolves to us:cousub:2300511125 (Casco Town, ME)"
cass,us:county:18017,cass-county-in,"'Cass' now resolves to us:county:18017 (Cass County, IN)"
ccs-f,us:place:0667000,san-francisco-ca,"'Ccs F' now resolves to us:place:0667000 (San Francisco, CA)"
champaign-il,us:place:1712385,champaign-city-il,"'Champaign, IL' now resolves to us:place:1712385 (Champaign (city), IL)"
charleston,us:place:5414600,charleston-wv,"'Charleston' now resolves to us:place:5414600 (Charleston, WV)"
charlestown-in,us:place:1812124,charlestown-city-in,"'Charlestown, IN' now resolves to us:place:1812124 (Charlestown (city), IN)"
charlestown-ri,us:cousub:4400914500,charlestown-town-ri,"'Charlestown, RI' now resolves to us:cousub:4400914500 (Charlestown Town, RI)"
charlotte,us:county:12015,charlotte-county-fl,"'Charlotte' now resolves to us:county:12015 (Charlotte County, FL)"
chatham-kent,ca:csd:3536020,chatham-kent-on,"'Chatham Kent' now resolves to ca:csd:3536020 (Chatham-Kent, ON)"
chatham-ma,us:cousub:2500112995,chatham-town-ma,"'Chatham, MA' now resolves to us:cousub:2500112995 (Chatham Town, MA)"
chesterfield,us:county:51041,chesterfield-county-va,"'Chesterfield' now resolves to us:county:51041 (Chesterfield County, VA)"
chesterfield-township,us:cousub:2609915340,chesterfield-township-mi,"'Chesterfield Township' now resolves to us:cousub:2609915340 (Chesterfield Township, MI)"
cheyenne,us:place:5613900,cheyenne-wy,"'City of Cheyenne' now resolves to us:place:5613900 (Cheyenne, WY)"
city-and-county-of-denver,us:place:0820000,denver-co,"'City and County of Denver' now resolves to us:place:0820000 (Denver, CO)"
city-and-county-of-san-francisco,us:place:0667000,san-francisco-ca,"'City and County of San Francisco' now resolves to us:place:0667000 (San Francisco, CA)"
clallam,us:county:53009,clallam-county-wa,"'Clallam' now resolves to us:county:53009 (Clallam County, WA)"
clallam-wa,us:county:53009,clallam-county-wa,"'Clallam, WA' now resolves to us:county:53009 (Clallam County, WA)"
clarington,us:place:3915210,clarington-oh,"'Clarington' now resolves to us:place:3915210 (Clarington, OH)"
clarkston-city-ga,us:place:1316544,clarkston-ga,"'Clarkston City, GA' now resolves to us:place:1316544 (Clarkston, GA)"
clawson-mi,rtr:us:mi:clawson,the-city-of-clawson-mi,"'The City of Clawson, MI' now resolves to rtr:us:mi:clawson (The City of Clawson, MI)"
clinton,us:place:4515295,clinton-sc,"'Clinton' now resolves to us:place:4515295 (Clinton, SC)"
coffee-tn,us:county:47031,coffee-county-tn,"'Coffee, TN' now resolves to us:county:47031 (Coffee County, TN)"
collinsville,us:place:1715599,collinsville-city-il,"'City of Collinsville' now resolves to us:place:1715599 (Collinsville (city), IL)"
colonie-ny,us:place:3617332,colonie-village-ny,"'Colonie, NY' now resolves to us:place:3617332 (Colonie (village), NY)"
colorado,us:county:48089,colorado-county-tx,"'Colorado' now resolves to us:county:48089 (Colorado County, TX)"
columbia,us:place:4716540,columbia-tn,"'Columbia' now resolves to us:place:4716540 (Columbia, TN)"
columbus-in,us:place:1814734,columbus-city-in,"'City of Columbus, IN' now resolves to us:place:1814734 (Columbus (city), IN)"
columbus-wi,us:place:5516450,columbus-city-wi,"'City of Columbus, WI' now resolves to us:place:5516450 (Columbus (city), WI)"
concord,us:place:0616000,concord-ca,"'Concord' now resolves to us:place:0616000 (Concord, CA)"
conejo-valley-usd-ca,us:sd:0609640,conejo-valley-unified-school-district-ca,"'Conejo Valley USD, CA' now resolves to us:sd:0609640 (Conejo Valley Unified School District, CA)"
converse,us:place:4816468,converse-tx,"'City of Converse' now resolves to us:place:4816468 (Converse, TX)"
cornwall,us:place:4216256,cornwall-pa,"'City of Cornwall' now resolves to us:place:4216256 (Cornwall, PA)"
corona,us:place:0616350,corona-ca,"'Corona' now resolves to us:place:0616350 (Corona, CA)"
coronado-usd-ca,us:sd:0609870,coronado-unified-school-district-ca,"'Coronado USD, CA' now resolves to us:sd:0609870 (Coronado Unified School District, CA)"
cottage-grove-wi,us:place:5517175,cottage-grove-village-wi,"'Cottage Grove, WI' now resolves to us:place:5517175 (Cottage Grove (village), WI)"
county-of-alachua-fl,us:county:12001,alachua-county-fl,"'County of Alachua, FL' now resolves to us:county:12001 (Alachua County, FL)"
county-of-citrus-fl,us:county:12017,citrus-county-fl,"'County of Citrus, FL' now resolves to us:county:12017 (Citrus County, FL)"
county-of-clark,us:county:32003,clark-county-nv,"'County of Clark' now resolves to us:county:32003 (Clark County, NV)"
county-of-clark-nv,us:county:32003,clark-county-nv,"'County of Clark, NV' now resolves to us:county:32003 (Clark County, NV)"
county-of-cumberland-pa,us:county:42041,cumberland-county-pa,"'County of Cumberland, PA' now resolves to us:county:42041 (Cumberland County, PA)"
county-of-dakota,us:county:27037,dakota-county-mn,"'County of Dakota' now resolves to us:county:27037 (Dakota County, MN)"
county-of-dallas-tx,us:county:48113,dallas-county-tx,"'County of Dallas, TX' now resolves to us:county:48113 (Dallas County, TX)"
county-of-delaware,us:county:42045,delaware-county-pa,"'County of Delaware' now resolves to us:county:42045 (Delaware County, PA)"
county-of-dupage-il,us:county:17043,dupage-county-il,"'County of DuPage, IL' now resolves to us:county:17043 (DuPage County, IL)"
county-of-essex,ca:cd:3537,essex-on,"'County of Essex' now resolves to ca:cd:3537 (Essex, ON)"
county-of-fresno-ca,us:county:06019,fresno-county-ca,"'County of Fresno, CA' now resolves to us:county:06019 (Fresno County, CA)"
county-of-hennepin-mn,us:county:27053,hennepin-county-mn,"'County of Hennepin, MN' now resolves to us:county:27053 (Hennepin County, MN)"
county-of-honolulu,us:county:15003,city-and-county-of-honolulu-hi,"'County of Honolulu.' now resolves to us:county:15003 (City and County of Honolulu, HI)"
county-of-humboldt-ca,us:county:06023,humboldt-county-ca,"'County of Humboldt, CA' now resolves to us:county:06023 (Humboldt County, CA)"
county-of-imperial-ca,us:county:06025,imperial-county-ca,"'County of Imperial, CA' now resolves to us:county:06025 (Imperial County, CA)"
county-of-lancaster-va,us:county:51103,lancaster-county-va,"'County of Lancaster, VA' now resolves to us:county:51103 (Lancaster County, VA)"
county-of-marin-ca,us:county:06041,marin-county-ca,"'County of Marin, CA' now resolves to us:county:06041 (Marin County, CA)"
county-of-maui-hi,us:county:15009,maui-county-hi,"'County of Maui, HI' now resolves to us:county:15009 (Maui County, HI)"
county-of-middlesex,ca:cd:3539,middlesex-on,"'County of Middlesex' now resolves to ca:cd:3539 (Middlesex, ON)"
county-of-monterey-ca,us:county:06053,monterey-county-ca,"'County of Monterey, CA' now resolves to us:county:06053 (Monterey County, CA)"
county-of-napa-ca,us:county:06055,napa-county-ca,"'County of Napa, CA' now resolves to us:county:06055 (Napa County, CA)"
county-of-nevada,us:county:06057,nevada-county-ca,"'County of Nevada' now resolves to us:county:06057 (Nevada County, CA)"
county-of-northumberland,us:county:42097,northumberland-county-pa,"'County of Northumberland' now resolves to us:county:42097 (Northumberland County, PA)"
county-of-orange,us:county:06059,orange-county-ca,"'County of Orange' now resolves to us:county:06059 (Orange County, CA)"
county-of-placer-ca,us:county:06061,placer-county-ca,"'County of Placer, CA' now resolves to us:county:06061 (Placer County, CA)"
county-of-plumas-ca,us:county:06063,plumas-county-ca,"'County of Plumas, CA' now resolves to us:county:06063 (Plumas County, CA)"
county-of-powhatan-va,us:county:51145,powhatan-county-va,"'County of Powhatan, VA' now resolves to us:county:51145 (Powhatan County, VA)"
county-of-san-bernardino-ca,us:county:06071,san-bernardino-county-ca,"'County of San Bernardino, CA' now resolves to us:county:06071 (San Bernardino County, CA)"
county-of-san-diego-ca,us:county:06073,san-diego-county-ca,"'County of San Diego, CA' now resolves to us:county:06073 (San Diego County, CA)"
county-of-san-mateo-ca,us:county:06081,san-mateo-county-ca,"'County of San Mateo, CA' now resolves to us:county:06081 (San Mateo County, CA)"
county-of-santa-clara-ca,us:county:06085,santa-clara-county-ca,"'County of Santa Clara, CA' now resolves to us:county:06085 (Santa Clara County, CA)"
county-of-skagit-wa,us:county:53057,skagit-county-wa,"'County of Skagit, WA' now resolves to us:county:53057 (Skagit County, WA)"
county-of-solano-ca,us:county:06095,solano-county-ca,"'County of Solano, CA' now resolves to us:county:06095 (Solano County, CA)"
county-of-wellington,ca:cd:3523,wellington-on,"'County of Wellington' now resolves to ca:cd:3523 (Wellington, ON)"
courtenay-nd,us:place:3816380,courtenay-city-nd,"'Courtenay, ND' now resolves to us:place:3816380 (Courtenay (city), ND)"
crestview,us:place:1215475,crestview-fl,"'City of Crestview' now resolves to us:place:1215475 (Crestview, FL)"
crookston,us:place:2713870,crookston-city-mn,"'City of Crookston' now resolves to us:place:2713870 (Crookston (city), MN)"
damariscotta-me,us:cousub:2301516235,damariscotta-town-me,"'Damariscotta, ME' now resolves to us:cousub:2301516235 (Damariscotta Town, ME)"
davis,us:place:0618100,davis-ca,"'City of Davis' now resolves to us:place:0618100 (Davis, CA)"
decatur-il,us:place:1718823,decatur-city-il,"'Decatur, IL' now resolves to us:place:1718823 (Decatur (city), IL)"
deland,rtr:us:fl:deland,the-city-of-deland-fl,"'The City Of DeLand' now resolves to rtr:us:fl:deland (The City Of DeLand, FL)"
dell-rapids-sd,us:place:4615980,dell-rapids-city-sd,"'City of Dell Rapids, SD' now resolves to us:place:4615980 (Dell Rapids (city), SD)"
delta,ca:csd:5915011,delta-bc,"'Delta' now resolves to ca:csd:5915011 (Delta, BC)"
denton,us:place:4819972,denton-tx,"'City of Denton' now resolves to us:place:4819972 (Denton, TX)"
dixon,us:place:0619402,dixon-ca,"'City of Dixon' now resolves to us:place:0619402 (Dixon, CA)"
dormont-borough-pa,us:place:4219576,dormont-pa,"'Dormont Borough, PA' now resolves to us:place:4219576 (Dormont, PA)"
dryden,ca:csd:3560027,dryden-on,"'Dryden' now resolves to ca:csd:3560027 (Dryden, ON)"
dublin-oh,us:place:3922694,dublin-city-oh,"'Dublin, OH' now resolves to us:place:3922694 (Dublin (city), OH)"
duluth,us:place:2717000,duluth-city-mn,"'City of Duluth' now resolves to us:place:2717000 (Duluth (city), MN)"
duluth-mn,us:place:2717000,duluth-city-mn,"'City of Duluth, MN' now resolves to us:place:2717000 (Duluth (city), MN)"
durham-region-on,ca:cd:3518,durham-on,"'Durham Region, ON' now resolves to ca:cd:3518 (Durham, ON)"
east-greenwich-ri,us:cousub:4400322240,east-greenwich-town-ri,"'East Greenwich, RI' now resolves to us:cousub:4400322240 (East Greenwich Town, RI)"
easton,us:place:2424475,easton-md,"'Easton' now resolves to us:place:2424475 (Easton, MD)"
eastvale,us:place:0621230,eastvale-ca,"'Eastvale' now resolves to us:place:0621230 (Eastvale, CA)"
eau-claire,us:place:5522300,eau-claire-wi,"'City of Eau Claire' now resolves to us:place:5522300 (Eau Claire, WI)"
edgewater,us:place:1219825,edgewater-fl,"'City of Edgewater' now resolves to us:place:1219825 (Edgewater, FL)"
edina,us:place:2718188,edina-mn,"'Edina' now resolves to us:place:2718188 (Edina, MN)"
edmonton,us:place:2123968,edmonton-ky,"'Edmonton' now resolves to us:place:2123968 (Edmonton, KY)"
el-paso-independent-school-district,us:sd:4818300,el-paso-independent-school-district-tx,"'El Paso Independent School District' now resolves to us:sd:4818300 (El Paso Independent School District, TX)"
elbert-county,us:county:08039,elbert-county-co,"'Elbert County' now resolves to us:county:08039 (Elbert County, CO)"
eldorado,us:place:2020075,el-dorado-city-ks,"'Eldorado' now resolves to us:place:2020075 (El Dorado (city), KS)"
elgin-il,us:place:1723074,elgin-city-il,"'City of Elgin, IL' now resolves to us:place:1723074 (Elgin (city), IL)"
emporia-ks,us:place:2021275,emporia-city-ks,"'Emporia, KS' now resolves to us:place:2021275 (Emporia (city), KS)"
enfield,us:cousub:0911025990,enfield-town-ct,"'Enfield' now resolves to us:cousub:0911025990 (Enfield Town, CT)"
enfield-ct,us:cousub:0911025990,enfield-town-ct,"'Enfield, CT' now resolves to us:cousub:0911025990 (Enfield Town, CT)"
ennis,us:place:4824348,ennis-tx,"'City of Ennis' now resolves to us:place:4824348 (Ennis, TX)"
erie-county,us:county:42049,erie-county-pa,"'Erie County' now resolves to us:county:42049 (Erie County, PA)"
escambia-fl,us:county:12033,escambia-county-fl,"'Escambia, FL' now resolves to us:county:12033 (Escambia County, FL)"
espanol-a,ca:csd:3552026,espanola-on,"'Espanol A' now resolves to ca:csd:3552026 (Espanola, ON)"
eustis,us:place:1221350,eustis-fl,"'City of Eustis' now resolves to us:place:1221350 (Eustis, FL)"
everett,us:place:5322640,everett-wa,"'City of Everett' now resolves to us:place:5322640 (Everett, WA)"
ezt,ca:csd:3532038,east-zorra-tavistock-on,"'Ezt' now resolves to ca:csd:3532038 (East Zorra-Tavistock, ON)"
fairfield-oh,us:place:3925970,fairfield-city-oh,"'City of Fairfield, OH' now resolves to us:place:3925970 (Fairfield (city), OH)"
falmouth-schools-me,us:sd:2305670,falmouth-me,"'Falmouth Schools, ME' now resolves to us:sd:2305670 (Falmouth, ME)"
fargo,us:place:3825700,fargo-nd,"'Fargo' now resolves to us:place:3825700 (Fargo, ND)"
farmersville,us:cousub:3600925340,farmersville-town-ny,"'Farmersville' now resolves to us:cousub:3600925340 (Farmersville Town, NY)"
fayetteville,us:place:3722920,fayetteville-nc,"'City of Fayetteville' now resolves to us:place:3722920 (Fayetteville, NC)"
flandreau-sd,us:place:4621540,flandreau-city-sd,"'Flandreau, SD' now resolves to us:place:4621540 (Flandreau (city), SD)"
florence,us:place:4126050,florence-or,"'City of Florence' now resolves to us:place:4126050 (Florence, OR)"
folsom,us:place:0624638,folsom-ca,"'City of Folsom' now resolves to us:place:0624638 (Folsom, CA)"
fond-du-lac-wi,us:place:5526275,fond-du-lac-city-wi,"'Fond du Lac, WI' now resolves to us:place:5526275 (Fond du Lac (city), WI)"
fontana,us:place:0624680,fontana-ca,"'Fontana' now resolves to us:place:0624680 (Fontana, CA)"
fontana-usd-ca,us:sd:0613920,fontana-unified-school-district-ca,"'Fontana USD, CA' now resolves to us:sd:0613920 (Fontana Unified School District, CA)"
franklin,us:place:4727740,franklin-tn,"'Franklin' now resolves to us:place:4727740 (Franklin, TN)"
frederick,us:place:0828360,frederick-co,"'Frederick' now resolves to us:place:0828360 (Frederick, CO)"
freeport-me,us:cousub:2300526525,freeport-town-me,"'Freeport, ME' now resolves to us:cousub:2300526525 (Freeport Town, ME)"
ft-myers-fl,us:place:1224125,fort-myers-fl,"'Ft Myers, FL' now resolves to us:place:1224125 (Fort Myers, FL)"
fulton,us:place:2926182,fulton-mo,"'Fulton' now resolves to us:place:2926182 (Fulton, MO)"
gainesville,us:place:1225175,gainesville-fl,"'City of Gainesville' now resolves to us:place:1225175 (Gainesville, FL)"
gales-burg,us:place:1728326,galesburg-city-il,"'Gales Burg' now resolves to us:place:1728326 (Galesburg (city), IL)"
galesburg-il,us:place:1728326,galesburg-city-il,"'Galesburg, IL' now resolves to us:place:1728326 (Galesburg (city), IL)"
garfield-co,us:county:08045,garfield-county-co,"'Garfield, CO' now resolves to us:county:08045 (Garfield County, CO)"
germantown,us:place:4728960,germantown-tn,"'City of Germantown' now resolves to us:place:4728960 (Germantown, TN)"
glencoe-village-il,us:place:1729652,glencoe-il,"'Glencoe Village, IL' now resolves to us:place:1729652 (Glencoe, IL)"
glendora,us:place:0630014,glendora-ca,"'Glendora' now resolves to us:place:0630014 (Glendora, CA)"
glenview,us:cousub:3801530900,glenview-township-nd,"'Glenview' now resolves to us:cousub:3801530900 (Glenview Township, ND)"
gloucester-va,us:county:51073,gloucester-county-va,"'Gloucester, VA' now resolves to us:county:51073 (Gloucester County, VA)"
goffstown-nh,us:cousub:3301129860,goffstown-town-nh,"'Goffstown, NH' now resolves to us:cousub:3301129860 (Goffstown Town, NH)"
golden,us:place:0830835,golden-co,"'City of Golden' now resolves to us:place:0830835 (Golden, CO)"
gonzales,us:place:0630392,gonzales-ca,"'City of Gonzales' now resolves to us:place:0630392 (Gonzales, CA)"
grand-county,us:county:08049,grand-county-co,"'Grand County' now resolves to us:county:08049 (Grand County, CO)"
greeley,us:place:0832155,greeley-co,"'Greeley' now resolves to us:place:0832155 (Greeley, CO)"
green,us:place:3931860,green-city-oh,"'City of Green' now resolves to us:place:3931860 (Green (city), OH)"
green-bay-wi,us:place:5531000,green-bay-city-wi,"'Green Bay, WI' now resolves to us:place:5531000 (Green Bay (city), WI)"
greenburgh-ny,us:cousub:3611930367,greenburgh-town-ny,"'Greenburgh, NY' now resolves to us:cousub:3611930367 (Greenburgh Town, NY)"
greene-county,us:county:51079,greene-county-va,"'Greene County' now resolves to us:county:51079 (Greene County, VA)"
greensboro,us:place:3728000,greensboro-nc,"'City of Greensboro' now resolves to us:place:3728000 (Greensboro, NC)"
gresham,us:place:4131250,gresham-or,"'City of Gresham' now resolves to us:place:4131250 (Gresham, OR)"
guttenberg,us:place:1933465,guttenberg-ia,"'City of Guttenberg' now resolves to us:place:1933465 (Guttenberg, IA)"
h-psb,rtr:ca:on:hamilton-police-services-board,hamilton-police-services-board-on,"'H Psb' now resolves to rtr:ca:on:hamilton-police-services-board (Hamilton Police Services Board, ON)"
haldimand-county,rtr:ca:on:haldimand-county,haldimand-county-on,"'Haldimand County' now resolves to rtr:ca:on:haldimand-county (Haldimand County, ON)"
half-moon-bay,us:place:0631708,half-moon-bay-ca,"'City of Half Moon Bay' now resolves to us:place:0631708 (Half Moon Bay, CA)"
hamburg-mi,us:cousub:2609336100,hamburg-township-mi,"'Hamburg, MI' now resolves to us:cousub:2609336100 (Hamburg Township, MI)"
hamden-ct,us:cousub:0917035650,hamden-town-ct,"'Hamden, CT' now resolves to us:cousub:0917035650 (Hamden Town, CT)"
hamilton,rtr:ca:on:hamilton-police-services-board,hamilton-police-services-board-on,"'Hamilton' now resolves to rtr:ca:on:hamilton-police-services-board (Hamilton Police Services Board, ON)"
hampton,us:place:5135000,hampton-va,"'City of Hampton' now resolves to us:place:5135000 (Hampton, VA)"
hanover,us:county:51085,hanover-county-va,"'Hanover' now resolves to us:county:51085 (Hanover County, VA)"
harris-tx,us:county:48201,harris-county-tx,"'Harris, TX' now resolves to us:county:48201 (Harris County, TX)"
harrison,us:place:3632402,harrison-ny,"'Harrison' now resolves to us:place:3632402 (Harrison, NY)"
harrison-county,us:county:18061,harrison-county-in,"'Harrison County' now resolves to us:county:18061 (Harrison County, IN)"
harrisonburg-va,rtr:us:va:harrisonburg,the-city-of-harrisonburg-va,"'The City of Harrisonburg, VA' now resolves to rtr:us:va:harrisonburg (The City of Harrisonburg, VA)"
hastings,us:place:3121415,hastings-ne,"'Hastings' now resolves to us:place:3121415 (Hastings, NE)"
hawarden,us:place:1935265,hawarden-ia,"'City of Hawarden' now resolves to us:place:1935265 (Hawarden, IA)"
hayward,us:place:0633000,hayward-ca,"'Hayward' now resolves to us:place:0633000 (Hayward, CA)"
haywood-county,us:county:37087,haywood-county-nc,"'Haywood County' now resolves to us:county:37087 (Haywood County, NC)"
henderson,us:place:2135866,henderson-ky,"'Henderson' now resolves to us:place:2135866 (Henderson, KY)"
henry-county-schools-ga,us:sd:1302820,henry-county-school-district-ga,"'Henry County Schools, GA' now resolves to us:sd:1302820 (Henry County School District, GA)"
henry-va,us:county:51089,henry-county-va,"'Henry, VA' now resolves to us:county:51089 (Henry County, VA)"
hernando-county-school-district,us:sd:1200810,hernando-county-school-district-fl,"'Hernando County School District' now resolves to us:sd:1200810 (Hernando County School District, FL)"
herndon,us:place:5136648,herndon-va,"'Herndon' now resolves to us:place:5136648 (Herndon, VA)"
hesperia,us:place:0633434,hesperia-ca,"'City of Hesperia' now resolves to us:place:0633434 (Hesperia, CA)"
hidalgo-county,us:county:48215,hidalgo-county-tx,"'Hidalgo County' now resolves to us:county:48215 (Hidalgo County, TX)"
highlands-borough-fl,us:county:12055,highlands-county-fl,"'Highlands Borough, FL' now resolves to us:county:12055 (Highlands County, FL)"
holbrook-ma,us:cousub:2502130455,holbrook-town-ma,"'Holbrook, MA' now resolves to us:cousub:2502130455 (Holbrook Town, MA)"
holly-springs,us:place:3732260,holly-springs-nc,"'Holly Springs' now resolves to us:place:3732260 (Holly Springs, NC)"
hollywood,us:place:1232000,hollywood-fl,"'City of Hollywood' now resolves to us:place:1232000 (Hollywood, FL)"
honolulu,us:county:15003,city-and-county-of-honolulu-hi,"'City of Honolulu' now resolves to us:county:15003 (City and County of Honolulu, HI)"
hopewell-borough-va,us:place:5138424,hopewell-va,"'Hopewell Borough, VA' now resolves to us:place:5138424 (Hopewell, VA)"
horry-county-schools,us:sd:4502490,horry-county-school-district-sc,"'Horry County Schools' now resolves to us:sd:4502490 (Horry County School District, SC)"
hudson,us:place:3936651,hudson-oh,"'City of Hudson' now resolves to us:place:3936651 (Hudson, OH)"
humboldt-county,us:county:06023,humboldt-county-ca,"'Humboldt County' now resolves to us:county:06023 (Humboldt County, CA)"
huntington-park-ca,rtr:us:ca:huntington-park,the-city-of-huntington-park-ca,"'The City of Huntington Park, CA' now resolves to rtr:us:ca:huntington-park (The City of Huntington Park, CA)"
imperial,rtr:us:ca:imperial-irrigation-district,imperial-irrigation-district-ca,"'Imperial' now resolves to rtr:us:ca:imperial-irrigation-district (Imperial Irrigation District, CA)"
independence,us:place:2033875,independence-city-ks,"'Independence' now resolves to us:place:2033875 (Independence (city), KS)"
inyo,us:county:06027,inyo-county-ca,"'Inyo' now resolves to us:county:06027 (Inyo County, CA)"
iola-ks,us:place:2034300,iola-city-ks,"'City of Iola, KS' now resolves to us:place:2034300 (Iola (city), KS)"
irondequoit-ny,us:cousub:3605537726,irondequoit-town-ny,"'Irondequoit, NY' now resolves to us:cousub:3605537726 (Irondequoit Town, NY)"
j-cc,rtr:us:ca:judicial-council-of-california,judicial-council-of-california-ca,"'J Cc' now resolves to rtr:us:ca:judicial-council-of-california (Judicial Council of California, CA)"
jackson-county,us:county:08057,jackson-county-co,"'Jackson County' now resolves to us:county:08057 (Jackson County, CO)"
james-city-on,ca:csd:3554042,james-on,"'James City, ON' now resolves to ca:csd:3554042 (James, ON)"
james-city-va,us:county:51095,james-city-county-va,"'James City, VA' now resolves to us:county:51095 (James City County, VA)"
jefferson,us:county:29099,jefferson-county-mo,"'Jefferson' now resolves to us:county:29099 (Jefferson County, MO)"
joliet,us:place:1738570,joliet-city-il,"'City of Joliet' now resolves to us:place:1738570 (Joliet (city), IL)"
jonesboro,us:place:0535710,jonesboro-ar,"'City of Jonesboro' now resolves to us:place:0535710 (Jonesboro, AR)"
jordan-mn,us:place:2732174,jordan-city-mn,"'City of Jordan, MN' now resolves to us:place:2732174 (Jordan (city), MN)"
kankakee-il,us:place:1738934,kankakee-city-il,"'Kankakee, IL' now resolves to us:place:1738934 (Kankakee (city), IL)"
kansas-city,us:place:2938000,kansas-city-mo,"'Kansas City' now resolves to us:place:2938000 (Kansas City, MO)"
kechi-ks,us:place:2036225,kechi-city-ks,"'City of Kechi, KS' now resolves to us:place:2036225 (Kechi (city), KS)"
keene,us:place:3339300,keene-nh,"'Keene' now resolves to us:place:3339300 (Keene, NH)"
kennebunk-me,us:cousub:2303136535,kennebunk-town-me,"'Kennebunk, ME' now resolves to us:cousub:2303136535 (Kennebunk Town, ME)"
king-county,rtr:us:nc:king-county,king-county-nc,"'King County' now resolves to rtr:us:nc:king-county (King County, NC)"
kirkland,us:place:5335940,kirkland-wa,"'City of Kirkland' now resolves to us:place:5335940 (Kirkland, WA)"
kneehill-county,ca:csd:4805041,kneehill-county-ab,"'Kneehill County' now resolves to ca:csd:4805041 (Kneehill County, AB)"
knoxville,us:place:4740000,knoxville-tn,"'City of Knoxville' now resolves to us:place:4740000 (Knoxville, TN)"
l-a-world-airports-board-of-airport-commissioners,rtr:us:ca:l-a-world-airports-board-of-airport-commissioners,l-a-world-airports-board-of-airport-commissioners-ca,"'L. A. World Airports - Board of Airport Commissioners' now resolves to rtr:us:ca:l-a-world-airports-board-of-airport-commissioners (L. A. World Airports - Board of Airport Commissioners, CA)"
l-oswego-k-12,us:sd:4107230,lake-oswego-school-district-7j-or,"'L Oswego K 12' now resolves to us:sd:4107230 (Lake Oswego School District 7J, OR)"
la-crosse-wi,rtr:us:wi:la-crosse,the-city-of-la-crosse-wi,"'The City of La Crosse, WI' now resolves to rtr:us:wi:la-crosse (The City of La Crosse, WI)"
lad-wp,rtr:us:ca:los-angeles-department-of-water-and-power,los-angeles-department-of-water-and-power-ca,"'Lad Wp' now resolves to rtr:us:ca:los-angeles-department-of-water-and-power (Los Angeles Department of Water and Power, CA)"
lafayette,us:place:0841835,lafayette-co,"'City of Lafayette' now resolves to us:place:0841835 (Lafayette, CO)"
lafayette-in,us:place:1840788,lafayette-city-in,"'City of Lafayette, IN' now resolves to us:place:1840788 (Lafayette (city), IN)"
lake-county,us:county:17097,lake-county-il,"'Lake County' now resolves to us:county:17097 (Lake County, IL)"
lake-havasu-az,rtr:us:az:lake-havasu,city-of-lake-havasu-az,"'City of Lake Havasu, AZ' now resolves to rtr:us:az:lake-havasu (City of Lake Havasu, AZ)"
lake-mills,us:place:5541675,lake-mills-city-wi,"'City of Lake Mills' now resolves to us:place:5541675 (Lake Mills (city), WI)"
lakeshore,ca:csd:3537064,lakeshore-on,"'Lakeshore' now resolves to ca:csd:3537064 (Lakeshore, ON)"
langley,us:place:5338355,langley-wa,"'City of Langley' now resolves to us:place:5338355 (Langley, WA)"
lawrence,us:place:2038900,lawrence-city-ks,"'City of Lawrence' now resolves to us:place:2038900 (Lawrence (city), KS)"
leawood,us:place:2039075,leawood-ks,"'City of Leawood' now resolves to us:place:2039075 (Leawood, KS)"
lebanon,us:county:42075,lebanon-county-pa,"'Lebanon' now resolves to us:county:42075 (Lebanon County, PA)"
ledyard-ct,us:cousub:0918042600,ledyard-town-ct,"'Ledyard, CT' now resolves to us:cousub:0918042600 (Ledyard Town, CT)"
ledyard-public-schools-ct,us:sd:0902160,ledyard-school-district-ct,"'Ledyard Public Schools, CT' now resolves to us:sd:0902160 (Ledyard School District, CT)"
lexington,us:place:3738060,lexington-nc,"'Lexington' now resolves to us:place:3738060 (Lexington, NC)"
liberty-mo,us:place:2942032,liberty-city-mo,"'Liberty, MO' now resolves to us:place:2942032 (Liberty (city), MO)"
lincoln-me,us:county:23015,lincoln-county-me,"'Lincoln, ME' now resolves to us:county:23015 (Lincoln County, ME)"
lincoln-park,us:place:2647800,lincoln-park-mi,"'City of Lincoln Park' now resolves to us:place:2647800 (Lincoln Park, MI)"
lincoln-ri,us:cousub:4400741500,lincoln-town-ri,"'Lincoln, RI' now resolves to us:cousub:4400741500 (Lincoln Town, RI)"
linn,us:county:19113,linn-county-ia,"'Linn' now resolves to us:county:19113 (Linn County, IA)"
lisbon-me,us:cousub:2300140035,lisbon-town-me,"'Lisbon, ME' now resolves to us:cousub:2300140035 (Lisbon Town, ME)"
lisbon-wi,us:place:5544847,lisbon-village-wi,"'Lisbon, WI' now resolves to us:place:5544847 (Lisbon (village), WI)"
little-rock-school-district,us:sd:0509000,little-rock-school-district-ar,"'Little Rock School District' now resolves to us:sd:0509000 (Little Rock School District, AR)"
live-oak-texas,rtr:us:tx:live-oak-texas,the-city-of-live-oak-texas-tx,"'The City of Live Oak Texas' now resolves to rtr:us:tx:live-oak-texas (The City of Live Oak Texas, TX)"
lloydminster-ab-sk,rtr:us:ab/sk:lloydminster-ab-sk,lloydminster-ab-sk-ab-sk,"'Lloydminster, AB/SK' now resolves to rtr:us:ab/sk:lloydminster-ab-sk (Lloydminster, AB/SK, AB/SK)"
lodi,us:place:0642202,lodi-ca,"'City of Lodi' now resolves to us:place:0642202 (Lodi, CA)"
los-angeles-usd-ca,us:sd:0622710,los-angeles-unified-school-district-ca,"'Los Angeles USD, CA' now resolves to us:sd:0622710 (Los Angeles Unified School District, CA)"
loudoun,us:county:51107,loudoun-county-va,"'Loudoun' now resolves to us:county:51107 (Loudoun County, VA)"
louisville,us:place:2148006,louisville-jefferson-county-ky,"'Louisville' now resolves to us:place:2148006 (Louisville/Jefferson County, KY)"
louisville-ky,us:place:2148006,louisville-jefferson-county-ky,"'Louisville, KY' now resolves to us:place:2148006 (Louisville/Jefferson County, KY)"
loyalist-township-on,ca:csd:3511005,loyalist-on,"'Loyalist Township, ON' now resolves to ca:csd:3511005 (Loyalist, ON)"
lynchburg,us:place:5147672,lynchburg-va,"'City of Lynchburg' now resolves to us:place:5147672 (Lynchburg, VA)"
mackenzie,ca:csd:5953033,mackenzie-bc,"'Mackenzie' now resolves to ca:csd:5953033 (Mackenzie, BC)"
madison,us:place:4640220,madison-city-sd,"'Madison' now resolves to us:place:4640220 (Madison (city), SD)"
madison-in,us:place:1845990,madison-city-in,"'Madison, IN' now resolves to us:place:1845990 (Madison (city), IN)"
madison-sd,us:place:4640220,madison-city-sd,"'Madison, SD' now resolves to us:place:4640220 (Madison (city), SD)"
mahwah-nj,us:cousub:3400342750,mahwah-township-nj,"'Mahwah, NJ' now resolves to us:cousub:3400342750 (Mahwah Township, NJ)"
malvern-borough,us:place:4246792,malvern-pa,"'Malvern Borough' now resolves to us:place:4246792 (Malvern, PA)"
manatee-county-public-schools-fl,us:sd:1201230,manatee-county-school-district-fl,"'Manatee County Public Schools, FL' now resolves to us:sd:1201230 (Manatee County School District, FL)"
manhattan-beach,us:place:0645400,manhattan-beach-ca,"'City of Manhattan Beach' now resolves to us:place:0645400 (Manhattan Beach, CA)"
manitowoc-wi,us:place:5548500,manitowoc-city-wi,"'City of Manitowoc, WI' now resolves to us:place:5548500 (Manitowoc (city), WI)"
mankato-mn,us:place:2739878,mankato-city-mn,"'Mankato, MN' now resolves to us:place:2739878 (Mankato (city), MN)"
mansfield,us:place:4846452,mansfield-tx,"'City of Mansfield' now resolves to us:place:4846452 (Mansfield, TX)"
mansfield-ct,us:cousub:0911044910,mansfield-town-ct,"'Mansfield, CT' now resolves to us:cousub:0911044910 (Mansfield Town, CT)"
maple-grove-mn,us:place:2740166,maple-grove-city-mn,"'City of Maple Grove, MN' now resolves to us:place:2740166 (Maple Grove (city), MN)"
maricopa,us:place:0444410,maricopa-az,"'City of Maricopa' now resolves to us:place:0444410 (Maricopa, AZ)"
marietta,us:place:1349756,marietta-ga,"'City of Marietta' now resolves to us:place:1349756 (Marietta, GA)"
marion,us:county:12083,marion-county-fl,"'Marion' now resolves to us:county:12083 (Marion County, FL)"
marion-county-public-schools-wv,us:sd:5400720,marion-county-school-district-wv,"'Marion County Public Schools, WV' now resolves to us:sd:5400720 (Marion County School District, WV)"
markham,us:place:1747007,markham-il,"'Markham' now resolves to us:place:1747007 (Markham, IL)"
marvin,us:place:3741720,marvin-nc,"'Marvin' now resolves to us:place:3741720 (Marvin, NC)"
media-borough,us:place:4248480,media-pa,"'Media Borough' now resolves to us:place:4248480 (Media, PA)"
menifee-nbsp-ca,rtr:us:ca:menifee-nbsp,city-of-menifee-nbsp-ca,"'City of Menifee&nbsp, CA' now resolves to rtr:us:ca:menifee-nbsp (City of Menifee&nbsp, CA)"
meridian,rtr:us:mi:meridian,meridian-mi,"'Meridian' now resolves to rtr:us:mi:meridian (Meridian, MI)"
merrickville-wolford,ca:csd:3507052,merrickville-wolford-on,"'Merrickville Wolford' now resolves to ca:csd:3507052 (Merrickville-Wolford, ON)"
merrill-wi,us:place:5551250,merrill-city-wi,"'Merrill, WI' now resolves to us:place:5551250 (Merrill (city), WI)"
mesa,us:place:0446000,mesa-az,"'City of Mesa' now resolves to us:place:0446000 (Mesa, AZ)"
metropolitan-airports-commission-mac,rtr:us:mn:metropolitan-airports-commission,metropolitan-airports-commission-mn,"'Metropolitan Airports Commission (MAC)' now resolves to rtr:us:mn:metropolitan-airports-commission (Metropolitan Airports Commission, MN)"
miami,us:place:1245000,miami-fl,"'City of Miami' now resolves to us:place:1245000 (Miami, FL)"
miami-dade-county,us:county:12086,miami-dade-county-fl,"'Miami Dade County' now resolves to us:county:12086 (Miami-Dade County, FL)"
middletown-nj,us:cousub:3402545990,middletown-township-nj,"'Middletown, NJ' now resolves to us:cousub:3402545990 (Middletown Township, NJ)"
midlothian,us:place:4848096,midlothian-tx,"'Midlothian' now resolves to us:place:4848096 (Midlothian, TX)"
mill-creek,us:place:4950150,millcreek-ut,"'Mill Creek' now resolves to us:place:4950150 (Millcreek, UT)"
millersburg,us:place:4148300,millersburg-or,"'City of Millersburg' now resolves to us:place:4148300 (Millersburg, OR)"
milwaukee,us:place:5553000,milwaukee-wi,"'City of Milwaukee.' now resolves to us:place:5553000 (Milwaukee, WI)"
mn-senate,us:state:27,state-of-minnesota,'Mn Senate' now resolves to us:state:27 (State of Minnesota)
monroe-oh,us:place:3951310,monroe-city-oh,"'Monroe, OH' now resolves to us:place:3951310 (Monroe (city), OH)"
montclair-nj,us:cousub:3401347500,montclair-township-nj,"'Montclair, NJ' now resolves to us:cousub:3401347500 (Montclair Township, NJ)"
montgomery-county,us:county:24031,montgomery-county-md,"'Montgomery County' now resolves to us:county:24031 (Montgomery County, MD)"
moorhead-mn,us:place:2743864,moorhead-city-mn,"'Moorhead, MN' now resolves to us:place:2743864 (Moorhead (city), MN)"
morgan-hill-ca-california,us:place:0649278,morgan-hill-ca,"'MORGAN HILL, CA - California' now resolves to us:place:0649278 (Morgan Hill, CA)"
morgantown-wv,rtr:us:wv:morgantown,the-city-of-morgantown-wv,"'The City of Morgantown, WV' now resolves to rtr:us:wv:morgantown (The City of Morgantown, WV)"
mountain-view,us:place:0649670,mountain-view-ca,"'Mountain View' now resolves to us:place:0649670 (Mountain View, CA)"
mt-juliet-city-tn,us:place:4750780,mount-juliet-tn,"'Mt Juliet City, TN' now resolves to us:place:4750780 (Mount Juliet, TN)"
mt-lebanon-pa,us:cousub:4200351696,mount-lebanon-township-pa,"'Mt. Lebanon, PA' now resolves to us:cousub:4200351696 (Mount Lebanon Township, PA)"
mt-pleasant-tn,us:place:4751080,mount-pleasant-tn,"'Mt Pleasant, TN' now resolves to us:place:4751080 (Mount Pleasant, TN)"
multnomah,us:county:41051,multnomah-county-or,"'Multnomah' now resolves to us:county:41051 (Multnomah County, OR)"
mundelein-village-il,us:place:1751349,mundelein-il,"'Mundelein Village, IL' now resolves to us:place:1751349 (Mundelein, IL)"
n-lauderdale,us:place:1249425,north-lauderdale-fl,"'N Lauderdale' now resolves to us:place:1249425 (North Lauderdale, FL)"
naperville-il,us:place:1751622,naperville-city-il,"'City of Naperville, IL' now resolves to us:place:1751622 (Naperville (city), IL)"
naples,us:place:1247625,naples-fl,"'City of Naples' now resolves to us:place:1247625 (Naples, FL)"
nashua,us:place:3350260,nashua-nh,"'Nashua' now resolves to us:place:3350260 (Nashua, NH)"
nashville,us:place:4752006,nashville-davidson-tn,"'Nashville' now resolves to us:place:4752006 (Nashville-Davidson, TN)"
nashville-davidson-county-tn,us:place:4752006,nashville-davidson-tn,"'Nashville-Davidson County, TN' now resolves to us:place:4752006 (Nashville-Davidson, TN)"
nassau-county,rtr:us:sd:nassau-county,nassau-county-sd,"'Nassau County' now resolves to rtr:us:sd:nassau-county (Nassau County, SD)"
natick-ma,us:cousub:2501743895,natick-town-ma,"'Natick, MA' now resolves to us:cousub:2501743895 (Natick Town, MA)"
needham-ma,us:cousub:2502144105,needham-town-ma,"'Needham, MA' now resolves to us:cousub:2502144105 (Needham Town, MA)"
nevada-county,us:county:06057,nevada-county-ca,"'Nevada County' now resolves to us:county:06057 (Nevada County, CA)"
nevada-legislature,us:state:32,state-of-nevada,'Nevada Legislature' now resolves to us:state:32 (State of Nevada)
new-franklin,us:place:3954562,new-franklin-oh,"'City of New Franklin' now resolves to us:place:3954562 (New Franklin, OH)"
new-hanover,us:county:37129,new-hanover-county-nc,"'New Hanover' now resolves to us:county:37129 (New Hanover County, NC)"
newburgh,us:place:3650034,newburgh-city-ny,"'Newburgh' now resolves to us:place:3650034 (Newburgh (city), NY)"
newburgh-ny,us:place:3650034,newburgh-city-ny,"'Newburgh, NY' now resolves to us:place:3650034 (Newburgh (city), NY)"
newmarket-nh,us:cousub:3301552340,newmarket-town-nh,"'Newmarket, NH' now resolves to us:cousub:3301552340 (Newmarket Town, NH)"
newtown-pa,us:place:4254184,newtown-borough-pa,"'Newtown, PA' now resolves to us:place:4254184 (Newtown (borough), PA)"
niagara-falls,us:place:3651055,niagara-falls-ny,"'City of Niagara Falls' now resolves to us:place:3651055 (Niagara Falls, NY)"
norfolk,us:place:5157000,norfolk-va,"'Norfolk' now resolves to us:place:5157000 (Norfolk, VA)"
north-branch-mn,us:place:2746798,north-branch-city-mn,"'North Branch, MN' now resolves to us:place:2746798 (North Branch (city), MN)"
north-castle-ny,us:cousub:3611951693,north-castle-town-ny,"'North Castle, NY' now resolves to us:cousub:3611951693 (North Castle Town, NY)"
northcowichan,ca:csd:5919008,north-cowichan-bc,"'Northcowichan' now resolves to ca:csd:5919008 (North Cowichan, BC)"
northfield,us:place:2746924,northfield-city-mn,"'City of Northfield' now resolves to us:place:2746924 (Northfield (city), MN)"
nsb,us:place:1248625,new-smyrna-beach-fl,"'Nsb' now resolves to us:place:1248625 (New Smyrna Beach, FL)"
oak-harbor,us:place:5350360,oak-harbor-wa,"'City of Oak Harbor' now resolves to us:place:5350360 (Oak Harbor, WA)"
oak-park,us:place:1754885,oak-park-il,"'Oak Park' now resolves to us:place:1754885 (Oak Park, IL)"
oak-ridge,rtr:us:tn:oak-ridge,the-city-of-oak-ridge-tn,"'The City of Oak Ridge' now resolves to rtr:us:tn:oak-ridge (The City of Oak Ridge, TN)"
ogunquit-me,us:cousub:2303154980,ogunquit-town-me,"'Ogunquit, ME' now resolves to us:cousub:2303154980 (Ogunquit Town, ME)"
olathe,us:place:2052575,olathe-ks,"'City of Olathe' now resolves to us:place:2052575 (Olathe, KS)"
orange,us:place:0653980,orange-ca,"'City of Orange' now resolves to us:place:0653980 (Orange, CA)"
orange-county,us:county:12095,orange-county-fl,"'Orange County' now resolves to us:county:12095 (Orange County, FL)"
orange-county-comptroller,us:county:12095,orange-county-fl,"'Orange County Comptroller' now resolves to us:county:12095 (Orange County, FL)"
orangeville,ca:csd:3522014,orangeville-on,"'Orangeville' now resolves to ca:csd:3522014 (Orangeville, ON)"
oregon,us:county:29149,oregon-county-mo,"'Oregon' now resolves to us:county:29149 (Oregon County, MO)"
osawatomie-ks,us:place:2053225,osawatomie-city-ks,"'City of Osawatomie, KS' now resolves to us:place:2053225 (Osawatomie (city), KS)"
ottawa-ks,us:place:2053550,ottawa-city-ks,"'City of Ottawa, KS' now resolves to us:place:2053550 (Ottawa (city), KS)"
oxford-county-on,ca:cd:3532,oxford-on,"'Oxford County, ON' now resolves to ca:cd:3532 (Oxford, ON)"
oxford-oh,us:place:3959234,oxford-city-oh,"'City of Oxford, OH' now resolves to us:place:3959234 (Oxford (city), OH)"
painesville-oh,us:place:3959416,painesville-city-oh,"'Painesville, OH' now resolves to us:place:3959416 (Painesville (city), OH)"
palatine-il,us:place:1757225,palatine-village-il,"'Palatine, IL' now resolves to us:place:1757225 (Palatine (village), IL)"
palm-springs,us:place:0655254,palm-springs-ca,"'City of Palm Springs' now resolves to us:place:0655254 (Palm Springs, CA)"
paradise-valley,us:place:0452930,paradise-valley-az,"'Paradise Valley' now resolves to us:place:0452930 (Paradise Valley, AZ)"
paramount-retiree-ca,rtr:us:ca:paramount-retiree,city-of-paramount-retiree-ca,"'City of Paramount Retiree, CA' now resolves to rtr:us:ca:paramount-retiree (City of Paramount Retiree, CA)"
park-ridge,us:place:1757875,park-ridge-il,"'City of Park Ridge' now resolves to us:place:1757875 (Park Ridge, IL)"
parker,us:place:0857630,parker-co,"'Parker' now resolves to us:place:0857630 (Parker, CO)"
parowan-city-ut,us:place:4958510,parowan-ut,"'PAROWAN city, UT' now resolves to us:place:4958510 (Parowan, UT)"
pasadena-unified-school-district,us:sd:0629940,pasadena-unified-school-district-ca,"'Pasadena Unified School District' now resolves to us:sd:0629940 (Pasadena Unified School District, CA)"
payson,us:place:4958730,payson-ut,"'Payson' now resolves to us:place:4958730 (Payson, UT)"
peel-region-on,ca:cd:3521,peel-on,"'Peel Region, ON' now resolves to ca:cd:3521 (Peel, ON)"
pekin,us:place:1758447,pekin-city-il,"'Pekin' now resolves to us:place:1758447 (Pekin (city), IL)"
pelham-ny,us:place:3657001,pelham-village-ny,"'PELHAM, NY' now resolves to us:place:3657001 (Pelham (village), NY)"
penfield-ny,us:cousub:3605557144,penfield-town-ny,"'Penfield, NY' now resolves to us:cousub:3605557144 (Penfield Town, NY)"
pensacola,us:place:1255925,pensacola-fl,"'City of Pensacola' now resolves to us:place:1255925 (Pensacola, FL)"
peoria,us:place:1759000,peoria-il,"'City of Peoria' now resolves to us:place:1759000 (Peoria, IL)"
perrysburg-oh,us:place:3962148,perrysburg-city-oh,"'Perrysburg, OH' now resolves to us:place:3962148 (Perrysburg (city), OH)"
petersburg-ak,rtr:us:ak:petersburg,city-of-petersburg-ak,"'City of Petersburg, AK' now resolves to rtr:us:ak:petersburg (City of Petersburg, AK)"
pflugerville,us:place:4857176,pflugerville-tx,"'City of Pflugerville.' now resolves to us:place:4857176 (Pflugerville, TX)"
pickering,us:place:2957404,pickering-mo,"'City of Pickering' now resolves to us:place:2957404 (Pickering, MO)"
piedmont,us:place:0656938,piedmont-ca,"'City of Piedmont' now resolves to us:place:0656938 (Piedmont, CA)"
pilot-point,us:place:4857476,pilot-point-tx,"'City of Pilot Point' now resolves to us:place:4857476 (Pilot Point, TX)"
plainfield,us:place:1760287,plainfield-village-il,"'Plainfield' now resolves to us:place:1760287 (Plainfield (village), IL)"
plantation,us:place:1257425,plantation-fl,"'City of Plantation' now resolves to us:place:1257425 (Plantation, FL)"
plymouth,us:place:2751730,plymouth-mn,"'City of Plymouth' now resolves to us:place:2751730 (Plymouth, MN)"
port-colborne-resolution,us:place:2509000,brockton-ma,"'Port Colborne Resolution' now resolves to us:place:2509000 (Brockton, MA)"
port-st-lucie,rtr:us:fl:port-st-lucie,port-st-lucie-fl,"'City of Port St Lucie' now resolves to rtr:us:fl:port-st-lucie (Port St. Lucie, FL)"
portage,us:place:5564100,portage-wi,"'Portage' now resolves to us:place:5564100 (Portage, WI)"
portage-mi,us:place:2665560,portage-city-mi,"'Portage, MI' now resolves to us:place:2665560 (Portage (city), MI)"
portland,us:place:4760280,portland-tn,"'Portland' now resolves to us:place:4760280 (Portland, TN)"
pratt,us:place:2057625,pratt-ks,"'City of Pratt' now resolves to us:place:2057625 (Pratt, KS)"
prescott,us:place:5565375,prescott-wi,"'Prescott' now resolves to us:place:5565375 (Prescott, WI)"
providence,us:place:4459000,providence-ri,"'City of Providence' now resolves to us:place:4459000 (Providence, RI)"
psr-c-2,rtr:us:wa:puget-sound-regional-council,puget-sound-regional-council-wa,"'Psr C 2' now resolves to rtr:us:wa:puget-sound-regional-council (Puget Sound Regional Council, WA)"
raleigh,us:place:3755000,raleigh-nc,"'Raleigh' now resolves to us:place:3755000 (Raleigh, NC)"
ramsey-county,us:county:27123,ramsey-county-mn,"'Ramsey County' now resolves to us:county:27123 (Ramsey County, MN)"
randall,us:county:48381,randall-county-tx,"'Randall' now resolves to us:county:48381 (Randall County, TX)"
red-hook-ny,us:place:3660895,red-hook-village-ny,"'Red Hook, NY' now resolves to us:place:3660895 (Red Hook (village), NY)"
redmond-wa,rtr:us:wa:redmond,the-city-of-redmond-wa,"'The City of Redmond, WA' now resolves to rtr:us:wa:redmond (The City of Redmond, WA)"
region-of-waterloo-on,ca:cd:3530,waterloo-on,"'Region Of Waterloo, ON' now resolves to ca:cd:3530 (Waterloo, ON)"
rehoboth-ma,us:cousub:2500556375,rehoboth-town-ma,"'Rehoboth, MA' now resolves to us:cousub:2500556375 (Rehoboth Town, MA)"
reno-logo-nv,rtr:us:nv:reno-logo,city-of-reno-logo-nv,"'City of Reno Logo"", NV' now resolves to rtr:us:nv:reno-logo (City of Reno Logo"", NV)"
richmond,us:place:4861892,richmond-tx,"'Richmond' now resolves to us:place:4861892 (Richmond, TX)"
richmond-hill-single-source-award,ca:csd:3519038,richmond-hill-on,"'Richmond Hill Single Source Award' now resolves to ca:csd:3519038 (Richmond Hill, ON)"
ridgecrest,us:place:0660704,ridgecrest-ca,"'City of Ridgecrest' now resolves to us:place:0660704 (Ridgecrest, CA)"
riverhead-ny,us:cousub:3610361984,riverhead-town-ny,"'Riverhead, NY' now resolves to us:cousub:3610361984 (Riverhead Town, NY)"
riverside,us:place:0662000,riverside-ca,"'City of Riverside' now resolves to us:place:0662000 (Riverside, CA)"
riverside-il,us:place:1764421,riverside-village-il,"'Riverside, IL' now resolves to us:place:1764421 (Riverside (village), IL)"
riverview,us:place:2668880,riverview-mi,"'Riverview' now resolves to us:place:2668880 (Riverview, MI)"
rochester-mn,us:place:2754880,rochester-city-mn,"'Rochester, MN' now resolves to us:place:2754880 (Rochester (city), MN)"
rockaway-nj,us:place:3464050,rockaway-borough-nj,"'Rockaway, NJ' now resolves to us:place:3464050 (Rockaway (borough), NJ)"
rockford-il,us:place:1765000,rockford-city-il,"'Rockford, IL' now resolves to us:place:1765000 (Rockford (city), IL)"
rockville,us:place:2467675,rockville-md,"'City of Rockville' now resolves to us:place:2467675 (Rockville, MD)"
rocky-view-ab,ca:csd:4806014,rocky-view-county-ab,"'Rocky View, AB' now resolves to ca:csd:4806014 (Rocky View County, AB)"
rogers-mn,us:place:2755186,rogers-city-mn,"'City of Rogers, MN' now resolves to us:place:2755186 (Rogers (city), MN)"
rome,us:place:1366668,rome-ga,"'City of Rome' now resolves to us:place:1366668 (Rome, GA)"
rutherford-county,us:county:37161,rutherford-county-nc,"'Rutherford County' now resolves to us:county:37161 (Rutherford County, NC)"
rutland-ma,us:cousub:2502758825,rutland-town-ma,"'Rutland, MA' now resolves to us:cousub:2502758825 (Rutland Town, MA)"
rye-ny,us:place:3664309,rye-city-ny,"'Rye, NY' now resolves to us:place:3664309 (Rye (city), NY)"
sagaponack-village-ny,us:place:3664452,sagaponack-ny,"'Sagaponack Village, NY' now resolves to us:place:3664452 (Sagaponack, NY)"
saint-croix-county-wi,us:county:55109,st-croix-county-wi,"'Saint Croix County, WI' now resolves to us:county:55109 (St. Croix County, WI)"
saint-louis-mo,us:place:2965000,st-louis-mo,"'Saint Louis, MO' now resolves to us:place:2965000 (St. Louis, MO)"
sandag-ca,rtr:us:ca:san-diego-association-of-governments,san-diego-association-of-governments-ca,"'Sandag, CA' now resolves to rtr:us:ca:san-diego-association-of-governments (San Diego Association of Governments, CA)"
santa-clara,us:place:0669084,santa-clara-ca,"'City of Santa Clara' now resolves to us:place:0669084 (Santa Clara, CA)"
santa-rosa,us:place:0670098,santa-rosa-ca,"'City of Santa Rosa' now resolves to us:place:0670098 (Santa Rosa, CA)"
saratoga,us:place:0670280,saratoga-ca,"'City of Saratoga' now resolves to us:place:0670280 (Saratoga, CA)"
saugeenshores,ca:csd:3541045,saugeen-shores-on,"'Saugeenshores' now resolves to ca:csd:3541045 (Saugeen Shores, ON)"
scott-county,us:county:27139,scott-county-mn,"'Scott County' now resolves to us:county:27139 (Scott County, MN)"
sebastopol,us:place:0670770,sebastopol-ca,"'City of Sebastopol' now resolves to us:place:0670770 (Sebastopol, CA)"
seekonk-ma,us:cousub:2500560645,seekonk-town-ma,"'Seekonk, MA' now resolves to us:cousub:2500560645 (Seekonk Town, MA)"
seminole,us:place:1264975,seminole-fl,"'City of Seminole' now resolves to us:place:1264975 (Seminole, FL)"
sheboygan-wi,us:place:5572975,sheboygan-city-wi,"'Sheboygan, WI' now resolves to us:place:5572975 (Sheboygan (city), WI)"
shelby-mi,us:place:2672840,shelby-village-mi,"'Shelby, MI' now resolves to us:place:2672840 (Shelby (village), MI)"
sherman,us:place:4867496,sherman-tx,"'Sherman' now resolves to us:place:4867496 (Sherman, TX)"
smithtown-ny,us:cousub:3610368000,smithtown-town-ny,"'SMITHTOWN, NY' now resolves to us:cousub:3610368000 (Smithtown Town, NY)"
smyrna,us:place:1371492,smyrna-ga,"'City of Smyrna' now resolves to us:place:1371492 (Smyrna, GA)"
somerville,us:place:2562535,somerville-ma,"'Somerville' now resolves to us:place:2562535 (Somerville, MA)"
south-pasadena-unified-school-district,us:sd:0637500,south-pasadena-unified-school-district-ca,"'South Pasadena Unified School District' now resolves to us:sd:0637500 (South Pasadena Unified School District, CA)"
south-windsor-ct,us:cousub:0911071390,south-windsor-town-ct,"'South Windsor, CT' now resolves to us:cousub:0911071390 (South Windsor Town, CT)"
south-windsor-public-schools-ct,us:sd:0904170,south-windsor-school-district-ct,"'South Windsor Public Schools, CT' now resolves to us:sd:0904170 (South Windsor School District, CT)"
southampton,us:place:3668462,southampton-village-ny,"'Southampton' now resolves to us:place:3668462 (Southampton (village), NY)"
southampton-ny,us:place:3668462,southampton-village-ny,"'Southampton, NY' now resolves to us:place:3668462 (Southampton (village), NY)"
spring-hill-ks,us:place:2067625,spring-hill-city-ks,"'City of Spring Hill, KS' now resolves to us:place:2067625 (Spring Hill (city), KS)"
st-james-mn,us:place:2757040,st-james-city-mn,"'St James, MN' now resolves to us:place:2757040 (St. James (city), MN)"
st-marys,us:place:3969680,st-marys-city-oh,"'City of St. Marys' now resolves to us:place:3969680 (St. Marys (city), OH)"
st-petersburg,us:place:1263000,st-petersburg-fl,"'City of St. Petersburg' now resolves to us:place:1263000 (St. Petersburg, FL)"
state-college-borough,us:place:4273808,state-college-pa,"'State College Borough' now resolves to us:place:4273808 (State College, PA)"
stillwater,us:place:2762824,stillwater-city-mn,"'City of Stillwater' now resolves to us:place:2762824 (Stillwater (city), MN)"
stjohns,ca:csd:1001519,st-john-s-nl,"'Stjohns' now resolves to ca:csd:1001519 (St. John's, NL)"
stockbridge,us:place:1373704,stockbridge-ga,"'Stockbridge' now resolves to us:place:1373704 (Stockbridge, GA)"
stoneham-ma,us:cousub:2501767665,stoneham-town-ma,"'Stoneham, MA' now resolves to us:cousub:2501767665 (Stoneham Town, MA)"
strathcona,us:place:2763130,strathcona-mn,"'Strathcona' now resolves to us:place:2763130 (Strathcona, MN)"
strathroy-caradoc,ca:csd:3539015,strathroy-caradoc-on,"'Strathroy Caradoc' now resolves to ca:csd:3539015 (Strathroy-Caradoc, ON)"
sturgeon-county,ca:csd:4811059,sturgeon-county-ab,"'Sturgeon County' now resolves to ca:csd:4811059 (Sturgeon County, AB)"
sturgis,us:place:4662100,sturgis-sd,"'City of Sturgis' now resolves to us:place:4662100 (Sturgis, SD)"
sturgis-mi,us:place:2676960,sturgis-city-mi,"'City of Sturgis, MI' now resolves to us:place:2676960 (Sturgis (city), MI)"
subtitles-county,rtr:us:ut:subtitles-county,subtitles-county-ut,"'Subtitles County' now resolves to rtr:us:ut:subtitles-county (Subtitles County, UT)"
sulphur,us:place:2273640,sulphur-la,"'Sulphur' now resolves to us:place:2273640 (Sulphur, LA)"
sumter-county,us:county:12119,sumter-county-fl,"'Sumter County' now resolves to us:county:12119 (Sumter County, FL)"
sun-valley,us:place:1678850,sun-valley-id,"'City of Sun Valley' now resolves to us:place:1678850 (Sun Valley, ID)"
sunnyvale,us:place:0677000,sunnyvale-ca,"'City of Sunnyvale' now resolves to us:place:0677000 (Sunnyvale, CA)"
sunset-valley-travis-county-tx,us:place:4871324,sunset-valley-tx,"'City of Sunset Valley, Travis County, TX' now resolves to us:place:4871324 (Sunset Valley, TX)"
sunshine-coast-regional-district-bc,ca:cd:5929,sunshine-coast-bc,"'Sunshine Coast Regional District, BC' now resolves to ca:cd:5929 (Sunshine Coast, BC)"
superior,us:place:5578650,superior-city-wi,"'City of Superior' now resolves to us:place:5578650 (Superior (city), WI)"
superior-wi,us:cousub:5503178675,superior-town-wi,"'Superior, WI' now resolves to us:cousub:5503178675 (Superior (town), WI)"
talbot-county,us:county:24041,talbot-county-md,"'Talbot County' now resolves to us:county:24041 (Talbot County, MD)"
tampa-d,rtr:us:fl:tampa-bay-water,tampa-bay-water-fl,"'City of Tampa D.' now resolves to rtr:us:fl:tampa-bay-water (Tampa Bay Water, FL)"
taylor-mi-city,us:place:2679000,taylor-mi,"'Taylor, MI City' now resolves to us:place:2679000 (Taylor, MI)"
tdsb,rtr:ca:on:toronto-district-school-board,toronto-district-school-board-on,"'Tdsb' now resolves to rtr:ca:on:toronto-district-school-board (Toronto District School Board, ON)"
tenafly-borough-nj,us:place:3472420,tenafly-nj,"'Tenafly Borough, NJ' now resolves to us:place:3472420 (Tenafly, NJ)"
thurston,us:cousub:3610173836,thurston-town-ny,"'Thurston' now resolves to us:cousub:3610173836 (Thurston Town, NY)"
toledo,us:place:3977000,toledo-oh,"'City of Toledo' now resolves to us:place:3977000 (Toledo, OH)"
tom-green,us:county:48451,tom-green-county-tx,"'Tom Green' now resolves to us:county:48451 (Tom Green County, TX)"
town-of-amherst,us:place:5101672,amherst-va,"'Town of Amherst' now resolves to us:place:5101672 (Amherst, VA)"
town-of-amherst-erie-county-ny,us:cousub:3602902000,amherst-town-ny,"'Town of Amherst, Erie County, NY' now resolves to us:cousub:3602902000 (Amherst Town, NY)"
town-of-amherstburg-on,ca:csd:3537028,amherstburg-on,"'Town of Amherstburg, ON' now resolves to ca:csd:3537028 (Amherstburg, ON)"
town-of-ashland,us:place:5103368,ashland-va,"'Town of Ashland' now resolves to us:place:5103368 (Ashland, VA)"
town-of-atherton-ca,us:place:0603092,atherton-ca,"'Town of Atherton, CA' now resolves to us:place:0603092 (Atherton, CA)"
town-of-babylon-ny,us:cousub:3610304000,babylon-town-ny,"'Town of Babylon, NY' now resolves to us:cousub:3610304000 (Babylon (town), NY)"
town-of-bedford-ny,us:cousub:3611905320,bedford-town-ny,"'Town of Bedford, NY' now resolves to us:cousub:3611905320 (Bedford Town, NY)"
town-of-bedford-va,us:place:5105544,bedford-va,"'Town of Bedford, VA' now resolves to us:place:5105544 (Bedford, VA)"
town-of-bethlehem-ny,us:cousub:3600106354,bethlehem-town-ny,"'Town of Bethlehem, NY' now resolves to us:cousub:3600106354 (Bethlehem Town, NY)"
town-of-blacksburg,us:place:5107784,blacksburg-va,"'Town of Blacksburg' now resolves to us:place:5107784 (Blacksburg, VA)"
town-of-blowing-rock-nc,us:place:3706500,blowing-rock-nc,"'Town of Blowing Rock, NC' now resolves to us:place:3706500 (Blowing Rock, NC)"
town-of-bonnyville-ab,ca:csd:4812009,bonnyville-ab,"'Town of Bonnyville, AB' now resolves to ca:csd:4812009 (Bonnyville, AB)"
town-of-bradford,us:place:4707860,bradford-tn,"'Town of Bradford' now resolves to us:place:4707860 (Bradford, TN)"
town-of-bristol,us:cousub:4400109280,bristol-town-ri,"'Town of Bristol' now resolves to us:cousub:4400109280 (Bristol Town, RI)"
town-of-brookhaven-ny,us:cousub:3610310000,brookhaven-town-ny,"'Town of Brookhaven NY' now resolves to us:cousub:3610310000 (Brookhaven Town, NY)"
town-of-burrillville-ri,us:cousub:4400711800,burrillville-town-ri,"'Town of Burrillville, RI' now resolves to us:cousub:4400711800 (Burrillville Town, RI)"
town-of-carrboro-nc,us:place:3710620,carrboro-nc,"'Town of Carrboro, NC' now resolves to us:place:3710620 (Carrboro, NC)"
town-of-cary-nc,us:place:3710740,cary-nc,"'Town of Cary, NC' now resolves to us:place:3710740 (Cary, NC)"
town-of-castle-rock,us:place:0812415,castle-rock-co,"'Town of Castle Rock' now resolves to us:place:0812415 (Castle Rock, CO)"
town-of-chenango-ny,us:cousub:3600715110,chenango-town-ny,"'Town of Chenango, NY' now resolves to us:cousub:3600715110 (Chenango Town, NY)"
town-of-chesapeake-beach-md,us:place:2415925,chesapeake-beach-md,"'Town of Chesapeake Beach, MD' now resolves to us:place:2415925 (Chesapeake Beach, MD)"
town-of-cobourg-on,ca:csd:3514021,cobourg-on,"'Town of Cobourg, ON' now resolves to ca:csd:3514021 (Cobourg, ON)"
town-of-collingwood-on,ca:csd:3543031,collingwood-on,"'Town of Collingwood, ON' now resolves to ca:csd:3543031 (Collingwood, ON)"
town-of-colma-ca,us:place:0614736,colma-ca,"'Town of Colma, CA' now resolves to us:place:0614736 (Colma, CA)"
town-of-conception-bay-south-nl,ca:csd:1001485,conception-bay-south-nl,"'Town of Conception Bay South, NL' now resolves to ca:csd:1001485 (Conception Bay South, NL)"
town-of-corte-madera-ca,us:place:0616462,corte-madera-ca,"'Town of Corte Madera, CA' now resolves to us:place:0616462 (Corte Madera, CA)"
town-of-cottage-grove-wi,us:cousub:5502517200,cottage-grove-town-wi,"'Town of Cottage Grove, WI' now resolves to us:cousub:5502517200 (Cottage Grove (town), WI)"
town-of-coventry,us:cousub:4400318640,coventry-town-ri,"'Town of Coventry' now resolves to us:cousub:4400318640 (Coventry Town, RI)"
town-of-cutler-bay-fl,us:place:1215968,cutler-bay-fl,"'Town of Cutler Bay, FL' now resolves to us:place:1215968 (Cutler Bay, FL)"
town-of-danville-ca,us:place:0617988,danville-ca,"'Town of Danville, CA' now resolves to us:place:0617988 (Danville, CA)"
town-of-davie-fl,us:place:1216475,davie-fl,"'Town of Davie, FL' now resolves to us:place:1216475 (Davie, FL)"
town-of-dewey-humboldt-az,us:place:0419145,dewey-humboldt-az,"'Town of Dewey-Humboldt, AZ' now resolves to us:place:0419145 (Dewey-Humboldt, AZ)"
town-of-edenton-nc,us:place:3720120,edenton-nc,"'Town of Edenton, NC' now resolves to us:place:3720120 (Edenton, NC)"
town-of-emerald-isle-nc,us:place:3721160,emerald-isle-nc,"'Town of Emerald Isle, NC' now resolves to us:place:3721160 (Emerald Isle, NC)"
town-of-erie-co,us:place:0824950,erie-co,"'Town of Erie, CO' now resolves to us:place:0824950 (Erie, CO)"
town-of-erin,us:place:4724320,erin-tn,"'Town of Erin' now resolves to us:place:4724320 (Erin, TN)"
town-of-fairfax-ca,us:place:0623168,fairfax-ca,"'Town of Fairfax, CA' now resolves to us:place:0623168 (Fairfax, CA)"
town-of-fishkill-ny,us:cousub:3602725978,fishkill-town-ny,"'Town of Fishkill, NY' now resolves to us:cousub:3602725978 (Fishkill (town), NY)"
town-of-forest-heights-md,us:place:2428725,forest-heights-md,"'Town of Forest Heights, MD' now resolves to us:place:2428725 (Forest Heights, MD)"
town-of-fort-erie-on,ca:csd:3526003,fort-erie-on,"'Town of Fort Erie, ON' now resolves to ca:csd:3526003 (Fort Erie, ON)"
town-of-fort-myers-beach-fl,us:place:1224150,fort-myers-beach-fl,"'Town of Fort Myers Beach, FL' now resolves to us:place:1224150 (Fort Myers Beach, FL)"
town-of-fraser,us:place:0828305,fraser-co,"'Town of Fraser' now resolves to us:place:0828305 (Fraser, CO)"
town-of-freeport,us:cousub:2300526525,freeport-town-me,"'Town of Freeport' now resolves to us:cousub:2300526525 (Freeport Town, ME)"
town-of-frisco,us:place:0828690,frisco-co,"'Town of Frisco' now resolves to us:place:0828690 (Frisco, CO)"
town-of-frisco-co,us:place:0828690,frisco-co,"'Town of Frisco, CO' now resolves to us:place:0828690 (Frisco, CO)"
town-of-fuquay-varina-nc,us:place:3725300,fuquay-varina-nc,"'Town of Fuquay-Varina, NC' now resolves to us:place:3725300 (Fuquay-Varina, NC)"
town-of-georgina-on,ca:csd:3519070,georgina-on,"'Town of Georgina, ON' now resolves to ca:csd:3519070 (Georgina, ON)"
town-of-grand-valley-on,ca:csd:3522010,grand-valley-on,"'Town of Grand Valley, ON' now resolves to ca:csd:3522010 (Grand Valley, ON)"
town-of-gray-me,us:cousub:2300528870,gray-town-me,"'Town of Gray, ME' now resolves to us:cousub:2300528870 (Gray Town, ME)"
town-of-halton-hills-on,ca:csd:3524015,halton-hills-on,"'Town of Halton Hills, ON' now resolves to ca:csd:3524015 (Halton Hills, ON)"
town-of-haymarket-va,us:place:5135976,haymarket-va,"'Town of Haymarket, VA' now resolves to us:place:5135976 (Haymarket, VA)"
town-of-hearst-on,ca:csd:3556076,hearst-on,"'Town of Hearst, ON' now resolves to ca:csd:3556076 (Hearst, ON)"
town-of-herndon,us:place:5136648,herndon-va,"'Town of Herndon' now resolves to us:place:5136648 (Herndon, VA)"
town-of-high-river-ab,ca:csd:4806006,high-river-ab,"'Town of High River, AB' now resolves to ca:csd:4806006 (High River, AB)"
town-of-hillsborough,us:cousub:3301136180,hillsborough-town-nh,"'Town of Hillsborough' now resolves to us:cousub:3301136180 (Hillsborough Town, NH)"
town-of-huntington,us:cousub:3610337000,huntington-town-ny,"'Town of Huntington' now resolves to us:cousub:3610337000 (Huntington Town, NY)"
town-of-lake-cowichan-bc,ca:csd:5919016,lake-cowichan-bc,"'Town of Lake Cowichan, BC' now resolves to ca:csd:5919016 (Lake Cowichan, BC)"
town-of-lauderdale-by-the-sea-fl,us:place:1239475,lauderdale-by-the-sea-fl,"'Town of Lauderdale-By-The-Sea, FL' now resolves to us:place:1239475 (Lauderdale-by-the-Sea, FL)"
town-of-leland,us:place:3737680,leland-nc,"'Town of Leland' now resolves to us:place:3737680 (Leland, NC)"
town-of-lincoln-ri,us:cousub:4400741500,lincoln-town-ri,"'Town of Lincoln, RI' now resolves to us:cousub:4400741500 (Lincoln Town, RI)"
town-of-los-gatos-ca,us:place:0644112,los-gatos-ca,"'Town of Los Gatos, CA' now resolves to us:place:0644112 (Los Gatos, CA)"
town-of-loxahatchee-groves-fl,us:place:1241577,loxahatchee-groves-fl,"'Town of Loxahatchee Groves, FL' now resolves to us:place:1241577 (Loxahatchee Groves, FL)"
town-of-mammoth-lakes-ca,us:place:0645358,mammoth-lakes-ca,"'Town of Mammoth Lakes, CA' now resolves to us:place:0645358 (Mammoth Lakes, CA)"
town-of-mills-river-nc,us:place:3743260,mills-river-nc,"'Town of Mills River, NC' now resolves to us:place:3743260 (Mills River, NC)"
town-of-milton-on,ca:csd:3524009,milton-on,"'Town of Milton, ON' now resolves to ca:csd:3524009 (Milton, ON)"
town-of-mono-on,ca:csd:3522012,mono-on,"'Town of Mono, ON' now resolves to ca:csd:3522012 (Mono, ON)"
town-of-moraga-ca,us:place:0649187,moraga-ca,"'Town of Moraga, CA' now resolves to us:place:0649187 (Moraga, CA)"
town-of-morinville-ab,ca:csd:4811068,morinville-ab,"'Town of Morinville, AB' now resolves to ca:csd:4811068 (Morinville, AB)"
town-of-new-tecumseth-on,ca:csd:3543007,new-tecumseth-on,"'Town of New Tecumseth, ON' now resolves to ca:csd:3543007 (New Tecumseth, ON)"
town-of-niagara-on-the-lake-on,ca:csd:3526047,niagara-on-the-lake-on,"'Town of Niagara-on-the-Lake, ON' now resolves to ca:csd:3526047 (Niagara-on-the-Lake, ON)"
town-of-north-castle-ny,us:cousub:3611951693,north-castle-town-ny,"'Town of North Castle, NY' now resolves to us:cousub:3611951693 (North Castle Town, NY)"
town-of-oakland-fl,us:place:1250525,oakland-fl,"'Town of Oakland, FL' now resolves to us:place:1250525 (Oakland, FL)"
town-of-oakville-on,ca:csd:3524001,oakville-on,"'Town of Oakville, ON' now resolves to ca:csd:3524001 (Oakville, ON)"
town-of-okotoks-ab,ca:csd:4806012,okotoks-ab,"'Town of Okotoks, AB' now resolves to ca:csd:4806012 (Okotoks, AB)"
town-of-orangeville,ca:csd:3522014,orangeville-on,"'Town of Orangeville' now resolves to ca:csd:3522014 (Orangeville, ON)"
town-of-palmer-lake-co,us:place:0857025,palmer-lake-co,"'Town of Palmer Lake, CO' now resolves to us:place:0857025 (Palmer Lake, CO)"
town-of-payson,us:place:0453700,payson-az,"'Town of Payson' now resolves to us:place:0453700 (Payson, AZ)"
town-of-pinetop-lakeside-az,us:place:0455980,pinetop-lakeside-az,"'Town of Pinetop-Lakeside, AZ' now resolves to us:place:0455980 (Pinetop-Lakeside, AZ)"
town-of-prescott-valley-az,us:place:0457450,prescott-valley-az,"'Town of Prescott Valley, AZ' now resolves to us:place:0457450 (Prescott Valley, AZ)"
town-of-rye,us:cousub:3611964320,rye-town-ny,"'Town of Rye' now resolves to us:cousub:3611964320 (Rye (town), NY)"
town-of-sahuarita-az,us:place:0462140,sahuarita-az,"'Town of Sahuarita, AZ' now resolves to us:place:0462140 (Sahuarita, AZ)"
town-of-san-anselmo-ca,us:place:0664434,san-anselmo-ca,"'Town of San Anselmo, CA' now resolves to us:place:0664434 (San Anselmo, CA)"
town-of-saugeen-shores-on,ca:csd:3541045,saugeen-shores-on,"'Town of Saugeen Shores, ON' now resolves to ca:csd:3541045 (Saugeen Shores, ON)"
town-of-secaucus-nj,us:place:3466570,secaucus-nj,"'Town of Secaucus, NJ' now resolves to us:place:3466570 (Secaucus, NJ)"
town-of-shelburne,ca:csd:3522021,shelburne-on,"'Town of Shelburne' now resolves to ca:csd:3522021 (Shelburne, ON)"
town-of-silver-city-nm,us:place:3573260,silver-city-nm,"'Town of Silver City, NM.' now resolves to us:place:3573260 (Silver City, NM)"
town-of-silverthorne-co,us:place:0870525,silverthorne-co,"'Town of Silverthorne, CO' now resolves to us:place:0870525 (Silverthorne, CO)"
town-of-skowhegan-me,us:cousub:2302568910,skowhegan-town-me,"'Town of Skowhegan, ME' now resolves to us:cousub:2302568910 (Skowhegan Town, ME)"
town-of-slave-lake-ab,ca:csd:4817029,slave-lake-ab,"'Town of Slave Lake, AB' now resolves to ca:csd:4817029 (Slave Lake, AB)"
town-of-snowmass-village-co,us:place:0871755,snowmass-village-co,"'Town of Snowmass Village, CO' now resolves to us:place:0871755 (Snowmass Village, CO)"
town-of-southwick-ma,us:cousub:2501365825,southwick-town-ma,"'Town of Southwick, MA' now resolves to us:cousub:2501365825 (Southwick Town, MA)"
town-of-sullivan-ny,us:cousub:3605371993,sullivan-town-ny,"'Town of Sullivan, NY' now resolves to us:cousub:3605371993 (Sullivan Town, NY)"
town-of-surfside-beach,us:place:4570585,surfside-beach-sc,"'Town of Surfside Beach' now resolves to us:place:4570585 (Surfside Beach, SC)"
town-of-surfside-fl,us:place:1270075,surfside-fl,"'Town of Surfside, FL' now resolves to us:place:1270075 (Surfside, FL)"
town-of-tiburon-ca,us:place:0678666,tiburon-ca,"'Town of Tiburon, CA' now resolves to us:place:0678666 (Tiburon, CA)"
town-of-tillsonburg-on,ca:csd:3532004,tillsonburg-on,"'Town of Tillsonburg, ON' now resolves to ca:csd:3532004 (Tillsonburg, ON)"
town-of-topsail-beach-nc,us:place:3768040,topsail-beach-nc,"'Town of Topsail Beach, NC' now resolves to us:place:3768040 (Topsail Beach, NC)"
town-of-troutman-nc,us:place:3768500,troutman-nc,"'Town of Troutman, NC' now resolves to us:place:3768500 (Troutman, NC)"
town-of-vulcan-ab,ca:csd:4805006,vulcan-ab,"'Town of Vulcan, AB' now resolves to ca:csd:4805006 (Vulcan, AB)"
town-of-wappinger-ny,us:cousub:3602778157,wappinger-town-ny,"'Town of Wappinger, NY' now resolves to us:cousub:3602778157 (Wappinger Town, NY)"
town-of-wasaga-beach-on,ca:csd:3543064,wasaga-beach-on,"'Town of Wasaga Beach, ON' now resolves to ca:csd:3543064 (Wasaga Beach, ON)"
town-of-waxhaw-nc,us:place:3771460,waxhaw-nc,"'Town of Waxhaw, NC' now resolves to us:place:3771460 (Waxhaw, NC)"
town-of-waynesville,us:place:3771500,waynesville-nc,"'Town of Waynesville' now resolves to us:place:3771500 (Waynesville, NC)"
town-of-webster,us:place:3771600,webster-nc,"'Town of Webster' now resolves to us:place:3771600 (Webster, NC)"
town-of-weston-wi,us:place:5586025,weston-village-wi,"'Town of Weston, WI' now resolves to us:place:5586025 (Weston (village), WI)"
town-of-whitby-on,ca:csd:3518009,whitby-on,"'Town of Whitby, ON' now resolves to ca:csd:3518009 (Whitby, ON)"
town-of-whitchurch-stouffville-on,ca:csd:3519044,whitchurch-stouffville-on,"'Town of Whitchurch-Stouffville, ON' now resolves to ca:csd:3519044 (Whitchurch-Stouffville, ON)"
town-of-winchendon-ma,us:cousub:2502780405,winchendon-town-ma,"'Town of Winchendon, MA' now resolves to us:cousub:2502780405 (Winchendon Town, MA)"
town-of-windham-me,us:cousub:2300586025,windham-town-me,"'Town of Windham, ME' now resolves to us:cousub:2300586025 (Windham Town, ME)"
town-of-windsor,us:place:0685922,windsor-ca,"'Town of Windsor' now resolves to us:place:0685922 (Windsor, CA)"
town-of-yarmouth-ns,ca:csd:1202006,yarmouth-ns,"'Town of Yarmouth, NS' now resolves to ca:csd:1202006 (Yarmouth, NS)"
town-of-yorktown-ny,us:cousub:3611984077,yorktown-town-ny,"'Town of Yorktown, NY' now resolves to us:cousub:3611984077 (Yorktown Town, NY)"
town-of-zionsville-in,us:place:1886372,zionsville-in,"'Town of Zionsville, IN' now resolves to us:place:1886372 (Zionsville, IN)"
township-of-adjala-tosorontio-on,ca:csd:3543003,adjala-tosorontio-on,"'Township of Adjala-Tosorontio, ON' now resolves to ca:csd:3543003 (Adjala-Tosorontio, ON)"
township-of-branchburg-nj,us:cousub:3403507180,branchburg-township-nj,"'Township of Branchburg, NJ' now resolves to us:cousub:3403507180 (Branchburg Township, NJ)"
township-of-brock,ca:csd:3518039,brock-on,"'Township Of Brock' now resolves to ca:csd:3518039 (Brock, ON)"
township-of-centre-wellington-on,ca:csd:3523025,centre-wellington-on,"'Township of Centre Wellington, ON' now resolves to ca:csd:3523025 (Centre Wellington, ON)"
township-of-front-of-yonge-on,ca:csd:3507017,front-of-yonge-on,"'Township of Front of Yonge, ON' now resolves to ca:csd:3507017 (Front of Yonge, ON)"
township-of-grosse-ile-mi,us:cousub:2616335420,grosse-ile-township-mi,"'Township of Grosse Ile, MI' now resolves to us:cousub:2616335420 (Grosse Ile Township, MI)"
township-of-otonabee-south-monaghan-on,ca:csd:3515005,otonabee-south-monaghan-on,"'Township of Otonabee-South Monaghan, ON' now resolves to ca:csd:3515005 (Otonabee-South Monaghan, ON)"
township-of-ramara-on,ca:csd:3543019,ramara-on,"'Township of Ramara, ON' now resolves to ca:csd:3543019 (Ramara, ON)"
township-of-severn,us:cousub:3809371860,severn-township-nd,"'Township of Severn' now resolves to us:cousub:3809371860 (Severn Township, ND)"
tracy,us:place:0680238,tracy-ca,"'City of Tracy' now resolves to us:place:0680238 (Tracy, CA)"
travis,us:county:48453,travis-county-tx,"'Travis' now resolves to us:county:48453 (Travis County, TX)"
troy-nh,us:cousub:3300577380,troy-town-nh,"'Troy, NH' now resolves to us:cousub:3300577380 (Troy Town, NH)"
tuolumne,us:county:06109,tuolumne-county-ca,"'Tuolumne' now resolves to us:county:06109 (Tuolumne County, CA)"
tustin,us:place:0680854,tustin-ca,"'City of Tustin' now resolves to us:place:0680854 (Tustin, CA)"
twinsburg-oh,us:place:3978050,twinsburg-city-oh,"'Twinsburg, OH' now resolves to us:place:3978050 (Twinsburg (city), OH)"
ukiah,us:place:0681134,ukiah-ca,"'Ukiah' now resolves to us:place:0681134 (Ukiah, CA)"
union-city,us:place:0681204,union-city-ca,"'Union City' now resolves to us:place:0681204 (Union City, CA)"
union-county,us:county:37179,union-county-nc,"'Union County' now resolves to us:county:37179 (Union County, NC)"
unknown-jurisdiction,us:place:0620956,east-palo-alto-ca,"'Unknown Jurisdiction' now resolves to us:place:0620956 (East Palo Alto, CA)"
upper-dublin-pa,us:cousub:4209179008,upper-dublin-township-pa,"'Upper Dublin, PA' now resolves to us:cousub:4209179008 (Upper Dublin Township, PA)"
vacaville-unified-school-district,us:sd:0640590,vacaville-unified-school-district-ca,"'Vacaville Unified School District' now resolves to us:sd:0640590 (Vacaville Unified School District, CA)"
van-buren-tn,us:county:47175,van-buren-county-tn,"'Van Buren, TN' now resolves to us:county:47175 (Van Buren County, TN)"
venice,us:place:1273900,venice-fl,"'Venice' now resolves to us:place:1273900 (Venice, FL)"
ventura,us:place:1980580,ventura-ia,"'City of Ventura' now resolves to us:place:1980580 (Ventura, IA)"
ventura-ca,us:county:06111,ventura-county-ca,"'Ventura, CA' now resolves to us:county:06111 (Ventura County, CA)"
vermillion-sd,us:place:4666700,vermillion-city-sd,"'Vermillion, SD' now resolves to us:place:4666700 (Vermillion (city), SD)"
verona,us:place:5582600,verona-city-wi,"'City of Verona' now resolves to us:place:5582600 (Verona (city), WI)"
victor-ny,us:place:3677376,victor-village-ny,"'Victor, NY' now resolves to us:place:3677376 (Victor (village), NY)"
victoria,ca:csd:5917034,victoria-bc,"'Victoria' now resolves to ca:csd:5917034 (Victoria, BC)"
village-of-addison-il,us:place:1700243,addison-village-il,"'Village of Addison, IL' now resolves to us:place:1700243 (Addison (village), IL)"
village-of-barrington-hills-il,us:place:1703883,barrington-hills-il,"'Village of Barrington Hills, IL' now resolves to us:place:1703883 (Barrington Hills, IL)"
village-of-brookfield,us:place:1708576,brookfield-village-il,"'Village of Brookfield' now resolves to us:place:1708576 (Brookfield (village), IL)"
village-of-brown-deer-wi,us:place:5510375,brown-deer-wi,"'Village of Brown Deer, WI' now resolves to us:place:5510375 (Brown Deer, WI)"
village-of-carpentersville-il,us:place:1711358,carpentersville-il,"'Village of Carpentersville, IL' now resolves to us:place:1711358 (Carpentersville, IL)"
village-of-cooperstown,us:place:3618047,cooperstown-ny,"'Village of Cooperstown' now resolves to us:place:3618047 (Cooperstown, NY)"
village-of-cottage-grove-wi,us:place:5517175,cottage-grove-village-wi,"'Village of Cottage Grove, WI' now resolves to us:place:5517175 (Cottage Grove (village), WI)"
village-of-cross-plains-wi,us:place:5517775,cross-plains-village-wi,"'Village of Cross Plains, WI' now resolves to us:place:5517775 (Cross Plains (village), WI)"
village-of-fredonia-wi,us:place:5527550,fredonia-village-wi,"'Village of Fredonia, WI' now resolves to us:place:5527550 (Fredonia (village), WI)"
village-of-galena,us:place:3929148,galena-oh,"'Village of Galena' now resolves to us:place:3929148 (Galena, OH)"
village-of-glen-ellyn-il,us:place:1729756,glen-ellyn-il,"'Village of Glen Ellyn, IL' now resolves to us:place:1729756 (Glen Ellyn, IL)"
village-of-hanover-park-il,us:place:1732746,hanover-park-il,"'Village of Hanover Park, IL' now resolves to us:place:1732746 (Hanover Park, IL)"
village-of-mokena-il,us:place:1749854,mokena-il,"'Village of Mokena, IL' now resolves to us:place:1749854 (Mokena, IL)"
village-of-monee-il,us:place:1749945,monee-village-il,"'Village of Monee, IL' now resolves to us:place:1749945 (Monee (village), IL)"
village-of-moreland-hills-oh,us:place:3952052,moreland-hills-oh,"'Village of Moreland Hills, OH' now resolves to us:place:3952052 (Moreland Hills, OH)"
village-of-northfield,us:place:1753663,northfield-village-il,"'Village of Northfield' now resolves to us:place:1753663 (Northfield (village), IL)"
village-of-patchogue-ny,us:place:3656660,patchogue-ny,"'Village of Patchogue, NY' now resolves to us:place:3656660 (Patchogue, NY)"
village-of-pinecrest-fl,us:place:1256625,pinecrest-fl,"'Village of Pinecrest, FL' now resolves to us:place:1256625 (Pinecrest, FL)"
village-of-rye-brook-ny,us:place:3664325,rye-brook-ny,"'Village of Rye Brook, NY' now resolves to us:place:3664325 (Rye Brook, NY)"
village-of-skokie-il,us:place:1770122,skokie-il,"'Village of Skokie, IL' now resolves to us:place:1770122 (Skokie, IL)"
village-of-tequesta-fl,us:place:1271525,tequesta-fl,"'Village of Tequesta, FL' now resolves to us:place:1271525 (Tequesta, FL)"
village-of-university-park,us:place:1776935,university-park-il,"'Village Of University Park' now resolves to us:place:1776935 (University Park, IL)"
village-of-wellington-fl,us:place:1275812,wellington-fl,"'Village of Wellington, FL' now resolves to us:place:1275812 (Wellington, FL)"
village-of-whitefish-bay-wi,us:place:5586700,whitefish-bay-wi,"'Village of Whitefish Bay, WI' now resolves to us:place:5586700 (Whitefish Bay, WI)"
virginia,us:state:51,state-of-virginia,'Virginia' now resolves to us:state:51 (State of Virginia)
virginia-senate,us:state:51,state-of-virginia,'Virginia Senate' now resolves to us:state:51 (State of Virginia)
vista,us:place:0682996,vista-ca,"'City of Vista' now resolves to us:place:0682996 (Vista, CA)"
wake,us:county:37183,wake-county-nc,"'Wake' now resolves to us:county:37183 (Wake County, NC)"
wakefield-ma,us:cousub:2501772215,wakefield-town-ma,"'Wakefield, MA' now resolves to us:cousub:2501772215 (Wakefield Town, MA)"
walnut-creek,us:place:0683346,walnut-creek-ca,"'City of Walnut Creek' now resolves to us:place:0683346 (Walnut Creek, CA)"
walworth-county,us:county:55127,walworth-county-wi,"'Walworth County' now resolves to us:county:55127 (Walworth County, WI)"
walworth-wi,us:place:5583250,walworth-village-wi,"'Walworth, WI' now resolves to us:place:5583250 (Walworth (village), WI)"
waukesha-wi,us:place:5584250,waukesha-city-wi,"'City of Waukesha, WI' now resolves to us:place:5584250 (Waukesha (city), WI)"
wayne,us:place:2684940,wayne-city-mi,"'City of Wayne' now resolves to us:place:2684940 (Wayne (city), MI)"
wellington,us:place:1275812,wellington-fl,"'Wellington' now resolves to us:place:1275812 (Wellington, FL)"
westfield,us:place:3479040,westfield-nj,"'Westfield' now resolves to us:place:3479040 (Westfield, NJ)"
westminster,us:place:0684550,westminster-ca,"'City of Westminster' now resolves to us:place:0684550 (Westminster, CA)"
westport-ct,us:cousub:0919083500,westport-town-ct,"'Westport, CT' now resolves to us:cousub:0919083500 (Westport Town, CT)"
whitehouse,us:place:4878388,whitehouse-tx,"'City of Whitehouse' now resolves to us:place:4878388 (Whitehouse, TX)"
whitewater-wi,us:place:5586925,whitewater-city-wi,"'Whitewater, WI' now resolves to us:place:5586925 (Whitewater (city), WI)"
williams-county,us:county:38105,williams-county-nd,"'Williams County' now resolves to us:county:38105 (Williams County, ND)"
wilmington,us:place:3774440,wilmington-nc,"'Wilmington' now resolves to us:place:3774440 (Wilmington, NC)"
wilson-county-schools-tn,us:sd:4704550,wilson-county-school-district-tn,"'Wilson County Schools, TN' now resolves to us:sd:4704550 (Wilson County School District, TN)"
winchester,us:county:51840,winchester-city-va,"'Winchester' now resolves to us:county:51840 (Winchester city, VA)"
windsor-ct,us:cousub:0911087000,windsor-town-ct,"'Windsor, CT' now resolves to us:cousub:0911087000 (Windsor Town, CT)"
winona,us:place:2771032,winona-mn,"'Winona' now resolves to us:place:2771032 (Winona, MN)"
winter-park,us:place:1278300,winter-park-fl,"'Winter Park' now resolves to us:place:1278300 (Winter Park, FL)"
woodbury,us:county:19193,woodbury-county-ia,"'Woodbury' now resolves to us:county:19193 (Woodbury County, IA)"
woodland,us:place:0686328,woodland-ca,"'Woodland' now resolves to us:place:0686328 (Woodland, CA)"
woodstock-il,us:place:1783349,woodstock-city-il,"'City of Woodstock, IL' now resolves to us:place:1783349 (Woodstock (city), IL)"
woonsocket,us:place:4480780,woonsocket-ri,"'City of Woonsocket' now resolves to us:place:4480780 (Woonsocket, RI)"
worthington-oh,us:place:3986604,worthington-city-oh,"'Worthington, OH' now resolves to us:place:3986604 (Worthington (city), OH)"
yarmouth-ma,us:cousub:2500182525,yarmouth-town-ma,"'Yarmouth, MA' now resolves to us:cousub:2500182525 (Yarmouth Town, MA)"
