tenant_host,match,gov_id,strength,source,evidence,gov_name,solid_pages,weak_pages
allegheny.granicus.com,,us:county:42003,fallback,archive_study_2026-09-09,2 solid page(s) all us:county:42003; 1 weak page(s) e.g. /m/subtitles-county-2026-07-14-county-council-on-2026-07-14-5-00-pm,Allegheny County,2,1
ashlandcowi.portal.civicclerk.com,,us:county:55003,fallback,archive_study_2026-09-09,2 solid page(s) all us:county:55003; 2 weak page(s) e.g. /m/ashland-wi-2025-06-17-planning-committee-meeting,Ashland County,2,2
battlegroundps.new.swagit.com,,us:sd:5300380,fallback,archive_study_2026-09-09,1 solid page(s) all us:sd:5300380; 1 weak page(s) e.g. /m/dec-08-2025-board-of-directors,Battle Ground School District,1,1
bcnv.primegov.com,,us:place:3206500,fallback,archive_study_2026-09-09,2 solid page(s) all us:place:3206500; 1 weak page(s) e.g. /m/2026-05-20-may-20-2026-planning-commission-meeting,Boulder City city,2,1
brookhavenny.portal.civicclerk.com,,us:cousub:3610310000,fallback,archive_study_2026-09-09,1 solid page(s) all us:cousub:3610310000; 1 weak page(s) e.g. /m/farmingville-ny-2026-06-11-town-board-meeting-planning-board-at-3pm-town-board-a,Brookhaven town,1,1
brookingscountysd.gov,,us:county:46011,fallback,archive_study_2026-09-09,1 solid page(s) all us:county:46011; 1 weak page(s) e.g. /m/2026-05-28-agenda-center,Brookings County,1,1
buenapark.cablecast.tv,,us:place:0608786,fallback,archive_study_2026-09-09,1 solid page(s) all us:place:0608786; 2 weak page(s) e.g. /m/2026-07-23-bp-planning-commission-july-22-2026,Buena Park city,1,2
camarillo.primegov.com,,us:place:0610046,fallback,archive_study_2026-09-09,2 solid page(s) all us:place:0610046; 1 weak page(s) e.g. /m/2026-01-06-camarillo-planning-commission-1-06-2026,Camarillo city,2,1
carteretcountync.gov,,us:county:37031,fallback,archive_study_2026-09-09,1 solid page(s) all us:county:37031; 1 weak page(s) e.g. /m/2026-08-17-board-of-commissioners-meeting-august-17th,Carteret County,1,1
carync.cablecast.tv,,us:place:3710740,fallback,archive_study_2026-09-09,1 solid page(s) all us:place:3710740; 2 weak page(s) e.g. /m/2026-07-24-cary-council-meeting-july-23-2026,Cary town,1,2
cerritos.cablecast.tv,,us:place:0612552,fallback,archive_study_2026-09-09,2 solid page(s) all us:place:0612552; 1 weak page(s) e.g. /m/2026-08-18-senior-services-commission-special-meeting-august-18-2026,Cerritos city,2,1
charlescountymd.cablecast.tv,,us:county:24017,fallback,archive_study_2026-09-09,1 solid page(s) all us:county:24017; 2 weak page(s) e.g. /m/2026-08-17-planning-commission-august-17-2026,Charles County,1,2
cityofbrea.cablecast.tv,,us:place:0608100,fallback,archive_study_2026-09-09,1 solid page(s) all us:place:0608100; 2 weak page(s) e.g. /m/2026-07-22-july-21-2026-brea-city-council-meeting,Brea city,1,2
cityofdellrapids.granicus.com,,us:place:4615980,fallback,archive_study_2026-09-09,1 solid page(s) all us:place:4615980; 1 weak page(s) e.g. /m/city-of-dell-rapids-sd-2020-11-16-city-council-regular-meeting,Dell Rapids city,1,1
cityofelgin.granicus.com,,us:place:1723074,fallback,archive_study_2026-09-09,1 solid page(s) all us:place:1723074; 1 weak page(s) e.g. /m/city-of-elgin-il-2021-08-25-city-of-elgin-committee-of-the-whole-meeting-august,Elgin city,1,1
cityofmenifee.primegov.com,,us:place:0646842,fallback,archive_study_2026-09-09,2 solid page(s) all us:place:0646842; 1 weak page(s) e.g. /m/city-of-menifee-nbsp-ca-2019-12-05-regular-meeting-12-05-2019,Menifee city,2,1
cityofoxford.granicus.com,,us:place:3959234,fallback,archive_study_2026-09-09,1 solid page(s) all us:place:3959234; 1 weak page(s) e.g. /m/city-of-oxford-oh-2022-09-20-city-council-meeting,Oxford city,1,1
cityofredlands.cablecast.tv,,us:place:0659962,fallback,archive_study_2026-09-09,2 solid page(s) all us:place:0659962; 2 weak page(s) e.g. /m/2026-07-22-redlands-city-council-meeting-july-21-2026,Redlands city,2,2
cityofstillwater.granicus.com,,us:place:2762824,fallback,archive_study_2026-09-09,1 solid page(s) all us:place:2762824; 1 weak page(s) e.g. /m/city-of-stillwater-2024-12-05-12-05-2024-2025-road-projects,Stillwater city,1,1
desplainesil.cablecast.tv,,us:place:1719642,fallback,archive_study_2026-09-09,2 solid page(s) all us:place:1719642; 2 weak page(s) e.g. /m/2026-08-03-city-council-meeting-8-3-2026,Des Plaines city,2,2
duluth-mn.granicus.com,,us:place:2717000,fallback,archive_study_2026-09-09,1 solid page(s) all us:place:2717000; 2 weak page(s) e.g. /m/city-of-duluth-2026-01-26-city-council-on-2026-01-26-6-00-pm,Duluth city,1,2
huntingtonny.granicus.com,,us:cousub:3610337000,fallback,archive_study_2026-09-09,4 solid page(s) all us:cousub:3610337000; 1 weak page(s) e.g. /m/town-of-huntington-long-island-ny-2026-09-03-special-town-board-workshop-meeting,Huntington town,4,1
lewisvilleisd.granicus.com,,us:sd:4827300,fallback,archive_study_2026-09-09,1 solid page(s) all us:sd:4827300; 1 weak page(s) e.g. /m/unknown-jurisdiction-2026-01-06-board-work-session-01-06-2026,Lewisville Independent School District,1,1
manitowoc.granicus.com,,us:place:5548500,fallback,archive_study_2026-09-09,1 solid page(s) all us:place:5548500; 2 weak page(s) e.g. /m/city-of-manitowoc-wi-2025-11-04-common-council-on-2025-11-04-5-00-pm-special-mee,Manitowoc city,1,2
natronacounty-wy.gov,,us:county:56025,fallback,archive_study_2026-09-09,1 solid page(s) all us:county:56025; 1 weak page(s) e.g. /m/2026-07-20-natrona-county-board-of-county-commissioners-july-20-2026,Natrona County,1,1
northsalemschools.granicus.com,,us:sd:3621180,fallback,archive_study_2026-09-09,1 solid page(s) all us:sd:3621180; 1 weak page(s) e.g. /m/unknown-jurisdiction-meet-the-candidates-2023,North Salem Central School District,1,1
nwsccc-crystal.granicus.com,,us:place:2714158,fallback,archive_study_2026-09-09,1 solid page(s) all us:place:2714158; 1 weak page(s) e.g. /m/city-of-crystal-2024-05-15-city-council-meeting,Crystal city,1,1
octa.granicus.com,,us:place:3957918,fallback,archive_study_2026-09-09,1 solid page(s) all us:place:3957918; 1 weak page(s) e.g. /m/orange-county-transportation-authority-2026-08-24-board-meeting-auto-generated-t,Octa village,1,1
pcbgov.granicus.com,,us:place:1254725,fallback,archive_study_2026-09-09,2 solid page(s) all us:place:1254725; 1 weak page(s) e.g. /m/pcb-gov-city-council,Panama City Beach city,2,1
portagemi.cablecast.tv,,us:place:2665560,fallback,archive_study_2026-09-09,1 solid page(s) all us:place:2665560; 2 weak page(s) e.g. /m/2026-08-06-planning-commission-meeting-8-6-26,Portage city,1,2
prescottvalley.primegov.com,,us:place:0457450,fallback,archive_study_2026-09-09,2 solid page(s) all us:place:0457450; 1 weak page(s) e.g. /m/2026-01-08-archived-regular-town-council-meeting-thursday-january-8-2026,Prescott Valley town,2,1
pub-bradfordwestgwillimbury.escribemeetings.com,,ca:csd:3543014,fallback,archive_study_2026-09-09,1 solid page(s) all ca:csd:3543014; 1 weak page(s) e.g. /m/bradfordwestgwillimbury-2024-08-06-regular-council-and-committee-of-the-whole,Bradford West Gwillimbury,1,1
pub-chulavista.escribemeetings.com,,us:place:0613392,fallback,archive_study_2026-09-09,3 solid page(s) all us:place:0613392; 1 weak page(s) e.g. /m/chula-vista-public-comments-2026-05-19-city-council-meeting,Chula Vista city,3,1
pub-elliotlake.escribemeetings.com,,ca:csd:3557041,fallback,archive_study_2026-09-09,3 solid page(s) all ca:csd:3557041; 1 weak page(s) e.g. /m/elliot-lake-gis-services-ssmic-2025-12-08-council,Elliot Lake,3,1
pub-hainescity.escribemeetings.com,,us:place:1228400,fallback,archive_study_2026-09-09,2 solid page(s) all us:place:1228400; 1 weak page(s) e.g. /m/haines-city-settlement-fl-2025-07-03-city-commission-meeting,Haines City city,2,1
pub-palmdesert.escribemeetings.com,,us:place:0655184,fallback,archive_study_2026-09-09,2 solid page(s) all us:place:0655184; 1 weak page(s) e.g. /m/palm-desert-city-negotiator-2026-06-25-resolutions-related-to-the-adoption-of-th,Palm Desert city,2,1
pub-westkelowna.escribemeetings.com,,ca:csd:5935029,fallback,archive_study_2026-09-09,1 solid page(s) all ca:csd:5935029; 1 weak page(s) e.g. /m/west-kelowna-council-chambers-2023-12-12-regular-council-meeting,West Kelowna,1,1
reno.primegov.com,,us:place:3260600,fallback,archive_study_2026-09-09,2 solid page(s) all us:place:3260600; 1 weak page(s) e.g. /m/city-of-reno-logo-nv-2026-01-07-reno-city-planning-commission-january-7-2026,Reno city,2,1
rochestermn.granicus.com,,us:place:2754880,fallback,archive_study_2026-09-09,4 solid page(s) all us:place:2754880; 1 weak page(s) e.g. /m/rochester-mn-city-council,Rochester city,4,1
siouxcityschools.new.swagit.com,,us:place:1973335,fallback,archive_study_2026-09-09,1 solid page(s) all us:place:1973335; 1 weak page(s) e.g. /m/jan-24-2022-special-board-meeting-sioux-city-community-school-district,Sioux City city,1,1
southorangetwpnj.portal.civicclerk.com,,us:cousub:3401369274,fallback,archive_study_2026-09-09,2 solid page(s) all us:cousub:3401369274; 1 weak page(s) e.g. /m/2026-08-20-historic-preservation-commission-regular-meeting,South Orange Village township,2,1
spokanevalley.granicus.com,,us:place:5367167,fallback,archive_study_2026-09-09,1 solid page(s) all us:place:5367167; 2 weak page(s) e.g. /m/the-city-of-spokane-valley-2026-07-07-council-meeting,Spokane Valley city,1,2
villageofgreenport.granicus.com,,us:place:3630576,fallback,archive_study_2026-09-09,1 solid page(s) all us:place:3630576; 1 weak page(s) e.g. /m/unknown-jurisdiction-board-of-trustees-work-session-fh,Greenport village,1,1
walworthcowi.portal.civicclerk.com,,us:county:55127,fallback,archive_study_2026-09-09,1 solid page(s) all us:county:55127; 1 weak page(s) e.g. /m/walworth-wi-2026-07-20-july-20-2026-land-conservation-committee-lcc,Walworth County,1,1
waukee.gov,,us:place:1982695,fallback,archive_study_2026-09-09,1 solid page(s) all us:place:1982695; 1 weak page(s) e.g. /m/2026-08-19-waukee-city-council-meeting-august-17-2026,Waukee city,1,1
waukesha.granicus.com,,us:place:5584250,fallback,archive_study_2026-09-09,1 solid page(s) all us:place:5584250; 1 weak page(s) e.g. /m/city-of-waukesha-wi-2022-05-31-finance-committee-on-2022-05-31-6-00-pm,Waukesha city,1,1
wausau-wi.cablecast.tv,,us:place:5584475,fallback,archive_study_2026-09-09,1 solid page(s) all us:place:5584475; 1 weak page(s) e.g. /m/2025-07-14-wausau-school-board-meeting-7-14-25,Wausau city,1,1
