family,match,pages
castus,vod/andover/,1
castus,vod/vero-beach/,1
castus,vod/waterford-media/,1
champds,/elpasococo/,1
champds,/fonddulacwi/,1
clerkshq,cumberland-ri,1
clerkshq,pawtucket-ri,1
clerkshq,scituate-ri,1
clerkshq,southkingstownschools-ri,1
clerkshq,westwarwick-ri,1
destiny,id=62673,1
destiny,id=96635,1
telvue,player/-11ipagMwR9uJX6KR7gKxXlphFR7CXkX,1
telvue,player/0bfLByeZXfZHVlpy5BHT5v2arkggCWuH,1
telvue,player/0l61qrd2cTIyQzYJ0oHNRYLt8lmyVn7U,1
telvue,player/0xevl1Y-G4MlrcS7VDCjMf9uhAElnooJ,1
telvue,player/4jeRlBTetCoFJdyT5ssIvBrB9VUvRN0M,1
telvue,player/4y0ZeULE62_pQWmSNIW7pHr0dygnDXt1,1
telvue,player/56Yd51yoRNeGH3VD7EmsB_bfASrkIN1O,1
telvue,player/5ZgpAPx0jUMwAvILE2CIBql85kdlcB1R,1
telvue,player/7qWlRaZ6VN1bGk9m5qlLrPdu4-4i7cSa,1
telvue,player/8JdGjc3XQkMBaO9P3bcFxCGYEllvhnOn,1
telvue,player/9GoxOSjmC7wxhZd_91MzDBO_wwXycvDQ,1
telvue,player/BVZzsOwkEDxca5y_v_Nub8EKlqfYch_y,1
telvue,player/BYZxzRoRv7IoaYynQYVU7BGYzrtXvUiD,1
telvue,player/DlmmPfdsX2xkVdFmHGUnNrmtSQmz1Apm,1
telvue,player/HDwuV3is8s5nNzWpdoDe7ey1dmO7F3CA,1
telvue,player/Hejq7tDUseFZXc46e8pIxdl8NpmSEupd,1
telvue,player/KGL-y_dHhCluQTy7c6YoVBzzQ5eHj7Lr,1
telvue,player/LGze1WqTsE8jwTKC--4xu4kSh8jPjdoJ,1
telvue,player/LyAOBTaTsnn_CnwjwcB5-VoxQtyoKR1P,1
telvue,player/Mzn4uOy-GIuW4rtdO2jlZmP3EE1WywoM,1
telvue,player/O1KDXxYafTFWNyJDAq7WcuvJ9u9YH6tS,1
telvue,player/SoyiaNCvnOa3EtFnUDtaDbkyi72cpHJx,1
telvue,player/TDGUxXaDdkMUZKBTU1_JxP2_g1gEpRjc,1
telvue,player/UWZJjir_fJaDicoMbxYCe2L-uxkXiZpX,1
telvue,player/Uf_haH9SRhiC9hGsGoevnFKJwHM7n6eY,1
telvue,player/bHwwzKX3TkapuHPqY4J6DEAclNWGbbch,1
telvue,player/bjF2_CaOyvFqx0n0Wp4DVGakWmOU3Nb9,1
telvue,player/c0gKv9ZUF0uiidDafFfESDZA5EkkJp7L,1
telvue,player/dQtoDvlZYDOtqaf7eRn9z2lb1Nb6EZzu,1
telvue,player/dUV4zRmTRozlQCcEFvNjPG1gVU50zdtj,1
telvue,player/gmcC3sJ6AGUdIb568B18VQd22AGea7RE,1
telvue,player/iE0p5N2b-Se5BhxS-3KDrHfUWzLHfku2,1
telvue,player/kt_qf7YDXf53OIbY2RvweNBwZfUjIgei,1
telvue,player/lfzlfeW2jHTLCtEU2AKNyEA0B8A5stMI,1
telvue,player/mtJUUUldXjgiMF_-BUta9TSEaNgCdk_N,1
telvue,player/o6Qh7LIjgTymwx6gz6NDiPtbRpz9SB6B,1
telvue,player/q7D_V5L-tyPxVhi3t2I9JQQll2kXxih5,1
telvue,player/rb5Cd5C4A-90O1S3556SjZ8grdhFAYJy,1
telvue,player/sC8tLrxdhpB-glnrjAZCtQ9j-SiG_2lw,1
telvue,player/uClcIN88BHKHJoveFoaVN_8_5Tg72P0o,1
telvue,player/wLxG13-ZqUKHD7csDRSPQnZyL6Fkk_SG,1
telvue,player/xa8kw8xwXTOpLL7Jqu2ziyDyu12QqaFy,1
telvue,player/yycCAZPb0NN3zj2o5qio-YFMNC43NjCG,1
townhall,location_id=108,1
townhall,location_id=47,1
townhall,location_id=87,1
vimeo,channel=cityofwheaton,2
vimeo,channel=citysalisburync,1
vimeo,channel=hopkinsschools,1
vimeo,channel=kinetixcreative,1
vimeo,channel=ludington,1
vimeo,channel=user169834336,1
vimeo,channel=user197876963,1
vimeo,channel=user627206,1
youtube,channel=@ACHDIdaho,2
youtube,channel=@AzureFieldsCharterHighSchool,5
youtube,channel=@BenMarriott,2
youtube,channel=@BoroughofBrooklawn,1
youtube,channel=@COBMeetings,5
youtube,channel=@CamdenCountyBOC,1
youtube,channel=@CharlestownIN,2
youtube,channel=@CityOfCambridgeOn,5
youtube,channel=@CityOfIndependenceKS,1
youtube,channel=@CityOfStMarys,1
youtube,channel=@CityofBeavercreekOhio,1
youtube,channel=@CityofBedfordOH,1
youtube,channel=@CityofBelmontNC,1
youtube,channel=@CityofCrookstonChannel,2
youtube,channel=@CityofFarmersvilleCA,1
youtube,channel=@CityofFulton,1
youtube,channel=@CityofGridley685,1
youtube,channel=@CityofHilliard1,1
youtube,channel=@CityofIthacaPublicMeetings,1
youtube,channel=@CityofKechiKS,1
youtube,channel=@CityofLafayetteIN,1
youtube,channel=@CityofLakeForestCA1991,2
youtube,channel=@CityofLongview,1
youtube,channel=@CityofMadisonSD,2
youtube,channel=@CityofMontroseMN,1
youtube,channel=@CityofNewtonKS,2
youtube,channel=@CityofSpringHillKansas,1
youtube,channel=@CityofSulphur,1
youtube,channel=@CityofSuperior,1
youtube,channel=@CityofWatertown,1
youtube,channel=@CityofWestminsterMD,2
youtube,channel=@CityofWoodburyMN,1
youtube,channel=@ClearwaterCounty,1
youtube,channel=@CostaMesaSanitary,2
youtube,channel=@CountyofJackson,1
youtube,channel=@DearbornGov,1
youtube,channel=@FarmingtonMNGov,2
youtube,channel=@GCTVHD,1
youtube,channel=@GreenleeCountyAZ,1
youtube,channel=@HintonAB,1
youtube,channel=@KSATnews,1
youtube,channel=@Knowpickens,1
youtube,channel=@LADWPBoard,2
youtube,channel=@MPFPD,2
youtube,channel=@MalvernBorough,2
youtube,channel=@MontgomeryMunicipalCable,1
youtube,channel=@MunicipalityofPortHope,2
youtube,channel=@NCCDE,1
youtube,channel=@PANDATVNOW,2
youtube,channel=@PawtucketCityCouncil,1
youtube,channel=@RyeTown2014,2
youtube,channel=@SANDAGmeetings,4
youtube,channel=@SLRD_bc,1
youtube,channel=@SouthKingstownSchoolComm-ql4ji,1
youtube,channel=@SubletteCountyPublicMeetings,1
youtube,channel=@SussexNJ,2
youtube,channel=@TooeleSchools,1
youtube,channel=@TownOfWestfield,2
youtube,channel=@TownofAmherstMA01002,1
youtube,channel=@TownofBerlinMd,1
youtube,channel=@TownofVictorNewYork,1
youtube,channel=@VillageofBrookfield8820,2
youtube,channel=@WSCSSheboygan,1
youtube,channel=@WasatchFrontWaste,5
youtube,channel=@WestonWI,1
youtube,channel=@WilliamsburgGov,2
youtube,channel=@WilmotTownshipChannel,2
youtube,channel=@abdulelsayed,1
youtube,channel=@aberdeenwa732,1
youtube,channel=@authorityclerk3042,1
youtube,channel=@brightonontario5202,2
youtube,channel=@btnsocialmedia7587,2
youtube,channel=@cannonfallstv,1
youtube,channel=@city.nelson,2
youtube,channel=@citymanagerCG,1
youtube,channel=@cityofamsterdamny5062,2
youtube,channel=@cityofbangor,1
youtube,channel=@cityofbuckley,1
youtube,channel=@cityofclintoniowa2437,1
youtube,channel=@cityofcolumbus,1
youtube,channel=@cityofcrestview1916,1
youtube,channel=@cityofduncan1832,3
youtube,channel=@cityofeaston,2
youtube,channel=@cityofevanston,1
youtube,channel=@cityoffenton2006,1
youtube,channel=@cityoffremont296,1
youtube,channel=@cityofhawarden295,2
youtube,channel=@cityofhighwoodchannel1979,1
youtube,channel=@cityofhotsprings,1
youtube,channel=@cityoflincoln6104,1
youtube,channel=@cityofmarioniowa1979,1
youtube,channel=@cityofmillersburg611,3
youtube,channel=@cityofnewcarlisle,1
youtube,channel=@cityofnewfranklin2587,1
youtube,channel=@cityofosawatomieks,1
youtube,channel=@cityofpaloalto,2
youtube,channel=@cityofparamount,1
youtube,channel=@cityofpellaiowa-government6652,1
youtube,channel=@cityofportage2651,2
youtube,channel=@cityofriverbankcalifornia,1
youtube,channel=@cityofriverfalls,1
youtube,channel=@cityofrogersmn,1
youtube,channel=@cityofsheridan1890,1
youtube,channel=@cityofst.george,1
youtube,channel=@cityofsturgismichigan3113,1
youtube,channel=@cityofumatilla,1
youtube,channel=@cityofventura,2
youtube,channel=@cityofverona,1
youtube,channel=@cityofwalker,2
youtube,channel=@cityofwaverly4608,2
youtube,channel=@columbuswisconsin,3
youtube,channel=@cumberlandtowncouncil,1
youtube,channel=@cvwdboardmeetings32,2
youtube,channel=@districtofnorthsaanich9877,1
youtube,channel=@easthamptonmediagovernment3358,1
youtube,channel=@franklincountyvaboardofsup5010,1
youtube,channel=@fredoniawi,1
youtube,channel=@greatsaltlakesalinityadvisory,4
youtube,channel=@greenwichcommunitytelevisi9441,1
youtube,channel=@grimmlifecollective,1
youtube,channel=@hamdenactionnow3528,1
youtube,channel=@hpa-tv2860,2
youtube,channel=@jacksoncounty1715,1
youtube,channel=@jurupaarearecreationandpar5818,1
youtube,channel=@kendallcounty,1
youtube,channel=@lawrencecounty168,1
youtube,channel=@lawrenceksvideo,1
youtube,channel=@leecountyportauthority5605,1
youtube,channel=@lethcounty_official,2
youtube,channel=@magnawaterdistrictmwd4909,9
youtube,channel=@mattgubbels4693,1
youtube,channel=@misdirector5910,1
youtube,channel=@monroecountygovny,1
youtube,channel=@montgomerycountyalabama2839,1
youtube,channel=@mountainviewcountyAB,2
youtube,channel=@mywaltonfl,2
youtube,channel=@newmarketmd21774,1
youtube,channel=@newtowntownshipdelawarecou785,2
youtube,channel=@niagarafallsontario,3
youtube,channel=@norfolkcounty1073,2
youtube,channel=@northernrockiesregionalmun972,1
youtube,channel=@ottawaksgov,1
youtube,channel=@plymouthtownshipmichigan8139,1
youtube,channel=@prcitygov,3
youtube,channel=@qathetregionaldistrict1782,1
youtube,channel=@richlandvideoguy,1
youtube,channel=@rockawaytownshipcouncil,1
youtube,channel=@rooseveltcity6115,1
youtube,channel=@rtvnet6,2
youtube,channel=@sd57pg67,2
youtube,channel=@sidneybccouncil,3
youtube,channel=@sonomalibrary,1
youtube,channel=@southbridgecable,1
youtube,channel=@tazewellcountypublicschool3114,1
youtube,channel=@thecityofnorthbay,2
youtube,channel=@townandcountrymissouri,1
youtube,channel=@townharrison9486,1
youtube,channel=@townofbabylon5410,2
youtube,channel=@townofbancroft3890,3
youtube,channel=@townofcoaldale48,3
youtube,channel=@townofcottagegrovewi5717,1
youtube,channel=@townoflincolnon,1
youtube,channel=@townofprescottontario,1
youtube,channel=@townofprinceton3869,3
youtube,channel=@townofvoluntownct-governme3895,1
youtube,channel=@townofwebster7836,1
youtube,channel=@townofyountville-localgove3696,1
youtube,channel=@townshipleeds1233,2
youtube,channel=@townshipofmapleton1082,3
youtube,channel=@utahcommerce4928,4
youtube,channel=@utahdepartmentofnaturalres4046,7
youtube,channel=@utahdivisionofforestryfire8455,1
youtube,channel=@vermillioncitycouncil5801,2
youtube,channel=@villageofcottagegrovewi839,2
youtube,channel=@villageoflagrange_official,1
youtube,channel=@villageoflisbonwi,1
youtube,channel=@villageofmonee4389,2
youtube,channel=@villageofnorthfield,1
youtube,channel=@westcountywastewater,1
youtube,channel=@westwarwicktowncouncil2067,1
youtube,channel=@wfrcvideo,16
