gov_id,city_name,state_or_province,country,population_estimate,domain,platform,reject_reason,example_meeting_url,example_agenda_or_calendar_url,alternate_domains,alternate_urls
us:county:02164,Lake and Peninsula Borough,Alaska,United States,1357,lakeandpen.com,civicweb,meeting-without-video,,https://lakeandpen.civicweb.net/filepro/documents,,
us:county:02195,Petersburg Borough,Alaska,United States,3394,petersburg.granicus.com,granicus,no-platform-link-found,https://petersburg.granicus.com/MediaPlayer.php?clip_id=2235&view_id=2,,ci.petersburg.ak.us,
us:place:0282200,Valdez city,Alaska,United States,3681,valdez.granicus.com,granicus,no-platform-link-found,https://valdez.granicus.com/player/clip/2246?view_id=3,http://www.valdezak.gov/agendas,valdezak.gov,
ca:csd:4802013,Coalhurst,Alberta,Canada,2869,coalhurst.ca,civicweb,meeting-without-video,,https://coalhurst.community-ca.diligentoneplatform.com/Portal,,
ca:csd:4807012,Coronation,Alberta,Canada,868,town.coronation.ab.ca,civicweb,meeting-without-video,,https://coronation.civicweb.net/filepro/documents/,coronation.ca,
ca:csd:4819074,Grimshaw,Alberta,Canada,2601,grimshaw.ca,civicweb,meeting-without-video,,https://grimshaw.civicweb.net/portal/,,
ca:csd:4807048,Hardisty,Alberta,Canada,548,hardisty.ca,civicweb,meeting-without-video,,https://hardisty.civicweb.net/Portal/MeetingTypeList.aspx,,
ca:csd:4803014,Pincher Creek,Alberta,Canada,3622,pinchercreek.ca,escribe,meeting-without-video,,https://pub-pinchercreek.escribemeetings.com/,,
ca:csd:4817097,Rainbow Lake,Alberta,Canada,495,rainbowlake.ca,civicweb,meeting-without-video,,https://rainbowlake.civicweb.net/portal/,,
ca:csd:4808044,Rimbey,Alberta,Canada,2470,rimbey.com,civicweb,meeting-without-video,,https://rimbey.civicweb.net/Portal/MeetingTypeList.aspx,,
ca:csd:4807044,Sedgewick,Alberta,Canada,761,sedgewick.ca,civicweb,meeting-without-video,,https://sedgewick.civicweb.net/Portal/,,
us:place:0419145,Dewey-Humboldt town,Arizona,United States,4604,dhaz.granicus.com,granicus,no-platform-link-found,https://dhaz.granicus.com/player/clip/1385?view_id=2,https://dhaz.gov/QuickLinks.aspx?CID=71,dhaz.gov,
us:place:0535500,Johnson city,Arkansas,United States,3684,cityofjohnson.com,municode_meetings,meeting-without-video,,https://cityofjohnsonar.sites.thrillshare.com/page/minutes-and-agendas,,
us:place:0548560,Nashville city,Arkansas,United States,3945,nashar.gov,cablecast,meeting-without-video,http://nashville.cablecast.tv/internetchannel/show/14395?site=1,https://www.nashar.org/page/nashville-ordinances-resolutions-agenda,nashar.org,
ca:csd:5951022,Burns Lake,British Columbia,Canada,1659,burnslake.ca,escribe,meeting-without-video,,https://pub-burnslake.escribemeetings.com/?FillWidth=1,,
ca:csd:5955010,Chetwynd,British Columbia,Canada,2302,gochetwynd.com,escribe,meeting-without-video,,https://pub-chetwynd.escribemeetings.com/?FillWidth=1,,
ca:csd:5933067,Clearwater,British Columbia,Canada,2388,districtofclearwater.com,civicweb,meeting-without-video,,https://districtofclearwater.civicweb.net/Portal,,
ca:csd:5905005,Fruitvale,British Columbia,Canada,1958,fruitvale.ca,civicweb,meeting-without-video,,https://fruitvale.civicweb.net/document/46406,,
ca:csd:5905032,Grand Forks,British Columbia,Canada,4112,pub-grand-forks.escribemeetings.com,escribe,meeting-without-video,https://pub-grand-forks.escribemeetings.com/Meeting.aspx?Id=0a99c7a9-840b-4a61-832d-b6975a2855e5&Agenda=PostMinutes&lang=English,https://trust.escribemeetings.com/TrustCenter,grandforks.ca,
ca:csd:5949022,Hazelton,British Columbia,Canada,257,hazelton.ca,escribe,meeting-without-video,,https://pub-hazelton.escribemeetings.com/?FillWidth=1,,
ca:csd:5917049,Highlands,British Columbia,Canada,2482,highlands.ca,civicweb,meeting-without-video,,https://highlandsbc.community-ca.diligentoneplatform.com/Portal,,
ca:csd:5951034,Houston,British Columbia,Canada,3052,houston.ca,civicweb,meeting-without-video,,https://houston.civicweb.net/filepro/documents,,
ca:csd:5955025,Hudson's Hope,British Columbia,Canada,841,hudsonshope.ca,escribe,meeting-without-video,,https://pub-hudsonshope.escribemeetings.com/?FillWidth=1,,
ca:csd:5921008,Lantzville,British Columbia,Canada,3817,pub-lantzville.escribemeetings.com,escribe,,https://lantzville.civicweb.net/Portal/MeetingInformation.aspx?Id=82,https://pub-lantzville.escribemeetings.com/Meeting.aspx?Agenda=Agenda&Id=c6b2d96b-73e8-490d-8243-a3dfc75b3a6e&lang=English,lantzville.ca,
ca:csd:5903050,Nakusp,British Columbia,Canada,1589,nakusp.com,civicweb,meeting-without-video,,https://nakusp.civicweb.net/filepro/documents/4616,,
ca:csd:5931012,Pemberton,British Columbia,Canada,3407,pemberton.ca,escribe,meeting-without-video,,https://pub-pemberton.escribemeetings.com/?FillWidth=1,,
us:place:0636434,Indian Wells city,California,United States,4992,indianwells.granicus.com,escribe,,https://indianwells.granicus.com/player/clip/567?view_id=2,https://pub-indianwells.escribemeetings.com/Meeting.aspx?Agenda=Agenda&Id=030d939b-e2e8-46ac-9c35-3c8a2b9bf9a7&lang=English,,
us:place:0859830,Pitkin town,Colorado,United States,74,pitkincounty.granicus.com,granicus,no-platform-link-found,https://pitkincounty.granicus.com/player/clip/627?view_id=2,,,
us:place:0871755,Snowmass Village town,Colorado,United States,2965,snowmassvillage.granicus.com,granicus,no-platform-link-found,https://snowmassvillage.granicus.com/player/clip/1577,https://tosvco.portal.civicclerk.com/,tosv.com,
us:place:1033120,Harrington city,Delaware,United States,3974,harringtondelaware.gov,civicweb,meeting-without-video,,https://cityofharrington.civicweb.net/Portal/Default.aspx,harrington.delaware.gov,
us:place:1204150,Bay Lake city,Florida,United States,19,rcid.org,escribe,no-platform-link-found,,,,
us:place:1209625,Bushnell city,Florida,United States,3157,cityofbushnellfl.com,vimeo,meeting-without-video,,https://player.vimeo.com/video/70080096?h=dc533513bb&portfolio_id=168353,,
us:place:1237625,Lake Buena Vista city,Florida,United States,25,rcid.org,escribe,no-platform-link-found,,,,
us:place:1274925,Waldo city,Florida,United States,814,waldo-fl.com,escribe,meeting-without-video,,https://pub-alachuacounty.escribemeetings.com/,,
us:place:1316460,Clarkesville city,Georgia,United States,2186,clarkesvillega.com,granicus,no-platform-link-found,,,,
us:place:1348232,Lyons city,Georgia,United States,4260,lyonsga.gov,iqm2,meeting-without-video,https://lyonsga.iqm2.com/Citizens/Board,https://lyonsga.gov/government/city_council_leadership.php,lyonsga.org,
us:county:13259,Stewart County,Georgia,United States,4631,stewartcountyga.gov,wistia,,https://gasos.wistia.com/medias/mgldoxzyjk,,,
us:place:1376364,Thunderbolt town,Georgia,United States,2534,thunderboltga.org,municode_meetings,meeting-without-video,,https://thunderboltga.org/government/mayor___council_members/request_to_be_on_council_agenda.php,,
us:place:1378036,Tybee Island city,Georgia,United States,3156,cityoftybee.gov,cablecast,meeting-without-video,https://reflect-vod-cityoftybee.cablecast.tv/CablecastPublicSite/watch-now?site=1,https://cityoftybee.gov/129/Agendas-Minutes,cityoftybee.org,
us:place:1703883,Barrington Hills village,Illinois,United States,4086,vbhil.granicus.com,granicus,no-platform-link-found,https://vbhil.granicus.com/player/clip/492?view_id=1,https://barringtonhills-il.gov/village-board-of-trustees/,barringtonhills-il.gov,
us:place:1735866,Hometown city,Illinois,United States,4191,hometown.cablecast.tv,cablecast,,http://hometown.cablecast.tv/show/209?site=1,,cityofhometown.org,
us:place:1800820,Albion town,Indiana,United States,2261,albion-in.org,vimeo,meeting-without-video,,https://vimeo.com/140685552,albionin.org,
us:place:1853352,New Palestine town,Indiana,United States,3621,townofnewpalestine.org,civicweb,meeting-without-video,,https://www.newpalestine.in.gov/agendasandminutes,,
us:place:1923115,Dyersville city,Iowa,United States,4574,cityofdyersville.com,cablecast,meeting-without-video,,,,
us:place:1980445,Van Meter city,Iowa,United States,1978,vanmeteria.gov,civicclerk,no-platform-link-found,,,,
us:place:1985845,Williamsburg city,Iowa,United States,3408,williamsburgiowa.gov,civicweb,no-platform-link-found,https://williamsburg.civicweb.net/Portal/MeetingInformation.aspx?Id=1209,,,
us:place:2001975,Anthony city,Kansas,United States,2034,anthonykansas.org,municode_meetings,meeting-without-video,,https://anthony-ks.municodemeetings.com/,,
us:county:20093,Kearny County,Kansas,United States,3888,kearny.iqm2.com,iqm2,no-video-found,,https://kearny.iqm2.com/Citizens/default.aspx,kearnycountykansas.com,
us:place:2123968,Edmonton city,Kentucky,United States,1713,pub-edmonton.escribemeetings.com,escribe,meeting-without-video,https://pub-edmonton.escribemeetings.com/Meeting.aspx?Agenda=Agenda&Id=6f5d15ef-01bf-411b-8af1-0b22d2f92009&Item=54&Tab=attachments&lang=English,https://trust.escribemeetings.com/TrustCenter,cityofedmontonky.com,
us:place:2183172,Wilder city,Kentucky,United States,3108,wilderky.gov,cablecast,no-meeting-nor-video,https://reflect-campbellcounty.cablecast.tv/internetchannel/show/60286?site=1,https://wilderky.gov/vacation-watch-request-form/,,
us:place:2267215,St. Francisville town,Louisiana,United States,1484,stfrancisville.net,vimeo,no-meeting-nor-video,,,,
us:place:2609000,Blissfield village,Michigan,United States,3262,blissfieldmichigan.gov,civicweb,no-platform-link-found,https://blissfield.civicweb.net/filepro/documents?expanded=28,https://blissfieldmichigan.gov/village-council/,,
us:place:2610160,Breckenridge village,Michigan,United States,1265,breckenridgemi.com,vimeo,no-platform-link-found,,,,
us:place:2636800,Harrison city,Michigan,United States,2171,cityofharrison-mi.gov,civicweb,no-meeting-nor-video,https://cityofharrisonmi.civicweb.net/Portal/,https://cityofharrison-mi.gov/city-council/,,
us:place:2641340,Ithaca city,Michigan,United States,2807,ithacami.com,vimeo,meeting-without-video,,https://www.ithacami.com/government/council/,,
us:place:2644940,Lake Orion village,Michigan,United States,2900,lakeorionmi.iqm2.com,iqm2,no-video-found,,https://lakeorionmi.iqm2.com/Citizens/default.aspx,lakeorion.org,
us:place:2657220,New Buffalo city,Michigan,United States,1685,cityofnewbuffalomi.gov,proudcity,no-platform-link-found,,https://cityofnewbuffalomi.gov/departments/public-meetings/,cityofnewbuffalo.org,
us:place:2674980,South Haven city,Michigan,United States,4002,south-haven.granicus.com,granicus,,https://south-haven.granicus.com/player/clip/663?view_id=4,,south-haven.com;southhavenmi.gov;southhaven.com,
us:place:2688420,Woodland village,Michigan,United States,422,villageofwoodlandmi.gov,civicweb,no-meeting-nor-video,https://woodland.civicweb.net/Portal/MeetingInformation.aspx?Id=5913,https://villageofwoodlandmi.gov/documents/august-2026-council-minutes/,,
us:place:2703574,Barnesville city,Minnesota,United States,2767,barnesvillemn.com,civicweb,meeting-without-video,,https://barnesvillemn.community.diligentoneplatform.com/Portal,,
us:place:2705014,Beltrami city,Minnesota,United States,86,minnesotapuc.granicus.com,granicus,no-platform-link-found,https://minnesotapuc.granicus.com/MediaPlayer.php?clip_id=27,,co.beltrami.mn.us,
us:place:2712430,Cokato city,Minnesota,United States,2793,cokato.mn.us,viebit,meeting-without-video,,http://cokato.viebit.com/,,
us:place:2719358,Empire city,Minnesota,United States,3063,empiremn.gov,granicus,no-platform-link-found,,,,
us:place:2720078,Excelsior city,Minnesota,United States,2316,excelsiormn.gov,civicclerk,no-platform-link-found,https://excelsiormn.portal.civicclerk.com/event/3241/media,https://excelsiormn.gov/422/Agendas-Minutes,ci.excelsior.mn.us,
us:place:2734865,Lake St. Croix Beach city,Minnesota,United States,1005,govoffice.com,vimeo,no-meeting-nor-video,,https://us02web.zoom.us/j/9924417375?pwd=dmJGMXgzMmFMSzZGNWptaUNUclg4Zz09 Meeting ID: 992 441 7375 Passcode: 5vh1rw,lscb.govoffice.com;ci.lakestcroixbeach.mn.us,
us:place:2736800,Lewiston city,Minnesota,United States,1514,lewistonmn.org,granicus,,,,,
us:place:2740310,Mapleton city,Minnesota,United States,1622,mapletonmn.gov,civicweb,no-platform-link-found,https://mapleton.civicweb.net/Portal/MeetingInformation.aspx?Id=359,,,
us:place:2751064,Pine City city,Minnesota,United States,3820,pinecitymn.gov,civicweb,meeting-without-video,,https://pinecitygovoffice.civicweb.net/Portal,pinecity.govoffice.com,
us:place:2754060,Rice Lake city,Minnesota,United States,4169,ricelakecitymn.com,civicweb,meeting-without-video,,https://ricelakecitymn.civicweb.net/Portal,ricelakecitymn.gov,
us:place:2765956,Two Harbors city,Minnesota,United States,3443,twoharborsmn.gov,cablecast,,https://reflect-two-harbors.cablecast.tv/CablecastPublicSite/show/10633?site=1,https://twoharborsmn.gov/government/agendas_notices_minutes/index.php,,
us:place:2768764,Waverly city,Minnesota,United States,2293,waverlymn.gov,civicweb,no-platform-link-found,https://waverly.civicweb.net/Portal/MeetingInformation.aspx?Id=18903,,waverlymn.org,
us:county:30107,Wheatland County,Montana,United States,2100,pub-wheatland.escribemeetings.com,escribe,no-video-found,,https://pub-wheatland.escribemeetings.com/Meeting.aspx?Agenda=Agenda&Id=fea9c5f7-4221-4442-8558-6c1b656247f0&lang=English,harlowtonchamber.com,
ca:csd:1302037,St. Stephen,New Brunswick,Canada,4510,town.ststephen.nb.ca,escribe,no-platform-link-found,,,,
us:place:3416660,Deal borough,New Jersey,United States,894,dealnj.gov,vimeo,no-platform-link-found,,,dealborough.com,
us:place:3434530,Island Heights borough,New Jersey,United States,1731,islandheightsborough.gov,telvue,meeting-without-video,https://videoplayer.telvue.com/player/Oq-7wKYBCUdINOcteEjoqtecwb8aAN1v/stream/1103?fullscreen=true&showtabssearch=false&show_title_description_summary=false&autostart=true,https://videoplayer.telvue.com/player/Oq-7wKYBCUdINOcteEjoqtecwb8aAN1v/stream/1103?fullscreen=true&showtabssearch=false&show_title_description_summary=false&autostart=true,,
us:place:3464320,Rocky Hill borough,New Jersey,United States,751,rockyhill-nj.gov,iqm2,,,http://rockyhillnj.iqm2.com/Citizens/Detail_Motion.aspx?Frame=&MeetingID=1161&MinutesID=1143&MediaPosition=&ID=4331&Type=80&CssClass=%20style=,,
us:place:3465400,Saddle River borough,New Jersey,United States,3430,saddleriver.gov,granicus,meeting-without-video,,https://saddleriver.gov/calendar,saddleriver.org,
us:place:3610341,Buchanan village,New York,United States,2629,buchananny.gov,vimeo,meeting-without-video,https://vimeo.com/605162153,https://buchananny.gov/community/videos-special-events.html,villageofbuchanan.com,
us:place:3622183,East Hampton village,New York,United States,1552,ehamptonny.gov,iqm2,meeting-without-video,https://easthamptontown.iqm2.com/Citizens/Default.aspx,https://ehamptonny.gov/agendacenter,easthamptonvillage.org,
us:place:3625967,Fishkill village,New York,United States,2147,fishkilltownny.iqm2.com,iqm2,no-video-found,http://fishkilltownny.iqm2.com/Citizens/SplitView.aspx?Format=Minu&MeetingID=1738&Mode=Video,https://vofishkill.gov/boards-and-committees-village-of-fishkill/,vofishkill.us;fishkill-ny.gov,
us:place:3630576,Greenport village,New York,United States,2590,greenportny.iqm2.com,iqm2,no-video-found,,http://greenportny.iqm2.com/Citizens/Detail_LegiFile.aspx?Frame=&MeetingID=1076&MediaPosition=&ID=2316&CssClass=,villageofgreenport.org,
us:place:3680186,West Hampton Dunes village,New York,United States,120,whdunes.gov,proudcity,no-meeting-nor-video,,,,
us:place:3700640,Alamance village,North Carolina,United States,1061,pub-alamance-nc.escribemeetings.com,escribe,no-video-found,,https://pub-alamance-nc.escribemeetings.com/cdn-cgi/content?id=6j93yPTfk3tNzGyNaQ.vrKFvbtnu_nG91rfrBg_MDCg-1789120365.2498028-1.2.1.1-MMv7Frg90ACxtii350FFOBODJV.6tnRFk0IcXkzgqXDl29d3nrXQLJnvIjRrWNXg,villageofalamance.com,
us:place:3710680,Carthage town,North Carolina,United States,3070,townofcarthage.org,granicus,meeting-without-video,,https://www.townofcarthage.org/Government/Meeting-Agendas,,
us:place:3713000,Cleveland town,North Carolina,United States,902,townofclevelandnc.gov,vimeo,no-platform-link-found,,,,
us:place:3727420,Granite Falls town,North Carolina,United States,4964,granitefallsnc.gov,granicus,meeting-without-video,,https://granitefallsnc.gov/councildocuments,granitefallsnc.com,
us:place:3736220,Kure Beach town,North Carolina,United States,2145,townofkurebeach.org,civicweb,meeting-without-video,,https://townofkurebeach.civicweb.net/document/54660?record=false,,
us:place:3736514,Lake Santeetlah town,North Carolina,United States,44,townoflakesanteetlah.org,wistia,,https://edmundsgovtech.wistia.com/medias/cmc7wzifwc,,,
us:place:3736860,Landis town,North Carolina,United States,3885,townoflandisnc.gov,municode_meetings,meeting-without-video,,https://landis-nc.municodemeetings.com/,townoflandis.com,
us:place:3739480,Lowell city,North Carolina,United States,3939,lowellnc.gov,proudcity,,https://www.youtube.com/watch?v=XDoV94W6oIk,https://lowellnc.gov/departments/public-meetings/,lowellnc.com,
us:place:3766360,Swansboro town,North Carolina,United States,4174,swansboro-nc.org,municode_meetings,,https://swansboro-nc.municodemeetings.com/bc-boardcommissioners/page/board-commissioners-116,,,
us:place:3768500,Troutman town,North Carolina,United States,4336,troutmannc.granicus.com,granicus,no-platform-link-found,https://troutmannc.granicus.com/player/clip/70,https://troutmannc.gov/181/Agendas-Minutes,townoftroutman.org;troutmannc.gov,
us:place:3773660,Whiteville city,North Carolina,United States,4765,whitevillenc.gov,granicus,meeting-without-video,https://whiteville.granicus.com/MediaPlayer.php?view_id=1&clip_id=388,https://whiteville.granicus.com/ViewPublisher.php?view_id=1,,
us:county:38065,Oliver County,North Dakota,United States,1898,pub-oliver.escribemeetings.com,escribe,meeting-without-video,https://pub-oliver.escribemeetings.com/Meeting.aspx?Agenda=Agenda&Id=e1e0450b-d89d-4b85-8b28-7ae632ad67d5&lang=English,https://trust.escribemeetings.com/TrustCenter,olivercountynd.org,
us:place:3957918,Octa village,Ohio,United States,58,octa.granicus.com,granicus,,https://octa.granicus.com/player/clip/2924,,,
us:place:3983902,West Milton village,Ohio,United States,4871,westmiltonohio.gov,proudcity,no-meeting-nor-video,https://www.youtube.com/watch?v=dKSIrbDom3M,,,
us:place:4033700,Hennessey town,Oklahoma,United States,2207,hennesseyok.org,civicweb,meeting-without-video,,https://hennesseyok.community.diligentoneplatform.com/Portal/Default.aspx,hennesseyok.gov,
us:place:4041700,Laverne town,Oklahoma,United States,1189,laverneca.new.swagit.com,swagit,no-meeting-nor-video,https://laverneca.new.swagit.com/videos/344576,,laverneok.org;townoflaverne.org,
ca:csd:3522008,Amaranth,Ontario,Canada,4327,www.amaranth.ca,escribe,meeting-without-video,,https://pub-amaranth.escribemeetings.com/?FillWidth=1&wmode=transparent,,http://www.amaranth.ca/en/index.aspx
ca:csd:3556014,Black River-Matheson,Ontario,Canada,2572,www.twpbrm.ca,civicweb,no-platform-link-found,,,,
ca:csd:3549066,Callander,Ontario,Canada,3964,mycallander.ca,civicweb,meeting-without-video,,https://callander.civicweb.net/document/136640/,,
ca:csd:3512026,Centre Hastings,Ontario,Canada,4801,www.centrehastings.com,civicweb,meeting-without-video,,https://centrehastings.civicweb.net/Portal/,,
ca:csd:3547096,Deep River,Ontario,Canada,4175,www.deepriver.ca,civicweb,meeting-without-video,,https://deepriver.civicweb.net/Portal/MeetingTypeList.aspx,,
ca:csd:3534030,Dutton/Dunwich,Ontario,Canada,4152,www.duttondunwich.on.ca,escribe,meeting-without-video,,https://pub-duttondunwich.escribemeetings.com/?FillWidth=1,,
ca:csd:3512058,Faraday,Ontario,Canada,1612,www.faraday.ca,civicweb,meeting-without-video,,https://faraday.civicweb.net/Portal/,,
ca:csd:3546005,Highlands East,Ontario,Canada,3830,www.highlandseast.ca,civicweb,meeting-without-video,,https://highlandseast.civicweb.net/Portal/MeetingSchedule.aspx,,
ca:csd:3557096,Hornepayne,Ontario,Canada,968,www.townshipofhornepayne.ca,civicweb,no-platform-link-found,,,,
ca:csd:3544027,Lake of Bays,Ontario,Canada,3759,www.lakeofbays.on.ca,civicweb,meeting-without-video,,https://lakeofbays.civicweb.net/filepro/documents/,,
ca:csd:3552013,Markstay-Warren,Ontario,Canada,2708,www.markstay-warren.ca,escribe,no-platform-link-found,,,,
ca:csd:3509001,Montague,Ontario,Canada,3914,www.township.montague.on.ca,civicweb,no-meeting-nor-video,,,,
ca:csd:3538018,Oil Springs,Ontario,Canada,647,www.oilsprings.ca,civicweb,no-platform-link-found,,,,
ca:csd:3507008,Prescott,Ontario,Canada,4078,www.prescott.ca,escribe,no-platform-link-found,,,,
ca:csd:3558041,Red Rock,Ontario,Canada,895,www.redrocktownship.com,civicweb,no-meeting-nor-video,,,,
ca:csd:3557008,St. Joseph,Ontario,Canada,1426,www.stjosephtownship.com,escribe,no-platform-link-found,,,,
ca:csd:3552004,St.-Charles,Ontario,Canada,1357,www.stcharlesontario.ca,escribe,no-platform-link-found,,,,
ca:csd:3512001,Tyendinaga,Ontario,Canada,4538,www.tyendinagatownship.com,civicweb,meeting-without-video,,https://tyendinagatownship.civicweb.net/portal/,,
ca:csd:3538043,Warwick,Ontario,Canada,3641,www.warwicktownship.ca,civicweb,no-platform-link-found,,,,
ca:csd:3512054,Wollaston,Ontario,Canada,721,wollaston.ca,civicweb,meeting-without-video,,https://wollaston.civicweb.net/filepro/documents/30214/,,
us:place:4137250,Jefferson city,Oregon,United States,3299,jeffco.granicus.com,granicus,no-platform-link-found,https://jeffco.granicus.com/player/clip/363?view_id=1,,jeffersonoregon.org,
us:place:4182350,Willamina city,Oregon,United States,2276,willaminaoregon.gov,proudcity,meeting-without-video,,,,
us:place:4184200,Yachats city,Oregon,United States,1013,yachatsoregon.org,civicclerk,,https://yachatsor.portal.civicclerk.com/event/1157/media,,ci.yachats.or.us,
us:place:4237304,Ivyland borough,Pennsylvania,United States,943,ivylandborough.org,vimeo,no-meeting-nor-video,,,,
us:place:4257184,Orwigsburg borough,Pennsylvania,United States,3003,orwigsburg.gov,civicweb,meeting-without-video,https://orwigsburg.community.diligentoneplatform.com/Portal/MeetingInformation.aspx?Org=Cal&Id=51,https://orwigsburg.community.diligentoneplatform.com/Portal/MeetingInformation.aspx?Org=Cal&Id=51,,
ca:csd:2406060,L'Ascension-de-Patapédia,Quebec,Canada,148,www.matapedialesplateaux.com,vimeo,no-platform-link-found,,,,
ca:csd:2406045,Matapédia,Quebec,Canada,566,www.matapedialesplateaux.com,vimeo,no-platform-link-found,,,,
ca:csd:2406050,Saint-Alexis-de-Matapédia,Quebec,Canada,519,www.matapedialesplateaux.com,vimeo,no-platform-link-found,,,,
ca:csd:2406040,Saint-André-de-Restigouche,Quebec,Canada,154,www.matapedialesplateaux.com,vimeo,no-platform-link-found,,,,
ca:csd:2406055,Saint-François-d'Assise,Quebec,Canada,679,www.matapedialesplateaux.com,vimeo,no-platform-link-found,,,,
ca:csd:2468025,Saint-Patrice-de-Sherrington,Quebec,Canada,1963,www.st-patrice-sherrington.com,vimeo,no-platform-link-found,,,,
ca:csd:2418030,Saint-Paul-de-Montminy,Quebec,Canada,849,www.stpauldemontminy.com,vimeo,no-platform-link-found,,,,
ca:csd:2418025,Sainte-Apolline-de-Patton,Quebec,Canada,505,www.sainteapollinedepatton.ca,vimeo,no-platform-link-found,,,,
ca:csd:4705074,Melville,Saskatchewan,Canada,4493,melville.ca,civicweb,no-platform-link-found,,,,
us:place:4635820,Langford town,South Dakota,United States,276,pub-langford.escribemeetings.com,escribe,meeting-without-video,https://pub-langford.escribemeetings.com/Meeting.aspx?Agenda=PostMinutes&Id=f1c3472c-0a03-48f6-8059-884d854c7284&lang=English,https://pub-langford.escribemeetings.com/VideoStream.aspx?MeetingId=ffd2e172-7d20-4816-ab56-d30f1192b153,langfordsd.com,
us:place:4667700,Volga city,South Dakota,United States,2458,volgacity.com,civicweb,no-platform-link-found,,,,
us:place:4701640,Ardmore city,Tennessee,United States,1244,cityofardmoretn.com,vimeo,no-platform-link-found,,,,
us:place:4704620,Belle Meade city,Tennessee,United States,2621,play.champds.com,champds,,https://play.champds.com/bellemeadetn/event/227,,citybellemeade.org,
us:place:4754780,Oak Hill city,Tennessee,United States,4581,play.champds.com,champds,,https://play.champds.com/oakhilltn/event/50,,,
us:place:4803708,Arcola city,Texas,United States,2499,arcolatexas.org,civicclerk,no-meeting-nor-video,,https://arcolatx.portal.civicclerk.com/,arcolatexas.gov;cityofarcolatx.org,
us:place:4813312,Castroville city,Texas,United States,3444,castrovilletx.gov,municode_meetings,meeting-without-video,https://castroville-tx.municodemeetings.com/,https://castrovilletx.gov/AgendaCenter,,
us:place:4816036,Collinsville town,Texas,United States,2076,collinsvilletexas.org,civicweb,no-platform-link-found,,,,
us:place:4825752,Ferris city,Texas,United States,4291,ferristexas.gov,civicweb,no-platform-link-found,https://ferris-texas.community.diligentoneplatform.com/Portal/#jumpToMain,https://ferris-texas.community.diligentoneplatform.com/Portal/,,
us:place:4827696,Fritch city,Texas,United States,1751,fritchcityhall.com,civicweb,no-platform-link-found,,,,
us:place:4832906,Hays city,Texas,United States,271,hays.granicus.com,granicus,no-platform-link-found,https://hays.granicus.com/player/clip/201?view_id=2,,cityofhays.org,
us:place:4834148,Hilshire Village city,Texas,United States,843,hilshirevillagetexas.com,municode_meetings,no-platform-link-found,,,,
us:place:4835254,Hudson Oaks city,Texas,United States,2800,hudsonoaks.com,granicus,meeting-without-video,,https://www.hudsonoaks.com/Government/Agendas-Minutes,,
us:county:48271,Kinney County,Texas,United States,3128,co.kinney.tx.us,civicweb,meeting-without-video,,https://cokinneytx.civicweb.net/portal/,,
us:place:4841764,La Vernia city,Texas,United States,1499,lavernia-tx.gov,municode_meetings,no-platform-link-found,,,,
us:place:4858808,Port Aransas city,Texas,United States,3773,cityofportaransas.org,civicweb,meeting-without-video,,https://cityofportaransas.civicweb.net/Portal,,
us:place:4869140,South Padre Island town,Texas,United States,2086,townspi.granicus.com,granicus,,https://townspi.granicus.com/player/clip/4657?view_id=4,,myspi.org,
us:place:4870340,Stinnett city,Texas,United States,1594,cityofstinnett.com,civicweb,no-meeting-nor-video,,,,
us:place:4877632,West Lake Hills city,Texas,United States,3229,westlakehills.gov,civicclerk,no-platform-link-found,https://westlakehillstx.portal.civicclerk.com/event/532/media,https://westlakehills.gov/99/Agendas-Minutes,westlakehills.org,
us:place:5109032,Boykins town,Virginia,United States,517,southamptoncounty.org,swagit,meeting-without-video,,https://southamptoncountyva.new.swagit.com/views/278/,townofboykinsva.com,
us:place:5109208,Branchville town,Virginia,United States,119,southamptoncounty.org,swagit,meeting-without-video,,https://southamptoncountyva.new.swagit.com/views/278/,,
us:place:5112904,Capron town,Virginia,United States,138,southamptoncounty.org,swagit,meeting-without-video,,https://southamptoncountyva.new.swagit.com/views/278/,,
us:place:5119600,Courtland town,Virginia,United States,1299,southamptoncounty.org,swagit,meeting-without-video,,https://southamptoncountyva.new.swagit.com/views/278/,townofcortlandt.com,
us:place:5140232,Ivor town,Virginia,United States,314,southamptoncounty.org,swagit,meeting-without-video,,https://southamptoncountyva.new.swagit.com/views/278/,,
us:place:5156096,Newsoms town,Virginia,United States,284,southamptoncounty.org,swagit,meeting-without-video,,https://southamptoncountyva.new.swagit.com/views/278/,,
us:place:5160488,Pamplin City town,Virginia,United States,149,appomattoxcountyva.gov,civicclerk,no-platform-link-found,,,,
us:place:5310215,Carnation city,Washington,United States,2471,carnationwa.gov,proudcity,meeting-without-video,,https://www.carnationwa.gov/city-council-meetings/,,
us:place:5312945,Cle Elum city,Washington,United States,2288,cleelum.gov,civicclerk,meeting-without-video,,https://cleelumwa.portal.civicclerk.com/,cityofcleelum.com,
us:place:5486812,White Sulphur Springs city,West Virginia,United States,2133,whitesulphurspringswv.org,proudcity,no-platform-link-found,,,,
us:place:5500100,Abbotsford city,Wisconsin,United States,2413,pub-abbotsford.escribemeetings.com,escribe,meeting-without-video,https://pub-abbotsford.escribemeetings.com/Meeting.aspx?Agenda=Merged&Id=c157e0a4-351f-49f2-bd63-bc0747196fed&lang=English,https://pub-abbotsford.escribemeetings.com/VideoStream.aspx?MeetingId=4dda4ab2-f7d3-4d0d-8287-b441803c3072,,
us:place:5518700,Dane village,Wisconsin,United States,1119,dane.granicus.com,granicus,no-platform-link-found,https://dane.granicus.com/player/clip/5572,https://townofdane.gov/agendas-minutes/,villageofdane.org,
us:place:5538350,Johnson Creek village,Wisconsin,United States,3435,johnsoncreek-wi.us,civicweb,meeting-without-video,,https://johnsoncreekwi.civicweb.net/filepro/documents/3427,johnsoncreekwi.us,
us:place:5554500,Mosinee city,Wisconsin,United States,4529,mosinee.wi.us,iqm2,meeting-without-video,,http://mosineecitywi.iqm2.com/Citizens/default.aspx,townofmosineewi.gov,
us:place:5561325,Park Ridge village,Wisconsin,United States,545,parkridge.us,granicus,no-platform-link-found,,,park-ridge.us;vi.parkridge.wi.gov,
us:place:5565100,Prairie du Sac village,Wisconsin,United States,4316,prairiedusac.net,vimeo,meeting-without-video,,https://www.prairiedusac.net/agendas-minutes,,
us:place:5568550,Rochester village,Wisconsin,United States,3786,rochesterwi.gov,civicweb,no-platform-link-found,https://rochesterwi.civicweb.net/portal/#jumpToMain,https://rochesterwi.civicweb.net/portal/,,
us:place:5579475,Thiensville village,Wisconsin,United States,3267,village.thiensville.wi.us,civicclerk,no-meeting-nor-video,,https://thiensvillewi.portal.civicclerk.com/,thiensville.gov,
us:place:0606798,Bishop city,California,United States,3696,cityofbishop.ca.gov,granicus,no-video-found,https://bishop-ca.granicus.com/player/clip/1804?redirect=true&view_id=1,,,
us:place:0885705,Winter Park town,Colorado,United States,1217,wpgov.com,granicus,meeting-without-video,,https://winterparkcolorado.granicus.com/MediaPlayer.php?view_id=1&clip_id=94,,
us:place:1211975,Chipley city,Florida,United States,3804,cityofchipley.com,municode_meetings,no-video-found,,https://cityofchipley.com/AgendaCenter,,
us:place:1716470,Cortland town,Illinois,United States,4676,cortlandil.org,municode_meetings,meeting-without-video,,http://cortland-il.municodemeetings.com/,,
us:place:2018400,Douglass city,Kansas,United States,1506,cityofdouglassks.com,civicweb,no-platform-link-found,,,,
us:place:2280815,Westlake city,Louisiana,United States,4763,cityofwestlake.com,civicweb,no-platform-link-found,,,,
us:place:2624020,East Jordan city,Michigan,United States,2243,eastjordancity.org,granicus,no-platform-link-found,https://eastjordancity.granicus.com/MediaPlayer.php?view_id=1&clip_id=159,,,
us:place:2661020,Orchard Lake Village city,Michigan,United States,2214,cityoforchardlake.com,civicweb,no-platform-link-found,,,,
us:place:2740220,Maple Lake city,Minnesota,United States,2216,ci.maple-lake.mn.us,viebit,meeting-without-video,,https://maplelake.viebit.com,ci.maplelake.mn.us;maplelakemn.org,
us:place:3457600,Pennington borough,New Jersey,United States,2889,penningtonboro.org,municode_meetings,no-video-found,,https://www.penningtonboro.org/AgendaCenter,,
us:place:3576480,Taos Ski Valley village,New Mexico,United States,81,vtsv.org,civicclerk,meeting-without-video,https://us02web.zoom.us/rec/play/mLGojPO28Rvvz6vnt1Iw1ualixx4X6aZWbHWFkEP-fbTE1ewFdPrytkFMQtMY_GvaZ-b_-ZP1Tcg-b8.hu2R7Gxar1alI21X,https://www.vtsv.org/AgendaCenter,taosskivalley.com,
us:place:3703150,Bald Head Island village,North Carolina,United States,279,villagebhi.org,granicus,no-meeting-nor-video,,,,
us:place:3720600,Elizabethtown town,North Carolina,United States,3306,elizabethtownnc.org,granicus,meeting-without-video,,https://elizabethtownnc.granicus.com/ViewPublisher.php?view_id=2,,
us:place:3761060,Sharpsburg town,North Carolina,United States,1798,sharpsburgnc.com,granicus,no-meeting-nor-video,,,,
us:place:3766500,Sylva town,North Carolina,United States,2691,townofsylva.org,municode_meetings,no-video-found,,https://www.youtube.com/embed/Rtele7OArjg?rel=0,sylvanc.govoffice3.com,
us:place:3772540,West Jefferson town,North Carolina,United States,1348,townofwj.com,vimeo,no-platform-link-found,,,townofwjnc.com,
us:place:3945066,Loudonville village,Ohio,United States,2733,loudonville-oh.us,civicweb,meeting-without-video,,https://loudonville-oh.us/planning-commission-meeting-agendas/,,
ca:csd:3548034,East Ferris,Ontario,Canada,4946,eastferris.ca,escribe,meeting-without-video,,https://pub-eastferris.escribemeetings.com/Meeting.aspx?Agenda=Agenda&Id=d11dbaf9-f4d2-4e80-b951-7084e4624b1f&lang=English,pub-eastferris.escribemeetings.com,
ca:csd:3502001,East Hawkesbury,Ontario,Canada,3418,www.easthawkesbury.ca,escribe,meeting-without-video,,https://pub-easthawkesbury.escribemeetings.com/Meeting.aspx?Agenda=Agenda&Id=1c4263e3-58b1-4dd7-914c-bc4c31b44f3d&lang=English,pub-easthawkesbury.escribemeetings.com,
ca:csd:3557035,Huron Shores,Ontario,Canada,1860,www.huronshores.ca,escribe,meeting-without-video,,https://pub-huronshores.escribemeetings.com/Meeting.aspx?Agenda=Agenda&Id=7cdf19b6-950a-4bc0-a0aa-3d7989cf6e3b&lang=English,pub-huronshores.escribemeetings.com,
ca:csd:3549005,The Archipelago,Ontario,Canada,979,www.thearchipelago.on.ca,escribe,meeting-without-video,,https://pub-thearchipelago.escribemeetings.com/Meeting.aspx?Agenda=Agenda&Id=97bde161-0a24-459e-aae3-edddc94e3e31&lang=English,pub-thearchipelago.escribemeetings.com,
us:place:5550025,Mauston city,Wisconsin,United States,4133,mauston.com,champds,no-meeting-nor-video,,https://mauston-wi.municodemeetings.com/,,
us:place:5587200,Williams Bay village,Wisconsin,United States,2935,williamsbay.org,civicclerk,no-video-found,,https://www.williamsbay.org/AgendaCenter,,
