gov_id,city_name,state_or_province,outcome,reason,agendacenter_url,bodies_seen,delegate_platform,delegate_url,title,date,has_segments,has_video_url,hand_decision
us:place:0133256,Harpersville town,Alabama,meeting-without-video,"checked 5 real listing row(s), no video link",https://harpersvilleal.gov/AgendaCenter,5,,,,,,,
us:place:0139856,Kimberly city,Alabama,meeting-without-video,"checked 0 real listing row(s), no video link",https://kimberlyal.gov/AgendaCenter,0,,,,,,,
us:place:0146264,Malvern town,Alabama,meeting-without-video,"checked 0 real listing row(s), no video link",https://malvern-al.org/AgendaCenter,0,,,,,,,
us:place:0157504,Owens Cross Roads city,Alabama,skipped,resolve raised: Cannot connect to host owenscrossroadsal.gov:443 ssl:default [[SSL: SSLV3_ALERT_HANDSHAKE_FAILURE] ssl/tls alert handshake failure (_ssl.c:1035)],https://owenscrossroadsal.gov/AgendaCenter,,,,,,,,
us:place:0230940,Gustavus city,Alaska,meeting-without-video,"checked 0 real listing row(s), no video link",https://gustavus-ak.gov/AgendaCenter,0,,,,,,,
us:place:0427050,Gila Bend town,Arizona,meeting-without-video,"checked 5 real listing row(s), no video link",https://gilabendaz.org/AgendaCenter,5,,,,,,,
us:place:0525780,Garland town,Arkansas,meeting-without-video,"checked 5 real listing row(s), no video link",https://garlandcounty.org/AgendaCenter,5,,,,,,,
us:place:0556990,Pottsville city,Arkansas,meeting-without-video,"checked 5 real listing row(s), no video link",https://pottsvillear.gov/AgendaCenter,5,,,,,,,
us:place:0636826,Irwindale city,California,meeting-without-video,"checked 5 real listing row(s), no video link",https://irwindaleca.gov/AgendaCenter,5,,,,,,,
us:county:06091,Sierra County,California,meeting-without-video,"checked 5 real listing row(s), no video link",https://sierracounty.ca.gov/AgendaCenter,5,,,,,,,
us:place:0837820,Hudson town,Colorado,meeting-without-video,"checked 5 real listing row(s), no video link",https://hudsonco.gov/AgendaCenter,5,,,,,,,
us:place:0848445,Manitou Springs city,Colorado,skipped,"resolve raised: 404, message='Not Found', url='https://www.manitouspringsco.gov/AgendaCenter'",https://manitouspringsgov.com/AgendaCenter,,,,,,,,
us:place:0876795,Telluride town,Colorado,meeting-without-video,"checked 0 real listing row(s), no video link",https://telluride.gov/AgendaCenter,0,,,,,,,
us:place:0988050,Woodmont borough,Connecticut,meeting-without-video,"checked 5 real listing row(s), no video link",https://boroughofwoodmont.us/AgendaCenter,5,,,,,,,
us:place:1201475,Anna Maria city,Florida,skipped,resolve raised: Cannot connect to host cityofannamaria.com:443 ssl:default [[SSL: TLSV1_ALERT_INTERNAL_ERROR] tlsv1 alert internal error (_ssl.c:1035)],https://cityofannamaria.com/AgendaCenter,,,,,,,,
us:place:1202500,Atlantis city,Florida,meeting-without-video,"checked 5 real listing row(s), no video link",https://atlantisfl.gov/AgendaCenter,5,,,,,,,
us:place:1227000,Graceville city,Florida,meeting-without-video,"checked 2 real listing row(s), no video link",https://cityofgraceville.com/AgendaCenter,2,,,,,,,
us:place:1243250,Marineland town,Florida,meeting-without-video,"checked 5 real listing row(s), no video link",https://townofmarineland.org/AgendaCenter,5,,,,,,,
us:place:1250525,Oakland town,Florida,candidate_tier1_2,,https://oaklandfl.gov/AgendaCenter,36,youtube,https://youtu.be/zw1ZP2PLbr4,08-04-2026 Appearance Review Board Regular Meeting,2026-08-04,yes,,accept
us:place:1258200,Ponce Inlet town,Florida,skipped,resolve raised: Cannot connect to host ponceinlet.gov:443 ssl:default [Connection reset by peer],https://ponceinlet.gov/AgendaCenter,,,,,,,,
us:place:1275375,Wauchula city,Florida,meeting-without-video,"checked 0 real listing row(s), no video link",https://cityofwauchula.gov/AgendaCenter,0,,,,,,,
us:place:1304644,Avondale Estates city,Georgia,meeting-without-video,"checked 0 real listing row(s), no video link",https://avondaleestatesga.gov/AgendaCenter,0,,,,,,,
us:place:1327344,Emerson city,Georgia,meeting-without-video,"checked 5 real listing row(s), no video link",https://cityofemerson.org/AgendaCenter,5,,,,,,,
us:place:1328492,Fairmount city,Georgia,meeting-without-video,"checked 5 real listing row(s), no video link",https://fairmountga.gov/AgendaCenter,5,,,,,,,
us:place:1380228,Walnut Grove city,Georgia,skipped,"resolve raised: 404, message='Not Found', url='https://walnutgrovegeorgia.com/AgendaCenter'",https://walnutgrovegeorgia.com/AgendaCenter,,,,,,,,
us:county:16033,Clark County,Idaho,meeting-without-video,"checked 5 real listing row(s), no video link",https://clark-co.id.gov/AgendaCenter,5,,,,,,,
us:place:1653110,Minidoka city,Idaho,meeting-without-video,"checked 5 real listing row(s), no video link",https://minidoka.id.us/AgendaCenter,5,,,,,,,
us:place:1712931,Chenoa city,Illinois,meeting-without-video,"checked 5 real listing row(s), no video link",https://chenoail.org/AgendaCenter,5,,,,,,,
us:place:1719083,Deer Park village,Illinois,meeting-without-video,"checked 5 real listing row(s), no video link",https://villageofdeerpark.com/AgendaCenter,5,,,,,,,
us:place:1735073,Hillsdale village,Illinois,meeting-without-video,"checked 5 real listing row(s), no video link",https://hillside-il.org/AgendaCenter,5,,,,,,,
us:place:1737257,Indian Head Park village,Illinois,candidate_tier1_2,,https://indianheadpark-il.gov/AgendaCenter,7,youtube,https://www.youtube.com/live/iR2-DJrFEEU?si=6erPHh1l1q9BFXgA,Village of Indian Head Park Board Meeting 9-10-26,2026-09-11,yes,,accept
us:place:1739519,Kenilworth village,Illinois,meeting-without-video,"checked 5 real listing row(s), no video link",https://vok.org/AgendaCenter,5,,,,,,,
us:place:1770629,South Chicago Heights village,Illinois,meeting-without-video,"checked 5 real listing row(s), no video link",https://southchicagoheights.com/AgendaCenter,5,,,,,,,
us:place:1778370,Wadsworth village,Illinois,skipped,"resolve raised: 404, message='Not Found', url='https://villageofwadsworth.org/AgendaCenter'",https://villageofwadsworth.org/AgendaCenter,,,,,,,,
us:place:1813366,Clayton town,Indiana,meeting-without-video,"checked 4 real listing row(s), no video link",https://townofclayton.us/AgendaCenter,4,,,,,,,
us:place:1860192,Pittsboro town,Indiana,meeting-without-video,"checked 5 real listing row(s), no video link",https://townofpittsboro.org/AgendaCenter,5,,,,,,,
us:place:1885184,Woodburn city,Indiana,skipped,"resolve raised: 525, message='<none>', url='https://woodburnindiana.gov/AgendaCenter'",https://woodburnindiana.gov/AgendaCenter,,,,,,,,
us:place:1910765,Carlisle city,Iowa,meeting-without-video,"checked 5 real listing row(s), no video link",https://carlisleiowa.org/AgendaCenter,5,,,,,,,
us:place:1930630,Gilbert city,Iowa,meeting-without-video,"checked 5 real listing row(s), no video link",https://cityofgilbertiowa.org/AgendaCenter,5,,,,,,,
us:place:1944085,Le Claire city,Iowa,meeting-without-video,"checked 5 real listing row(s), no video link",https://leclaireiowa.gov/AgendaCenter,5,,,,,,,
us:place:1973875,Solon city,Iowa,meeting-without-video,"checked 5 real listing row(s), no video link",https://solon-iowa.com/AgendaCenter,5,,,,,,,
us:place:1978285,Tipton city,Iowa,candidate_tier1_2,,https://tiptoniowa.org/AgendaCenter,4,youtube,https://youtu.be/nVoqTpN5upo?si=NFe77iIatGxpvDa6,"City of Tipton, Iowa  08/17/2026  Council Meeting",2026-08-17,yes,,accept
us:place:2004625,Baxter Springs city,Kansas,meeting-without-video,"checked 5 real listing row(s), no video link",https://baxterspringsks.gov/AgendaCenter,5,,,,,,,
us:place:2012775,Cheney city,Kansas,skipped,"resolve raised: 404, message='Not Found', url='https://cheneyks.org/AgendaCenter'",https://cheneyks.org/AgendaCenter,,,,,,,,
us:place:2024575,Fredonia city,Kansas,meeting-without-video,"checked 1 real listing row(s), no video link",https://fredoniaks.org/AgendaCenter,1,,,,,,,
us:place:2026050,Gem city,Kansas,meeting-without-video,"checked 5 real listing row(s), no video link",https://thomascountyks.gov/AgendaCenter,5,,,,,,,
us:place:2028675,Greensburg city,Kansas,meeting-without-video,"checked 5 real listing row(s), no video link",https://greensburgks.org/AgendaCenter,5,,,,,,,
us:place:2038700,Larned city,Kansas,meeting-without-video,"checked 5 real listing row(s), no video link",https://cityoflarned.org/AgendaCenter,5,,,,,,,
us:place:2044750,Marion city,Kansas,meeting-without-video,"checked 5 real listing row(s), no video link",https://marionks.net/AgendaCenter,5,,,,,,,
us:place:2045325,Meade city,Kansas,skipped,"resolve raised: Cannot connect to host cityofmeade.org:443 ssl:True [SSLCertVerificationError: (1, ""[SSL: CERTIFICATE_VERIFY_FAILED] certificate verify failed: Hostname mismatch, certificate is not valid for 'cityofmeade.org'. (_ssl.c:1035)"")]",https://cityofmeade.org/AgendaCenter,,,,,,,,
us:place:2047350,Mission Hills city,Kansas,meeting-without-video,"checked 5 real listing row(s), no video link",https://missionhillsks.gov/AgendaCenter,5,,,,,,,
us:county:20129,Morton County,Kansas,skipped,resolve raised: Cannot connect to host mtcoks.gov:443 ssl:default [Connection reset by peer],https://mtcoks.gov/AgendaCenter,,,,,,,,
us:place:2051500,Norton city,Kansas,skipped,"resolve raised: 404, message='Not Found', url='https://cityofnorton.com/AgendaCenter'",https://cityofnorton.com/AgendaCenter,,,,,,,,
us:place:2053225,Osawatomie city,Kansas,meeting-without-video,"checked 5 real listing row(s), no video link",https://osawatomieks.org/AgendaCenter,5,,,,,,,
us:place:2055100,Peabody city,Kansas,meeting-without-video,"checked 5 real listing row(s), no video link",https://peabodyks.com/AgendaCenter,5,,,,,,,
us:place:2062025,Sabetha city,Kansas,meeting-without-video,"checked 5 real listing row(s), no video link",https://cityofsabetha.com/AgendaCenter,5,,,,,,,
us:place:2064100,Seward city,Kansas,meeting-without-video,"checked 0 real listing row(s), no video link",https://sewardcountyks.org/AgendaCenter,0,,,,,,,
us:place:2068200,Sterling city,Kansas,meeting-without-video,"checked 5 real listing row(s), no video link",https://sterling-kansas.com/AgendaCenter,5,,,,,,,
us:place:2416720,Chevy Chase Section Five village,Maryland,meeting-without-video,"checked 1 real listing row(s), no video link",https://chevychasesection5.org/AgendaCenter,1,,,,,,,
us:place:2416730,Chevy Chase Section Three village,Maryland,meeting-without-video,"checked 5 real listing row(s), no video link",https://chevychasesection3.org/AgendaCenter,5,,,,,,,
us:place:2420050,Cottage City town,Maryland,meeting-without-video,"checked 0 real listing row(s), no video link",https://cottagecitymd.gov/AgendaCenter,0,,,,,,,
us:place:2435200,Greensboro town,Maryland,skipped,"resolve raised: 403, message='Forbidden', url='https://greensboromd.org/AgendaCenter'",https://greensboromd.org/AgendaCenter,,,,,,,,
us:place:2470850,Seat Pleasant city,Maryland,meeting-without-video,"checked 2 real listing row(s), no video link",https://seatpleasantmd.gov/AgendaCenter,2,,,,,,,
us:place:2469825,St. Michaels town,Maryland,skipped,"resolve raised: 404, message='Not Found', url='https://www.stmichaelsmd.gov/AgendaCenter'",https://stmichaelsmd.gov/AgendaCenter,,,,,,,,
us:place:2476550,Sykesville town,Maryland,candidate_tier1_2,,https://townofsykesville.gov/AgendaCenter,5,youtube,https://www.youtube.com/watch?v=ilWD0kzPbqQ,Sykesville Town Council Meeting 8-10-2026,2026-08-10,yes,,accept
us:place:2479675,University Park town,Maryland,meeting-without-video,"checked 5 real listing row(s), no video link",https://upmd.org/AgendaCenter,5,,,,,,,
us:place:2614780,Charlevoix city,Michigan,meeting-without-video,"checked 5 real listing row(s), no video link",https://charlevoixmi.gov/AgendaCenter,5,,,,,,,
us:place:2625320,Elk Rapids village,Michigan,skipped,"resolve raised: 404, message='Not Found', url='https://www.elkrapids.org/AgendaCenter'",https://elkrapids.org/AgendaCenter,,,,,,,,
us:place:2630700,Fremont city,Michigan,meeting-without-video,"checked 0 real listing row(s), no video link",https://fremontmi.gov/AgendaCenter,0,,,,,,,
us:place:2650280,Mackinac Island city,Michigan,skipped,"resolve raised: 404, message='Not Found', url='https://www.cityofmi.org/AgendaCenter'",https://cityofmi.org/AgendaCenter,,,,,,,,
us:place:2666640,Quincy village,Michigan,meeting-without-video,"checked 5 real listing row(s), no video link",https://quincy-mi.org/AgendaCenter,5,,,,,,,
us:place:2672080,Scottville city,Michigan,meeting-without-video,"checked 5 real listing row(s), no video link",https://cityofscottville.org/AgendaCenter,5,,,,,,,
us:place:2675820,Spring Lake village,Michigan,meeting-without-video,"checked 5 real listing row(s), no video link",https://springlakemi.gov/AgendaCenter,5,,,,,,,
us:place:2681840,Vassar city,Michigan,skipped,resolve raised: ,https://cityofvassar.gov/AgendaCenter,,,,,,,,
us:place:2709730,Cannon Falls city,Minnesota,meeting-without-video,"checked 5 real listing row(s), no video link",https://cannonfallsmn.gov/AgendaCenter,5,,,,,,,
us:place:2715994,Dodge Center city,Minnesota,meeting-without-video,"checked 0 real listing row(s), no video link",https://ci.dodgecenter.mn.us/AgendaCenter,0,,,,,,,
us:place:2736746,Le Sueur city,Minnesota,meeting-without-video,"checked 5 real listing row(s), no video link",https://cityoflesueur.com/AgendaCenter,5,,,,,,,
us:place:2748562,Ormsby city,Minnesota,meeting-without-video,"checked 5 real listing row(s), no video link",https://co.watonwan.mn.us/AgendaCenter,5,,,,,,,
us:place:2756680,St. Anthony city,Minnesota,meeting-without-video,"checked 5 real listing row(s), no video link",https://savmn.com/AgendaCenter,5,,,,,,,
us:place:2902674,Ava city,Missouri,meeting-without-video,"checked 5 real listing row(s), no video link",https://avamissouri.org/AgendaCenter,5,,,,,,,
us:place:2910054,Butler city,Missouri,meeting-without-video,"checked 5 real listing row(s), no video link",https://cityofbutlermo.com/AgendaCenter,5,,,,,,,
us:place:2910240,Byrnes Mill city,Missouri,skipped,"resolve raised: 404, message='Not Found', url='https://byrnesmill.org/AgendaCenter'",https://byrnesmill.org/AgendaCenter,,,,,,,,
us:place:2919018,Dellwood city,Missouri,meeting-without-video,"checked 5 real listing row(s), no video link",https://cityofdellwoodmo.com/AgendaCenter,5,,,,,,,
us:place:2940376,Lamar city,Missouri,meeting-without-video,"checked 5 real listing row(s), no video link",https://cityoflamar.org/AgendaCenter,5,,,,,,,
us:place:2950204,Moscow Mills city,Missouri,meeting-without-video,"checked 5 real listing row(s), no video link",https://mo-moscowmills.civicplus.com/AgendaCenter,5,,,,,,,
us:place:2952796,Normandy city,Missouri,skipped,"resolve raised: 404, message='Not Found', url='https://www.cityofnormandy.gov/AgendaCenter'",https://cityofnormandy.gov/AgendaCenter,,,,,,,,
us:place:2971062,Strafford city,Missouri,skipped,"resolve raised: 404, message='Not Found', url='https://straffordmo.net/AgendaCenter'",https://straffordmo.net/AgendaCenter,,,,,,,,
us:place:3036400,Hingham town,Montana,meeting-without-video,"checked 5 real listing row(s), no video link",https://hingham-ma.gov/AgendaCenter,5,,,,,,,
us:place:3102305,Ashland city,Nebraska,meeting-without-video,"checked 5 real listing row(s), no video link",https://cityofashlandne.gov/AgendaCenter,5,,,,,,,
us:place:3139870,Potter village,Nebraska,skipped,"resolve raised: 404, message='Not Found', url='https://potterneb.com/AgendaCenter'",https://potterneb.com/AgendaCenter,,,,,,,,
us:place:3223500,Ely city,Nevada,skipped,"resolve raised: 404, message='Not Found', url='https://www.cityofelynv.gov/AgendaCenter'",https://cityofelynv.gov/AgendaCenter,,,,,,,,
us:place:3413720,Clinton town,New Jersey,skipped,resolve raised: ,https://clintonnj.gov/AgendaCenter,,,,,,,,
us:place:3432310,Ho-Ho-Kus borough,New Jersey,meeting-without-video,"checked 5 real listing row(s), no video link",https://hhkborough.com/AgendaCenter,5,,,,,,,
us:place:3503400,Angel Fire village,New Mexico,candidate_tier1_2,,https://angelfirenm.gov/AgendaCenter,,youtube,https://youtube.com/live/BFkKG07SbEA,"September 14, 2023 Beautification Meeting",2023-09-14,yes,,accept
us:county:35059,Union County,New Mexico,meeting-without-video,"checked 5 real listing row(s), no video link",https://unionnm.us/AgendaCenter,5,,,,,,,
us:place:3604253,Ballston Spa village,New York,candidate_tier1_2,,https://ballstonspa.gov/AgendaCenter,,youtube,https://youtu.be/AtN_EmC0mYc,Village of Ballston Spa Board of Trustees Meeting 8/24/26,2026-08-25,yes,,accept
us:place:3608323,Brightwaters village,New York,meeting-without-video,"checked 5 real listing row(s), no video link",https://villageofbrightwaters.com/AgendaCenter,5,,,,,,,
us:place:3613002,Catskill village,New York,meeting-without-video,"checked 5 real listing row(s), no video link",https://townofcatskillny.gov/AgendaCenter,5,,,,,,,
us:place:3615242,Cherry Valley village,New York,meeting-without-video,"checked 5 real listing row(s), no video link",https://townofcherryvalleyny.gov/AgendaCenter,5,,,,,,,
us:place:3615297,Chester village,New York,skipped,"resolve raised: 404, message='Not Found', url='https://chester-ny.gov/AgendaCenter'",https://chester-ny.gov/AgendaCenter,,,,,,,,
us:place:3634495,Highland Falls village,New York,meeting-without-video,"checked 5 real listing row(s), no video link",https://highlandfallsny.gov/AgendaCenter,5,,,,,,,
us:place:3635364,Honeoye Falls village,New York,meeting-without-video,"checked 5 real listing row(s), no video link",https://villageofhoneoyefalls.gov/AgendaCenter,5,,,,,,,
us:place:3640508,Lake George village,New York,meeting-without-video,"checked 5 real listing row(s), no video link",https://townoflakegeorge.gov/AgendaCenter,5,,,,,,,
us:place:3660895,Red Hook village,New York,candidate_tier1_2,,https://redhookny.gov/AgendaCenter,2,youtube,https://youtu.be/LA7G77oUBss?si=gJ2wDCjkYPg5YJkS,9-8-2026 Red Hook Town Board,2026-09-08,yes,,kind-a
us:place:3664452,Sagaponack village,New York,candidate_tier1_2,,https://sagaponackvillageny.gov/AgendaCenter,9,youtube,https://www.youtube.com/watch?v=XdCWz_dpXQw,AHRB 8.24.2026,2026-08-25,yes,,accept
us:place:3667191,Shoreham village,New York,meeting-without-video,"checked 5 real listing row(s), no video link",https://shorehamvillage.org/AgendaCenter,5,,,,,,,
us:place:3675779,Tuxedo village,New York,meeting-without-video,"checked 5 real listing row(s), no video link",https://tuxedogov.org/AgendaCenter,5,,,,,,,
us:place:3676386,Upper Nyack village,New York,skipped,"resolve raised: 500, message='Internal Server Error', url='https://uppernyack-ny.us/AgendaCenter'",https://uppernyack-ny.us/AgendaCenter,,,,,,,,
us:place:3677684,Voorheesville village,New York,meeting-without-video,"checked 5 real listing row(s), no video link",https://villageofvoorheesville.gov/AgendaCenter,5,,,,,,,
us:place:3684143,Youngstown village,New York,meeting-without-video,"checked 5 real listing row(s), no video link",https://youngstownny.gov/AgendaCenter,5,,,,,,,
us:place:3706500,Blowing Rock town,North Carolina,candidate_tier1_2,,https://blowingrock.gov/AgendaCenter,21,youtube,https://www.youtube.com/live/b79SZYzFtz0?si=FxSZGQXDG_U5wnQV,"Town Council Meeting - Tuesday, September 8th, 2026",2026-09-08,yes,,accept
us:place:3720120,Edenton town,North Carolina,skipped,"resolve raised: 403, message='Forbidden', url='https://www.townofedentonnc.gov/AgendaCenter'",https://townofedentonnc.gov/AgendaCenter,,,,,,,,
us:place:3742100,Maysville town,North Carolina,meeting-without-video,"checked 0 real listing row(s), no video link",https://townofmaysville.org/AgendaCenter,0,,,,,,,
us:place:3747880,North Wilkesboro town,North Carolina,skipped,resolve raised: ,https://northwilkesboronc.gov/AgendaCenter,,,,,,,,
us:place:3751040,Peletier town,North Carolina,meeting-without-video,"checked 5 real listing row(s), no video link",https://townofpeletiernc.com/AgendaCenter,5,,,,,,,
us:place:3764500,Stanley town,North Carolina,meeting-without-video,"checked 5 real listing row(s), no video link",https://townofstanley.org/AgendaCenter,5,,,,,,,
us:county:38033,Golden Valley County,North Dakota,meeting-without-video,"checked 0 real listing row(s), no video link",https://beachnd.com/AgendaCenter,0,,,,,,,
us:place:3909274,Brooklyn Heights village,Ohio,skipped,"resolve raised: 404, message='Not Found', url='https://brooklynhts.org/AgendaCenter'",https://brooklynhts.org/AgendaCenter,,,,,,,,
us:place:3918070,Commercial Point village,Ohio,meeting-without-video,"checked 0 real listing row(s), no video link",https://commercialpointohio.gov/AgendaCenter,0,,,,,,,
us:place:3922568,Doylestown village,Ohio,meeting-without-video,"checked 5 real listing row(s), no video link",https://doylestown.com/AgendaCenter,5,,,,,,,
us:place:3926768,Fayette village,Ohio,skipped,"resolve raised: 404, message='Not Found', url='https://villageoffayette.com/AgendaCenter'",https://villageoffayette.com/AgendaCenter,,,,,,,,
us:place:3929246,Gambier village,Ohio,meeting-without-video,"checked 5 real listing row(s), no video link",https://villageofgambier.org/AgendaCenter,5,,,,,,,
us:place:3943722,Lincoln Heights village,Ohio,skipped,"resolve raised: 404, message='Not Found', url='https://vlho.org/AgendaCenter'",https://vlho.org/AgendaCenter,,,,,,,,
us:place:3953312,Munroe Falls city,Ohio,meeting-without-video,"checked 0 real listing row(s), no video link",https://munroefalls.gov/AgendaCenter,0,,,,,,,
us:place:3958982,Ottawa village,Ohio,meeting-without-video,"checked 0 real listing row(s), no video link",https://ottawaohio.us/AgendaCenter,0,,,,,,,
us:place:3969470,St. Bernard village,Ohio,meeting-without-video,"checked 5 real listing row(s), no video link",https://stbernard-oh.gov/AgendaCenter,5,,,,,,,
us:place:3975210,Sugarcreek village,Ohio,meeting-without-video,"checked 5 real listing row(s), no video link",https://sugarcreekgcoh.gov/AgendaCenter,5,,,,,,,
us:place:4003300,Atoka city,Oklahoma,meeting-without-video,"checked 5 real listing row(s), no video link",https://atokaok.org/AgendaCenter,5,,,,,,,
us:place:4011450,Canadian town,Oklahoma,meeting-without-video,"checked 0 real listing row(s), no video link",https://canadiancounty.org/AgendaCenter,0,,,,,,,
us:place:4015350,Cleveland city,Oklahoma,meeting-without-video,"checked 5 real listing row(s), no video link",https://cityofclevelandok.com/AgendaCenter,5,,,,,,,
us:place:4020550,Dewey city,Oklahoma,meeting-without-video,"checked 5 real listing row(s), no video link",https://cityofdewey.com/AgendaCenter,5,,,,,,,
us:place:4023450,Elgin city,Oklahoma,meeting-without-video,"checked 5 real listing row(s), no video link",https://cityofelginok.com/AgendaCenter,5,,,,,,,
us:place:4037100,Inola town,Oklahoma,meeting-without-video,"checked 5 real listing row(s), no video link",https://inolaok.com/AgendaCenter,5,,,,,,,
us:place:4051300,Newkirk city,Oklahoma,meeting-without-video,"checked 5 real listing row(s), no video link",https://cityofnewkirkok.gov/AgendaCenter,5,,,,,,,
us:place:4058150,Perkins city,Oklahoma,meeting-without-video,"checked 0 real listing row(s), no video link",https://cityofperkins.net/AgendaCenter,0,,,,,,,
us:place:4061400,Quapaw town,Oklahoma,meeting-without-video,"checked 5 real listing row(s), no video link",https://quapawtribe.com/AgendaCenter,5,,,,,,,
us:place:4067950,Slaughterville town,Oklahoma,meeting-without-video,"checked 5 real listing row(s), no video link",https://town.slaughterville.ok.us/AgendaCenter,5,,,,,,,
us:place:4078950,Watonga city,Oklahoma,meeting-without-video,"checked 5 real listing row(s), no video link",https://watongaok.gov/AgendaCenter,5,,,,,,,
us:place:4115350,Coquille city,Oregon,skipped,resolve raised: Cannot connect to host coquillecity.gov:443 ssl:default [DNS server returned answer with no data],https://coquillecity.gov/AgendaCenter,,,,,,,,
us:place:4128450,Gearhart city,Oregon,candidate_tier1_2,,https://cityofgearhart.com/AgendaCenter,24,youtube,https://youtu.be/htCZ-tQOCO0,Budget Mtg2 May 13 2026,2026-05-13,yes,,accept
us:place:4148300,Millersburg city,Oregon,candidate_tier1_2,,https://millersburgoregon.gov/AgendaCenter,16,youtube,https://youtube.com/live/LCBCIhK_C3o?feature=share,"Budget Committee Meeting #2 - May 6, 2026",2026-05-06,yes,,accept
us:place:4162900,Rockaway Beach city,Oregon,meeting-without-video,"checked 0 real listing row(s), no video link",https://rockawaybeachoregon.gov/AgendaCenter,0,,,,,,,
us:county:41055,Sherman County,Oregon,meeting-without-video,"checked 5 real listing row(s), no video link",https://co.sherman.or.us/AgendaCenter,5,,,,,,,
us:place:4174000,Toledo city,Oregon,meeting-without-video,"checked 5 real listing row(s), no video link",https://cityoftoledo.org/AgendaCenter,5,,,,,,,
us:place:4178000,Waldport city,Oregon,meeting-without-video,"checked 0 real listing row(s), no video link",https://waldportoregon.gov/AgendaCenter,0,,,,,,,
us:place:4207000,Blawnox borough,Pennsylvania,meeting-without-video,"checked 5 real listing row(s), no video link",https://blawnox.com/AgendaCenter,5,,,,,,,
us:place:4208064,Bradford Woods borough,Pennsylvania,meeting-without-video,"checked 5 real listing row(s), no video link",https://bradfordwoodspa.org/AgendaCenter,5,,,,,,,
us:place:4221444,East McKeesport borough,Pennsylvania,meeting-without-video,"checked 5 real listing row(s), no video link",https://eastmckeesportboro.com/AgendaCenter,5,,,,,,,
us:place:4246888,Manheim borough,Pennsylvania,meeting-without-video,"checked 5 real listing row(s), no video link",https://manheimboro.org/AgendaCenter,5,,,,,,,
us:place:4249920,Millvale borough,Pennsylvania,meeting-without-video,"checked 5 real listing row(s), no video link",https://millvalepa.com/AgendaCenter,5,,,,,,,
us:place:4263808,Red Hill borough,Pennsylvania,meeting-without-video,"checked 5 real listing row(s), no video link",https://redhillborough.org/AgendaCenter,5,,,,,,,
us:place:4269309,Seven Fields borough,Pennsylvania,meeting-without-video,"checked 5 real listing row(s), no video link",https://sevenfields.org/AgendaCenter,5,,,,,,,
us:place:4269376,Sewickley borough,Pennsylvania,meeting-without-video,"checked 5 real listing row(s), no video link",https://sewickleyborough.org/AgendaCenter,5,,,,,,,
ca:csd:4712046,Biggar,Saskatchewan,meeting-without-video,"checked 0 real listing row(s), no video link",https://townofbiggar.com/AgendaCenter,0,,,,,,,
ca:csd:4712006,Rosetown,Saskatchewan,meeting-without-video,"checked 5 real listing row(s), no video link",https://www.rosetown.ca/AgendaCenter,5,,,,,,,
ca:csd:4710068,Wadena,Saskatchewan,meeting-without-video,"checked 5 real listing row(s), no video link",https://www.townofwadena.com/AgendaCenter,5,,,,,,,
us:place:4513150,Chapin town,South Carolina,meeting-without-video,"checked 5 real listing row(s), no video link",https://chapinsc.com/AgendaCenter,5,,,,,,,
us:place:4522390,Eastover town,South Carolina,meeting-without-video,"checked 3 real listing row(s), no video link",https://eastoversc.com/AgendaCenter,3,,,,,,,
us:place:4567705,South Congaree town,South Carolina,meeting-without-video,"checked 5 real listing row(s), no video link",https://townofsouthcongaree.org/AgendaCenter,5,,,,,,,
us:place:4644860,Newell city,South Dakota,meeting-without-video,"checked 5 real listing row(s), no video link",https://townofnewell.org/AgendaCenter,5,,,,,,,
us:place:4705140,Berry Hill city,Tennessee,meeting-without-video,"checked 1 real listing row(s), no video link",https://berryhilltn.gov/AgendaCenter,1,,,,,,,
us:place:4724480,Etowah city,Tennessee,skipped,"resolve raised: 404, message='Not Found', url='https://cityofetowahtn.com/AgendaCenter'",https://cityofetowahtn.com/AgendaCenter,,,,,,,,
us:place:4800160,Abernathy city,Texas,skipped,"resolve raised: 404, message='Not Found', url='https://cityofabernathy.org/AgendaCenter'",https://cityofabernathy.org/AgendaCenter,,,,,,,,
us:place:4810072,Brazoria city,Texas,meeting-without-video,"checked 5 real listing row(s), no video link",https://cityofbrazoria.org/AgendaCenter,5,,,,,,,
us:place:4814224,Chandler city,Texas,skipped,"resolve raised: 404, message='Not Found', url='https://chandlertx.com/AgendaCenter'",https://chandlertx.com/AgendaCenter,,,,,,,,
us:place:4814620,Chico city,Texas,meeting-without-video,"checked 5 real listing row(s), no video link",https://chico.texas.gov/AgendaCenter,5,,,,,,,
us:place:4815328,Clear Lake Shores city,Texas,meeting-without-video,"checked 5 real listing row(s), no video link",https://clearlakeshores-tx.gov/AgendaCenter,5,,,,,,,
us:place:4815796,Cockrell Hill city,Texas,skipped,"resolve raised: Cannot connect to host cockrell-hill.tx.us:443 ssl:True [SSLCertVerificationError: (1, ""[SSL: CERTIFICATE_VERIFY_FAILED] certificate verify failed: Hostname mismatch, certificate is not valid for 'cockrell-hill.tx.us'. (_ssl.c:1035)"")]",https://cockrell-hill.tx.us/AgendaCenter,,,,,,,,
us:place:4816636,Copper Canyon town,Texas,meeting-without-video,"checked 5 real listing row(s), no video link",https://coppercanyon-tx.org/AgendaCenter,5,,,,,,,
us:place:4819648,De Kalb city,Texas,meeting-without-video,"checked 5 real listing row(s), no video link",https://cityofdekalb.com/AgendaCenter,5,,,,,,,
us:place:4820464,Dimmitt city,Texas,skipped,"resolve raised: 404, message='Not found', url='https://www.dimmittchamber.com/AgendaCenter'",https://dimmittchamber.com/AgendaCenter,,,,,,,,
us:place:4822552,Eden city,Texas,meeting-without-video,"checked 0 real listing row(s), no video link",https://edentexas.com/AgendaCenter,0,,,,,,,
us:place:4823272,Elmendorf city,Texas,meeting-without-video,"checked 5 real listing row(s), no video link",https://elmendorf-tx.com/AgendaCenter,5,,,,,,,
us:place:4824240,Encinal city,Texas,meeting-without-video,"checked 5 real listing row(s), no video link",https://cityofencinal.com/AgendaCenter,5,,,,,,,
us:place:4826136,Florence city,Texas,meeting-without-video,"checked 5 real listing row(s), no video link",https://florencetex.com/AgendaCenter,5,,,,,,,
us:place:4829876,Glen Rose city,Texas,skipped,"resolve raised: Cannot connect to host glenrosetexas.org:443 ssl:True [SSLCertVerificationError: (1, ""[SSL: CERTIFICATE_VERIFY_FAILED] certificate verify failed: Hostname mismatch, certificate is not valid for 'glenrosetexas.org'. (_ssl.c:1035)"")]",https://glenrosetexas.org/AgendaCenter,,,,,,,,
us:place:4831616,Gunter city,Texas,meeting-without-video,"checked 5 real listing row(s), no video link",https://guntertx.gov/AgendaCenter,5,,,,,,,
us:place:4831952,Hamilton city,Texas,meeting-without-video,"checked 5 real listing row(s), no video link",https://hamiltontexas.com/AgendaCenter,5,,,,,,,
us:place:4832972,Hearne city,Texas,meeting-without-video,"checked 5 real listing row(s), no video link",https://cityofhearne.org/AgendaCenter,5,,,,,,,
us:place:4833188,Hemphill city,Texas,meeting-without-video,"checked 5 real listing row(s), no video link",https://cityofhemphill.com/AgendaCenter,5,,,,,,,
us:county:48235,Irion County,Texas,meeting-without-video,"checked 5 real listing row(s), no video link",https://co.irion.tx.us/AgendaCenter,5,,,,,,,
us:place:4837984,Jones Creek village,Texas,meeting-without-video,"checked 5 real listing row(s), no video link",https://villageofjonescreektexas.com/AgendaCenter,5,,,,,,,
us:place:4838116,Jourdanton city,Texas,meeting-without-video,"checked 5 real listing row(s), no video link",https://jourdantontexas.org/AgendaCenter,5,,,,,,,
us:place:4843144,Llano city,Texas,meeting-without-video,"checked 5 real listing row(s), no video link",https://cityofllano.com/AgendaCenter,5,,,,,,,
us:place:4845288,Lytle city,Texas,candidate_tier1_2,,https://lytletx.org/AgendaCenter,19,youtube,https://www.youtube.com/watch?v=6U_2S0h673k,08.24.2026 Regular City Council Meeting,2026-08-24,yes,,accept
us:place:4847040,Mathis city,Texas,meeting-without-video,"checked 5 real listing row(s), no video link",https://cityofmathis.com/AgendaCenter,5,,,,,,,
us:place:4849128,Montgomery city,Texas,candidate_tier1_2,,https://montgomerytexas.gov/AgendaCenter,14,youtube,https://www.youtube.com/watch?v=gTvkvlErCgg&t=10s,08/18/2026 City Council & Planning and Zoning Commission Joint Special Meeting,2026-08-18,yes,,accept
us:place:4850628,Needville city,Texas,meeting-without-video,"checked 5 real listing row(s), no video link",https://cityofneedville.com/AgendaCenter,5,,,,,,,
us:place:4853115,Oak Leaf city,Texas,meeting-without-video,"checked 5 real listing row(s), no video link",https://oakleaftexas.org/AgendaCenter,5,,,,,,,
us:place:4853988,Olmos Park city,Texas,meeting-without-video,"checked 5 real listing row(s), no video link",https://olmospark.org/AgendaCenter,5,,,,,,,
us:place:4859084,Poteet city,Texas,meeting-without-video,"checked 5 real listing row(s), no video link",https://poteettx.org/AgendaCenter,5,,,,,,,
us:place:4860140,Quinlan city,Texas,meeting-without-video,"checked 1 real listing row(s), no video link",https://cityofquinlan.net/AgendaCenter,1,,,,,,,
us:place:4867400,Shenandoah city,Texas,candidate_tier1_2,,https://shenandoahtx.us/AgendaCenter,4,youtube,https://www.youtube.com/live/L0lsITl9_l0?si=Z26piE2eGFgC8O7-,Shenandoah City Council Meeting 8/26/2026,2026-08-26,yes,,accept
us:place:4867640,Shiner city,Texas,meeting-without-video,"checked 5 real listing row(s), no video link",https://shinertexas.gov/AgendaCenter,5,,,,,,,
us:place:4872776,Thorndale city,Texas,meeting-without-video,"checked 5 real listing row(s), no video link",https://cityofthorndaletx.org/AgendaCenter,5,,,,,,,
us:place:4873868,Tulia city,Texas,meeting-without-video,"checked 0 real listing row(s), no video link",https://tuliatexas.org/AgendaCenter,0,,,,,,,
us:place:4875032,Van Horn town,Texas,skipped,"resolve raised: 404, message='Not Found', url='https://vanhorntexas.org/AgendaCenter'",https://vanhorntexas.org/AgendaCenter,,,,,,,,
us:place:4877416,West Columbia city,Texas,meeting-without-video,"checked 5 real listing row(s), no video link",https://westcolumbiatx.org/AgendaCenter,5,,,,,,,
us:place:4878628,Whitewright town,Texas,meeting-without-video,"checked 5 real listing row(s), no video link",https://whitewright.com/AgendaCenter,5,,,,,,,
us:place:4879624,Wimberley city,Texas,meeting-without-video,"checked 5 real listing row(s), no video link",https://cityofwimberley.com/AgendaCenter,5,,,,,,,
us:place:4879816,Winnsboro city,Texas,meeting-without-video,"checked 5 real listing row(s), no video link",https://winnsborotexas.com/AgendaCenter,5,,,,,,,
us:place:4903345,Ballard town,Utah,skipped,"resolve raised: 404, message='Not Found', url='https://www.ballardcityut.gov/AgendaCenter'",https://ballardcityut.gov/AgendaCenter,,,,,,,,
us:place:4914840,Coalville city,Utah,meeting-without-video,"checked 5 real listing row(s), no video link",https://coalvillecity.gov/AgendaCenter,5,,,,,,,
us:place:4922870,Emery town,Utah,skipped,"resolve raised: 404, message='Not Found', url='https://emerycounty.com/AgendaCenter'",https://emerycounty.com/AgendaCenter,,,,,,,,
us:place:4948300,Marriott-Slaterville city,Utah,meeting-without-video,"checked 0 real listing row(s), no video link",https://marriott-slaterville.gov/AgendaCenter,0,,,,,,,
us:place:4958510,Parowan city,Utah,candidate_tier1_2,,https://parowan.gov/AgendaCenter,33,youtube,https://www.youtube.com/watch?v=9hrqwx3Vh8A,Airport Board 1-5-2026,2026-01-05,yes,,accept
us:place:4977890,Uintah town,Utah,skipped,"resolve raised: 404, message='Not Found', url='https://www.uintahcity.gov/AgendaCenter'",https://uintahcity.gov/AgendaCenter,,,,,,,,
us:place:5048100,Newbury village,Vermont,meeting-without-video,"checked 5 real listing row(s), no video link",https://newburyvt.org/AgendaCenter,5,,,,,,,
us:place:5108888,Bowling Green town,Virginia,skipped,"resolve raised: 404, message='Not Found', url='https://www.townofbowlinggreenva.gov/AgendaCenter'",https://townofbowlinggreenva.gov/AgendaCenter,,,,,,,,
us:place:5110744,Buchanan town,Virginia,meeting-without-video,"checked 5 real listing row(s), no video link",https://buchanan-va.gov/AgendaCenter,5,,,,,,,
us:place:5121648,Dayton town,Virginia,meeting-without-video,"checked 5 real listing row(s), no video link",https://daytonva.gov/AgendaCenter,5,,,,,,,
us:place:5148488,Madison town,Virginia,meeting-without-video,"checked 5 real listing row(s), no video link",https://madisonco.virginia.gov/AgendaCenter,5,,,,,,,
us:place:5167208,Ridgeway town,Virginia,skipped,resolve raised: YouTube video AgendaCente is gone: ERROR: [youtube] AgendaCente: This video is unavailable,https://youtu.be/AgendaCenter,,,,,,,,
us:place:5169168,Round Hill town,Virginia,meeting-without-video,"checked 0 real listing row(s), no video link",https://roundhillva.gov/AgendaCenter,0,,,,,,,
us:place:5179456,Troutdale town,Virginia,meeting-without-video,"checked 5 real listing row(s), no video link",https://graysoncountyva.gov/AgendaCenter,5,,,,,,,
us:county:53013,Columbia County,Washington,meeting-without-video,"checked 0 real listing row(s), no video link",https://columbiacountywa.gov/AgendaCenter,0,,,,,,,
us:county:53069,Wahkiakum County,Washington,meeting-without-video,"checked 5 real listing row(s), no video link",https://co.wahkiakum.wa.us/AgendaCenter,5,,,,,,,
us:place:5527000,Fox Lake city,Wisconsin,meeting-without-video,"checked 5 real listing row(s), no video link",https://cityoffoxlake.org/AgendaCenter,5,,,,,,,
us:place:5536025,Howards Grove village,Wisconsin,meeting-without-video,"checked 0 real listing row(s), no video link",https://howardsgrovewi.gov/AgendaCenter,0,,,,,,,
us:place:5541300,Lake Delton village,Wisconsin,meeting-without-video,"checked 5 real listing row(s), no video link",https://lakedeltonwi.gov/AgendaCenter,5,,,,,,,
us:place:5545350,Lodi city,Wisconsin,meeting-without-video,"checked 5 real listing row(s), no video link",https://cityoflodi.us/AgendaCenter,5,,,,,,,
us:place:5566200,Random Lake village,Wisconsin,meeting-without-video,"checked 5 real listing row(s), no video link",https://randomlakewi.com/AgendaCenter,5,,,,,,,
us:place:5663755,Ranchester town,Wyoming,meeting-without-video,"checked 0 real listing row(s), no video link",https://ranchesterwy.gov/AgendaCenter,0,,,,,,,
us:place:5670570,Shoshoni town,Wyoming,meeting-without-video,"checked 0 real listing row(s), no video link",https://shoshoniwyoming.org/AgendaCenter,0,,,,,,,
us:cousub:5000733475,Hinesburg town,Vermont,meeting-without-video,"checked 5 real listing row(s), no video link",https://hinesburg.org/AgendaCenter,5,,,,,,,
us:place:0254920,Nome city,Alaska,meeting-without-video,"checked 0 real listing row(s), no video link",https://nomealaska.org/AgendaCenter,0,,,,,,,
us:place:0618506,Del Mar city,California,skipped,resolve raised: Cannot connect to host delmar.ca.us:443 ssl:default [Connection reset by peer],https://delmar.ca.us/AgendaCenter,,,,,,,,
us:place:1219650,Eatonville town,Florida,meeting-without-video,"checked 0 real listing row(s), no video link",https://fl-eatonville.civicplus.com/AgendaCenter,0,,,,,,,
us:place:1258600,Port Richey city,Florida,skipped,"resolve raised: 404, message='Not Found', url='https://www.portricheypd.gov/AgendaCenter'",https://portricheypd.gov/AgendaCenter,,,,,,,,
us:place:1361040,Pine Lake city,Georgia,skipped,"resolve raised: 404, message='Not Found', url='https://pinelakega.net/AgendaCenter'",https://pinelakega.net/AgendaCenter,,,,,,,,
us:place:1710240,Byron city,Illinois,meeting-without-video,"checked 5 real listing row(s), no video link",https://cityofbyron.com/AgendaCenter,5,,,,,,,
us:place:1723737,El Paso city,Illinois,meeting-without-video,"checked 5 real listing row(s), no video link",https://elpasoil.org/AgendaCenter,5,,,,,,,
us:place:1755938,Olympia Fields village,Illinois,meeting-without-video,"checked 5 real listing row(s), no video link",https://olympia-fields.com/AgendaCenter,5,,,,,,,
us:place:1910135,Camanche city,Iowa,meeting-without-video,"checked 5 real listing row(s), no video link",https://camancheia.org/AgendaCenter,5,,,,,,,
us:place:1925365,Ely city,Iowa,meeting-without-video,"checked 5 real listing row(s), no video link",https://elyiowa.com/AgendaCenter,5,,,,,,,
us:place:1979770,University Heights city,Iowa,meeting-without-video,"checked 5 real listing row(s), no video link",https://university-heights.org/AgendaCenter,5,,,,,,,
us:place:2020350,Elkhart city,Kansas,skipped,"resolve raised: 404, message='Not Found', url='https://ci.elkhart.ks.us/AgendaCenter'",https://ci.elkhart.ks.us/AgendaCenter,,,,,,,,
us:place:2045700,Melvern city,Kansas,skipped,"resolve raised: 404, message='Not Found', url='https://melvernks.com/AgendaCenter'",https://melvernks.com/AgendaCenter,,,,,,,,
us:place:2055675,Phillipsburg city,Kansas,meeting-without-video,"checked 5 real listing row(s), no video link",https://cityofphillipsburg.com/AgendaCenter,5,,,,,,,
us:place:2610580,Bridgman city,Michigan,meeting-without-video,"checked 5 real listing row(s), no video link",https://bridgman.org/AgendaCenter,5,,,,,,,
us:place:2647180,Leslie city,Michigan,meeting-without-video,"checked 5 real listing row(s), no video link",https://cityofleslie.org/AgendaCenter,5,,,,,,,
us:place:2647820,Linden city,Michigan,skipped,"resolve raised: 403, message='Forbidden', url='https://lindenmi.us/AgendaCenter'",https://lindenmi.us/AgendaCenter,,,,,,,,
us:place:2650660,Manchester village,Michigan,meeting-without-video,"checked 5 real listing row(s), no video link",https://city-manchester.org/AgendaCenter,5,,,,,,,
us:place:2710648,Centerville city,Minnesota,meeting-without-video,"checked 0 real listing row(s), no video link",https://centervillemn.com/AgendaCenter,0,,,,,,,
us:place:2740256,Maple Plain city,Minnesota,skipped,"resolve raised: 404, message='Not Found', url='https://www.mapleplainmn.gov/AgendaCenter'",https://mapleplainmn.gov/AgendaCenter,,,,,,,,
us:place:2957422,Piedmont city,Missouri,skipped,"resolve raised: 404, message='Not Found', url='https://www.cityofpiedmont.com/AgendaCenter'",https://cityofpiedmont.com/AgendaCenter,,,,,,,,
us:place:2962660,Rock Hill city,Missouri,meeting-without-video,"checked 5 real listing row(s), no video link",https://rockhillmo.net/AgendaCenter,5,,,,,,,
us:place:2966368,Scott City city,Missouri,meeting-without-video,"checked 5 real listing row(s), no video link",https://scottcitymo.org/AgendaCenter,5,,,,,,,
us:place:3525450,Eunice city,New Mexico,meeting-without-video,"checked 5 real listing row(s), no video link",https://cityofeunice.org/AgendaCenter,5,,,,,,,
us:place:3705040,Benson town,North Carolina,skipped,"resolve raised: 404, message='Not Found', url='https://townofbenson.com/AgendaCenter'",https://townofbenson.com/AgendaCenter,,,,,,,,
us:place:3763880,Spindale town,North Carolina,meeting-without-video,"checked 5 real listing row(s), no video link",https://spindalenc.net/AgendaCenter,5,,,,,,,
us:place:3908336,Bratenahl village,Ohio,meeting-without-video,"checked 5 real listing row(s), no video link",https://bratenahl.org/AgendaCenter,5,,,,,,,
us:place:3966530,Richfield village,Ohio,meeting-without-video,"checked 5 real listing row(s), no video link",https://richfieldvillageohio.org/AgendaCenter,5,,,,,,,
us:place:4107200,Boardman city,Oregon,skipped,"resolve raised: 404, message='Not Found', url='https://www.cityofboardman.com/AgendaCenter'",https://cityofboardman.com/AgendaCenter,,,,,,,,
us:place:4111150,Carlton city,Oregon,skipped,"resolve raised: 404, message='Not Found', url='https://www.ci.carlton.or.us/AgendaCenter'",https://ci.carlton.or.us/AgendaCenter,,,,,,,,
us:place:4259120,Pennsburg borough,Pennsylvania,meeting-without-video,"checked 0 real listing row(s), no video link",https://pennsburg.us/AgendaCenter,0,,,,,,,
us:place:4271144,Slatington borough,Pennsylvania,meeting-without-video,"checked 5 real listing row(s), no video link",https://slatington.org/AgendaCenter,5,,,,,,,
us:place:4500100,Abbeville city,South Carolina,meeting-without-video,"checked 5 real listing row(s), no video link",https://abbevillecitysc.com/AgendaCenter,5,,,,,,,
us:place:4803072,Ames city,Texas,meeting-without-video,"checked 5 real listing row(s), no video link",https://cityofamestexas.com/AgendaCenter,5,,,,,,,
us:place:4805768,Bartonville town,Texas,meeting-without-video,"checked 5 real listing row(s), no video link",https://townofbartonville.com/AgendaCenter,5,,,,,,,
us:place:4821904,Early city,Texas,meeting-without-video,"checked 2 real listing row(s), no video link",https://earlytx.net/AgendaCenter,2,,,,,,,
us:place:4824828,Eustace city,Texas,meeting-without-video,"checked 4 real listing row(s), no video link",https://eustacetexas.org/AgendaCenter,4,,,,,,,
us:place:4830080,Goliad city,Texas,meeting-without-video,"checked 0 real listing row(s), no video link",https://goliadtx.net/AgendaCenter,0,,,,,,,
us:place:4840276,La Grange city,Texas,skipped,"resolve raised: 404, message='Not Found', url='https://cityoflg.com/AgendaCenter'",https://cityoflg.com/AgendaCenter,,,,,,,,
us:place:4866416,Seadrift city,Texas,meeting-without-video,delegate resolved but no segments/video_url,https://www.seadrifttx.org/AgendaCenter,6,civicclerk,https://seadrifttx.portal.civicclerk.com/event/36/files,City Council Public Hearing,2026-09-17,,,
us:place:4867100,Shady Shores town,Texas,meeting-without-video,"checked 0 real listing row(s), no video link",https://shady-shores.com/AgendaCenter,0,,,,,,,
us:place:4878076,Westworth Village city,Texas,meeting-without-video,"checked 5 real listing row(s), no video link",https://cityofwestworth.com/AgendaCenter,5,,,,,,,
us:place:4878532,Whitesboro city,Texas,meeting-without-video,"checked 5 real listing row(s), no video link",https://whitesboro.org/AgendaCenter,5,,,,,,,
us:place:5163928,Port Royal town,Virginia,meeting-without-video,"checked 2 real listing row(s), no video link",https://portroyalva.gov/AgendaCenter,2,,,,,,,
us:place:5508225,Bloomer city,Wisconsin,meeting-without-video,"checked 5 real listing row(s), no video link",https://ci.bloomer.wi.us/AgendaCenter,5,,,,,,,
us:place:5561100,Pardeeville village,Wisconsin,meeting-without-video,"checked 5 real listing row(s), no video link",https://villageofpardeeville.net/AgendaCenter,5,,,,,,,
