gov_id,city_name,state_or_province,platform,outcome,reason,final_seed,title,date,has_segments,segments_count,has_video_url,video_url,has_agenda_only,hand_decision
us:county:02164,Lake and Peninsula Borough,Alaska,civicweb,no-meeting-nor-video,resolved but no transcript/agenda/video (https://lakeandpen.civicweb.net/filepro/documents),https://lakeandpen.civicweb.net/filepro/documents,,,,,,,,
us:county:02195,Petersburg Borough,Alaska,granicus,candidate_tier3,,https://petersburg.granicus.com/MediaPlayer.php?clip_id=2235&view_id=2,"Planning Commission on 2021-03-09 12:00 PM - ZOOM MEETING - Mar 9th, 2021",2021-03-09,,,yes,https://archive-stream.granicus.com/OnDemand/_definst_/mp4:archive/petersburg/petersburg_9813f9b1-990c-4ed6-a5c5-1cb84332a68a.mp4/playlist.m3u8,,
us:place:0282200,Valdez city,Alaska,granicus,candidate_tier3,,https://valdez.granicus.com/player/clip/2246?view_id=3,City Council on 2024-09-17 7:00 PM - Regular Meeting,2024-09-17,,,yes,https://archive-stream.granicus.com/OnDemand/_definst_/mp4:archive/valdez/valdez_29c79e4b-75eb-11ef-9b71-005056a89546.mp4/playlist.m3u8,,
ca:csd:4802013,Coalhurst,Alberta,civicweb,no-meeting-nor-video,resolved but no transcript/agenda/video (https://coalhurst.community-ca.diligentoneplatform.com/Portal),https://coalhurst.community-ca.diligentoneplatform.com/Portal,,,,,,,,
ca:csd:4807012,Coronation,Alberta,civicweb,no-meeting-nor-video,resolved but no transcript/agenda/video (https://coronation.civicweb.net/filepro/documents/),https://coronation.civicweb.net/filepro/documents/,,,,,,,,
ca:csd:4819074,Grimshaw,Alberta,civicweb,no-meeting-nor-video,resolved but no transcript/agenda/video (https://grimshaw.civicweb.net/portal/),https://grimshaw.civicweb.net/portal/,,,,,,,,
ca:csd:4807048,Hardisty,Alberta,civicweb,no-meeting-nor-video,resolved but no transcript/agenda/video (https://hardisty.civicweb.net/Portal/MeetingTypeList.aspx),https://hardisty.civicweb.net/Portal/MeetingTypeList.aspx,,,,,,,,
ca:csd:4803014,Pincher Creek,Alberta,escribe,no-platform-link-found,escribe tenant calendar: no HasVideo meeting via GetCalendarMeetings in the last 120 days,,,,,,,,,
ca:csd:4817097,Rainbow Lake,Alberta,civicweb,no-meeting-nor-video,resolved but no transcript/agenda/video (https://rainbowlake.civicweb.net/portal/),https://rainbowlake.civicweb.net/portal/,,,,,,,,
ca:csd:4808044,Rimbey,Alberta,civicweb,no-meeting-nor-video,resolved but no transcript/agenda/video (https://rimbey.civicweb.net/Portal/MeetingTypeList.aspx),https://rimbey.civicweb.net/Portal/MeetingTypeList.aspx,,,,,,,,
ca:csd:4807044,Sedgewick,Alberta,civicweb,no-meeting-nor-video,resolved but no transcript/agenda/video (https://sedgewick.civicweb.net/Portal/),https://sedgewick.civicweb.net/Portal/,,,,,,,,
us:place:0419145,Dewey-Humboldt town,Arizona,granicus,candidate_tier3,,https://dhaz.granicus.com/player/clip/1385?view_id=2,Town Council Study Session,,,,yes,https://archive-stream.granicus.com/OnDemand/_definst_/mp4:archive/dhaz/dhaz_8d98f522-4718-434e-bd91-7464b71522a9.mp4/playlist.m3u8,,
us:place:0535500,Johnson city,Arkansas,municode_meetings,no-platform-link-found,no municode_meetings link found on hit_source_url or first 4 hop2_urls,,,,,,,,,
us:place:0548560,Nashville city,Arkansas,cablecast,no-meeting-nor-video,resolved but no transcript/agenda/video (http://nashville.cablecast.tv/internetchannel/show/14395?site=1),http://nashville.cablecast.tv/internetchannel/show/14395?site=1,"Metropolitan Council Committee: Budget & Finance August 31, 2026",,,,,,,
ca:csd:5951022,Burns Lake,British Columbia,escribe,no-platform-link-found,escribe tenant calendar: no HasVideo meeting via GetCalendarMeetings in the last 120 days,,,,,,,,,
ca:csd:5955010,Chetwynd,British Columbia,escribe,no-platform-link-found,escribe tenant calendar: no HasVideo meeting via GetCalendarMeetings in the last 120 days,,,,,,,,,
ca:csd:5933067,Clearwater,British Columbia,civicweb,no-meeting-nor-video,resolved but no transcript/agenda/video (https://districtofclearwater.civicweb.net/Portal),https://districtofclearwater.civicweb.net/Portal,,,,,,,,
ca:csd:5905005,Fruitvale,British Columbia,civicweb,no-meeting-nor-video,resolved but no transcript/agenda/video (https://fruitvale.civicweb.net/document/46406),https://fruitvale.civicweb.net/document/46406,,,,,,,,
ca:csd:5905032,Grand Forks,British Columbia,escribe,candidate_tier3,,https://pub-grand-forks.escribemeetings.com/Meeting.aspx?Id=0a99c7a9-840b-4a61-832d-b6975a2855e5&Agenda=PostMinutes&lang=English,Regular Meeting,2023-03-27,,,yes,https://cdn1.isilive.ca/vod/_definst_/mp4:grandforks/New%20Encoder_Regular%20Meeting_2023-03-27-12-59.mp4/playlist.m3u8,,
ca:csd:5949022,Hazelton,British Columbia,escribe,no-platform-link-found,escribe tenant calendar: no HasVideo meeting via GetCalendarMeetings in the last 120 days,,,,,,,,,
ca:csd:5917049,Highlands,British Columbia,civicweb,no-meeting-nor-video,resolved but no transcript/agenda/video (https://highlandsbc.community-ca.diligentoneplatform.com/Portal),https://highlandsbc.community-ca.diligentoneplatform.com/Portal,,,,,,,,
ca:csd:5951034,Houston,British Columbia,civicweb,no-meeting-nor-video,resolved but no transcript/agenda/video (https://houston.civicweb.net/filepro/documents),https://houston.civicweb.net/filepro/documents,,,,,,,,
ca:csd:5955025,Hudson's Hope,British Columbia,escribe,no-platform-link-found,escribe tenant calendar: no HasVideo meeting via GetCalendarMeetings in the last 120 days,,,,,,,,,
ca:csd:5921008,Lantzville,British Columbia,escribe,no-platform-link-found,no escribe link found on hit_source_url or first 4 hop2_urls,,,,,,,,,
ca:csd:5903050,Nakusp,British Columbia,civicweb,no-meeting-nor-video,resolved but no transcript/agenda/video (https://nakusp.civicweb.net/filepro/documents/4616),https://nakusp.civicweb.net/filepro/documents/4616,,,,,,,,
ca:csd:5931012,Pemberton,British Columbia,escribe,no-platform-link-found,escribe tenant calendar: no HasVideo meeting via GetCalendarMeetings in the last 120 days,,,,,,,,,
us:place:0636434,Indian Wells city,California,escribe,no-platform-link-found,no escribe link found on hit_source_url or first 4 hop2_urls,,,,,,,,,
us:place:0859830,Pitkin town,Colorado,granicus,candidate_tier3,,https://pitkincounty.granicus.com/player/clip/627?view_id=2,Pitkin County BOCC Work Session,2015-04-28,,,yes,https://archive-stream.granicus.com/OnDemand/_definst_/mp4:archive/pitkincounty/pitkincounty_9302dc87-4472-4bf3-9bdb-de77b7d389cd.mp4/playlist.m3u8,,
us:place:0871755,Snowmass Village town,Colorado,granicus,candidate_tier3,,https://snowmassvillage.granicus.com/player/clip/1577,Town Council - Work Session,,,,yes,https://archive-stream.granicus.com/OnDemand/_definst_/mp4:archive/snowmassvillage/snowmassvillage_837c2d45-c701-409f-933e-a380e447aa92.mp4/playlist.m3u8,,
us:place:1033120,Harrington city,Delaware,civicweb,no-meeting-nor-video,resolved but no transcript/agenda/video (https://cityofharrington.civicweb.net/Portal/Default.aspx),https://cityofharrington.civicweb.net/Portal/Default.aspx,,,,,,,,
us:place:1204150,Bay Lake city,Florida,escribe,no-platform-link-found,no escribe link found on hit_source_url or first 4 hop2_urls,,,,,,,,,
us:place:1209625,Bushnell city,Florida,vimeo,no-meeting-nor-video,resolved but no transcript/agenda/video (https://player.vimeo.com/video/70080096?h=dc533513bb&portfolio_id=168353),https://player.vimeo.com/video/70080096?h=dc533513bb&portfolio_id=168353,,,,,,,,
us:place:1237625,Lake Buena Vista city,Florida,escribe,no-platform-link-found,no escribe link found on hit_source_url or first 4 hop2_urls,,,,,,,,,
us:place:1274925,Waldo city,Florida,escribe,no-platform-link-found,escribe tenant calendar: no HasVideo meeting via GetCalendarMeetings in the last 120 days,,,,,,,,,
us:place:1316460,Clarkesville city,Georgia,granicus,no-platform-link-found,no granicus link found on hit_source_url or first 4 hop2_urls,,,,,,,,,
us:place:1348232,Lyons city,Georgia,iqm2,no-meeting-nor-video,resolved but no transcript/agenda/video (https://lyonsga.iqm2.com/Citizens/Board),https://lyonsga.iqm2.com/Citizens/Board,,,,,,,,
us:county:13259,Stewart County,Georgia,wistia,candidate_tier3,,https://gasos.wistia.com/medias/mgldoxzyjk,Absentee Voting is Easy &amp; Secure,2022-10-06,,,yes,https://embed-ssl.wistia.com/deliveries/9e0f885d1001fc906b79a8ea1382698965155890.bin,,
us:place:1376364,Thunderbolt town,Georgia,municode_meetings,no-platform-link-found,no municode_meetings link found on hit_source_url or first 4 hop2_urls,,,,,,,,,
us:place:1378036,Tybee Island city,Georgia,cablecast,no-meeting-nor-video,resolved but no transcript/agenda/video (https://reflect-vod-cityoftybee.cablecast.tv/internetchannel/show/7572?site=1),https://reflect-vod-cityoftybee.cablecast.tv/internetchannel/show/7572?site=1,Talkin' Tybee- Local Foods,,,,,,,
us:place:1703883,Barrington Hills village,Illinois,granicus,candidate_tier3,,https://vbhil.granicus.com/player/clip/492?view_id=1,Board of Trustees,,,,yes,https://archive-stream.granicus.com/OnDemand/_definst_/mp4:archive/vbhil/vbhil_9f5b53be-4804-42e8-aafe-baec2f9f8de4.mp4/playlist.m3u8,,
us:place:1735866,Hometown city,Illinois,cablecast,candidate_tier3,,http://hometown.cablecast.tv/show/209?site=1,WESTown City Council Meeting,2022-04-13,,,yes,https://yourtown.cablecast.tv/vod/209-WESTown-City-Council-Meeting-v1/vod.m3u8,,
us:place:1800820,Albion town,Indiana,vimeo,skipped,title looks like a non-meeting video: None,https://vimeo.com/140685552,,,,,,,,
us:place:1853352,New Palestine town,Indiana,civicweb,no-platform-link-found,no civicweb link found on hit_source_url or first 4 hop2_urls,,,,,,,,,
us:place:1923115,Dyersville city,Iowa,cablecast,no-platform-link-found,no cablecast link found on hit_source_url or first 4 hop2_urls,,,,,,,,,
us:place:1980445,Van Meter city,Iowa,civicclerk,no-platform-link-found,no civicclerk link found on hit_source_url or first 4 hop2_urls,,,,,,,,,
us:place:1985845,Williamsburg city,Iowa,civicweb,candidate_tier1_2,,https://williamsburg.civicweb.net/Portal/MeetingInformation.aspx?Id=1209,City Council - Aug 13 2026,2026-08-13,yes,763,,,,
us:place:2001975,Anthony city,Kansas,municode_meetings,no-meeting-nor-video,resolved but no transcript/agenda/video (https://anthony-ks.municodemeetings.com/),https://anthony-ks.municodemeetings.com/,,,,,,,,
us:county:20093,Kearny County,Kansas,iqm2,no-meeting-nor-video,resolved but no transcript/agenda/video (https://kearny.iqm2.com/Citizens/default.aspx),https://kearny.iqm2.com/Citizens/default.aspx,,,,,,,,
us:place:2123968,Edmonton city,Kentucky,escribe,candidate_tier3,,https://pub-edmonton.escribemeetings.com/Meeting.aspx?Agenda=Agenda&Id=6f5d15ef-01bf-411b-8af1-0b22d2f92009&Item=54&Tab=attachments&lang=English,Tax Notice Format - Education Tax Information - City Council,2022-03-14,,,yes,https://cdn1.isilive.ca/vod/_definst_/mp4:edmonton/2022-04-04-City-Council-Complete.mp4/playlist.m3u8,,
us:place:2183172,Wilder city,Kentucky,cablecast,skipped,title looks like a non-meeting video: 'Wilder State of the City 2025',https://reflect-campbellcounty.cablecast.tv/internetchannel/show/60286?site=1,Wilder State of the City 2025,2025-11-13,,,,,,
us:place:2267215,St. Francisville town,Louisiana,vimeo,no-platform-link-found,no vimeo link found on hit_source_url or first 4 hop2_urls,,,,,,,,,
us:place:2609000,Blissfield village,Michigan,civicweb,no-meeting-nor-video,resolved but no transcript/agenda/video (https://blissfield.civicweb.net/filepro/documents?expanded=28),https://blissfield.civicweb.net/filepro/documents?expanded=28,,,,,,,,
us:place:2610160,Breckenridge village,Michigan,vimeo,no-platform-link-found,no vimeo link found on hit_source_url or first 4 hop2_urls,,,,,,,,,
us:place:2636800,Harrison city,Michigan,civicweb,no-meeting-nor-video,resolved but no transcript/agenda/video (https://cityofharrisonmi.civicweb.net/Portal/),https://cityofharrisonmi.civicweb.net/Portal/,,,,,,,,
us:place:2641340,Ithaca city,Michigan,vimeo,no-platform-link-found,no vimeo link found on hit_source_url or first 4 hop2_urls,,,,,,,,,
us:place:2644940,Lake Orion village,Michigan,iqm2,no-meeting-nor-video,resolved but no transcript/agenda/video (https://lakeorionmi.iqm2.com/Citizens/default.aspx),https://lakeorionmi.iqm2.com/Citizens/default.aspx,,,,,,,,
us:place:2657220,New Buffalo city,Michigan,proudcity,no-platform-link-found,no proudcity link found on hit_source_url or first 4 hop2_urls,,,,,,,,,
us:place:2674980,South Haven city,Michigan,granicus,candidate_tier3,,https://south-haven.granicus.com/player/clip/663?view_id=4,City Council Joint Housing Workshop,2023-06-09,,,yes,https://archive-stream.granicus.com/OnDemand/_definst_/mp4:archive/south-haven/south-haven_d1a01343-8f12-4a53-8ed1-6fd93cf2bcde.mp4/playlist.m3u8,,
us:place:2688420,Woodland village,Michigan,civicweb,candidate_tier1_2,,https://woodland.civicweb.net/Portal/MeetingInformation.aspx?Id=5913,Planning Commission - 20 Aug 2026,2026-08-20,yes,1075,,,,
us:place:2703574,Barnesville city,Minnesota,civicweb,no-meeting-nor-video,resolved but no transcript/agenda/video (https://barnesvillemn.community.diligentoneplatform.com/Portal),https://barnesvillemn.community.diligentoneplatform.com/Portal,,,,,,,,
us:place:2705014,Beltrami city,Minnesota,granicus,candidate_tier3,,https://minnesotapuc.granicus.com/MediaPlayer.php?clip_id=27,PUC Agenda Meeting on 2013-06-06 9:30 AM,2013-06-06,,,yes,https://archive-stream.granicus.com/OnDemand/_definst_/mp4:archive/minnesotapuc/minnesotapuc_51f5189e-6b4b-40b7-8fdd-b7415d69a851.mp4/playlist.m3u8,,
us:place:2712430,Cokato city,Minnesota,viebit,no-meeting-nor-video,resolved but no transcript/agenda/video (http://cokato.viebit.com/),http://cokato.viebit.com/,,,,,,,,
us:place:2719358,Empire city,Minnesota,granicus,no-platform-link-found,no granicus link found on hit_source_url or first 4 hop2_urls,,,,,,,,,
us:place:2720078,Excelsior city,Minnesota,civicclerk,candidate_tier3,,https://excelsiormn.portal.civicclerk.com/event/3241/media,Parks and Recreation Commission,2026-08-11,,,yes,https://reflect-lmcc.cablecast.tv/CablecastPublicSite/show/57831?site=1,,
us:place:2734865,Lake St. Croix Beach city,Minnesota,vimeo,no-platform-link-found,no vimeo link found on hit_source_url or first 4 hop2_urls,,,,,,,,,
us:place:2736800,Lewiston city,Minnesota,granicus,no-platform-link-found,no granicus link found on hit_source_url or first 4 hop2_urls,,,,,,,,,
us:place:2740310,Mapleton city,Minnesota,civicweb,candidate_tier1_2,,https://mapleton.civicweb.net/Portal/MeetingInformation.aspx?Id=359,Committee of Adjustment - 12 Aug 2026,2026-08-12,yes,99,,,,
us:place:2751064,Pine City city,Minnesota,civicweb,no-meeting-nor-video,resolved but no transcript/agenda/video (https://pinecitygovoffice.civicweb.net/Portal),https://pinecitygovoffice.civicweb.net/Portal,,,,,,,,
us:place:2754060,Rice Lake city,Minnesota,civicweb,no-meeting-nor-video,resolved but no transcript/agenda/video (https://ricelakecitymn.civicweb.net/Portal),https://ricelakecitymn.civicweb.net/Portal,,,,,,,,
us:place:2765956,Two Harbors city,Minnesota,cablecast,candidate_tier3,,https://reflect-two-harbors.cablecast.tv/CablecastPublicSite/show/10633?site=1,City Council Meeting Regular - 8/24/2026,2026-08-24,,,yes,https://reflect-two-harbors.cablecast.tv/store-3/10633-City-Council-Meeting-v1/vod.mp4,,
us:place:2768764,Waverly city,Minnesota,civicweb,candidate_tier1_2,,https://waverly.civicweb.net/Portal/MeetingInformation.aspx?Id=18903,Planning and Zoning Commission - Sep 03 2026,2026-09-03,yes,652,,,,
us:county:30107,Wheatland County,Montana,escribe,no-meeting-nor-video,resolved but no transcript/agenda/video (https://pub-wheatland.escribemeetings.com/Meeting.aspx?Agenda=Agenda&Id=fea9c5f7-4221-4442-8558-6c1b656247f0&lang=English),https://pub-wheatland.escribemeetings.com/Meeting.aspx?Agenda=Agenda&Id=fea9c5f7-4221-4442-8558-6c1b656247f0&lang=English,Regular Council,2026-01-13,,,,,,
ca:csd:1302037,St. Stephen,New Brunswick,escribe,no-platform-link-found,no escribe link found on hit_source_url or first 4 hop2_urls,,,,,,,,,
us:place:3416660,Deal borough,New Jersey,vimeo,no-platform-link-found,no vimeo link found on hit_source_url or first 4 hop2_urls,,,,,,,,,
us:place:3434530,Island Heights borough,New Jersey,telvue,candidate_tier3,,https://videoplayer.telvue.com/player/Oq-7wKYBCUdINOcteEjoqtecwb8aAN1v/stream/1103?fullscreen=true&showtabssearch=false&show_title_description_summary=false&autostart=true,Borough of Island Heights,,,,yes,https://livestream.telvue.com/islandheights1/f7b44cfafd5c52223d5498196c8a2e7b.sdp/playlist.m3u8,,
us:place:3464320,Rocky Hill borough,New Jersey,iqm2,no-meeting-nor-video,resolved but no transcript/agenda/video (http://rockyhillnj.iqm2.com/Citizens/Detail_Motion.aspx?Frame=&MeetingID=1161&MinutesID=1143&MediaPosition=&ID=4331&Type=80&CssClass=%20style=),http://rockyhillnj.iqm2.com/Citizens/Detail_Motion.aspx?Frame=&MeetingID=1161&MinutesID=1143&MediaPosition=&ID=4331&Type=80&CssClass=%20style=,Planning Board Regular Meeting,2018-10-18,,,,,,
us:place:3465400,Saddle River borough,New Jersey,granicus,no-platform-link-found,no granicus link found on hit_source_url or first 4 hop2_urls,,,,,,,,,
us:place:3610341,Buchanan village,New York,vimeo,no-meeting-nor-video,resolved but no transcript/agenda/video (https://vimeo.com/605162153),https://vimeo.com/605162153,,,,,,,,
us:place:3622183,East Hampton village,New York,iqm2,no-meeting-nor-video,resolved but no transcript/agenda/video (https://easthamptontown.iqm2.com/Citizens/Default.aspx),https://easthamptontown.iqm2.com/Citizens/Default.aspx,,,,,,,,
us:place:3625967,Fishkill village,New York,iqm2,candidate_tier3,,http://fishkilltownny.iqm2.com/Citizens/SplitView.aspx?Format=Minu&MeetingID=1738&Mode=Video,Town Board Regular Meeting,2022-09-21,,,yes,https://archive-stream.granicus.com/OnDemand/_definst_/mp4:archive/fishkilltownny/1506_480.mp4/playlist.m3u8,,
us:place:3630576,Greenport village,New York,iqm2,no-meeting-nor-video,resolved but no transcript/agenda/video (http://greenportny.iqm2.com/Citizens/Detail_LegiFile.aspx?Frame=&MeetingID=1076&MediaPosition=&ID=2316&CssClass=),http://greenportny.iqm2.com/Citizens/Detail_LegiFile.aspx?Frame=&MeetingID=1076&MediaPosition=&ID=2316&CssClass=,Mayor and Board of Trustees Regular Meeting,2015-06-25,,,,,,
us:place:3680186,West Hampton Dunes village,New York,proudcity,no-platform-link-found,no proudcity link found on hit_source_url or first 4 hop2_urls,,,,,,,,,
us:place:3700640,Alamance village,North Carolina,escribe,no-platform-link-found,escribe tenant calendar: no HasVideo meeting via GetCalendarMeetings in the last 120 days,,,,,,,,,
us:place:3710680,Carthage town,North Carolina,granicus,no-platform-link-found,no granicus link found on hit_source_url or first 4 hop2_urls,,,,,,,,,
us:place:3713000,Cleveland town,North Carolina,vimeo,no-platform-link-found,no vimeo link found on hit_source_url or first 4 hop2_urls,,,,,,,,,
us:place:3727420,Granite Falls town,North Carolina,granicus,no-platform-link-found,no granicus link found on hit_source_url or first 4 hop2_urls,,,,,,,,,
us:place:3736220,Kure Beach town,North Carolina,civicweb,no-meeting-nor-video,resolved but no transcript/agenda/video (https://townofkurebeach.civicweb.net/document/54660?record=false),https://townofkurebeach.civicweb.net/document/54660?record=false,,,,,,,,
us:place:3736514,Lake Santeetlah town,North Carolina,wistia,candidate_tier3,,https://edmundsgovtech.wistia.com/medias/cmc7wzifwc,WIPP New Release,2021-11-08,,,yes,https://embed-ssl.wistia.com/deliveries/9191c345b4e7598fcfa4913d55d2c6987babc137.bin,,
us:place:3736860,Landis town,North Carolina,municode_meetings,no-meeting-nor-video,resolved but no transcript/agenda/video (https://landis-nc.municodemeetings.com/),https://landis-nc.municodemeetings.com/,,,,,,,,
us:place:3739480,Lowell city,North Carolina,proudcity,no-platform-link-found,no proudcity link found on hit_source_url or first 4 hop2_urls,,,,,,,,,
us:place:3766360,Swansboro town,North Carolina,municode_meetings,candidate_tier1_2,,https://swansboro-nc.municodemeetings.com/bc-boardcommissioners/page/board-commissioners-116,BOC 6.9.2026 Regular Meeting (Experienced Technical Difficulties),2026-06-09,yes,99,,,,
us:place:3768500,Troutman town,North Carolina,granicus,candidate_tier3,,https://troutmannc.granicus.com/player/clip/70,Town Council Regular Meeting,,,,yes,https://archive-stream.granicus.com/OnDemand/_definst_/mp4:archive/troutmannc/troutmannc_73a41f13-2665-4289-9a30-ff81b0826c64.mp4/playlist.m3u8,,
us:place:3773660,Whiteville city,North Carolina,granicus,candidate_tier3,,https://whiteville.granicus.com/MediaPlayer.php?view_id=1&clip_id=388,City Council,2026-09-08,,,yes,https://archive-stream.granicus.com/OnDemand/_definst_/mp4:archive/whiteville/whiteville_7c3fee94-ac45-11f1-a183-005056a89546.mp4/playlist.m3u8,,
us:county:38065,Oliver County,North Dakota,escribe,candidate_tier3,,https://pub-oliver.escribemeetings.com/Meeting.aspx?Agenda=Agenda&Id=e1e0450b-d89d-4b85-8b28-7ae632ad67d5&lang=English,Special Open Council Meeting,2025-12-08,,,yes,https://cdn1.isilive.ca/vod/_definst_/mp4:oliver/New%20Encoder_Special%20Open%20Council%20Meeting_2025-12-08-01-59.mp4/playlist.m3u8,,
us:place:3957918,Octa village,Ohio,granicus,candidate_tier3,,https://octa.granicus.com/player/clip/2924,Regional Transportation Planning Committee,2025-02-03,,,yes,https://archive-stream.granicus.com/OnDemand/_definst_/mp4:archive/octa/octa_09e3545a-65dd-4f1e-bc4e-e7ca1b382980.mp4/playlist.m3u8,,
us:place:3983902,West Milton village,Ohio,proudcity,no-platform-link-found,no proudcity link found on hit_source_url or first 4 hop2_urls,,,,,,,,,
us:place:4033700,Hennessey town,Oklahoma,civicweb,no-meeting-nor-video,resolved but no transcript/agenda/video (https://hennesseyok.community.diligentoneplatform.com/Portal/Default.aspx),https://hennesseyok.community.diligentoneplatform.com/Portal/Default.aspx,,,,,,,,
us:place:4041700,Laverne town,Oklahoma,swagit,candidate_tier1_2,,https://laverneca.new.swagit.com/videos/344576,"Jun 02, 2025 City Council",2025-06-02,yes,50,,,,
ca:csd:3522008,Amaranth,Ontario,escribe,no-platform-link-found,escribe tenant calendar: no HasVideo meeting via GetCalendarMeetings in the last 120 days,,,,,,,,,
ca:csd:3556014,Black River-Matheson,Ontario,civicweb,no-platform-link-found,no civicweb link found on hit_source_url or first 4 hop2_urls,,,,,,,,,
ca:csd:3549066,Callander,Ontario,civicweb,no-meeting-nor-video,resolved but no transcript/agenda/video (https://callander.civicweb.net/document/136640/),https://callander.civicweb.net/document/136640/,,,,,,,,
ca:csd:3512026,Centre Hastings,Ontario,civicweb,no-meeting-nor-video,resolved but no transcript/agenda/video (https://centrehastings.civicweb.net/Portal/),https://centrehastings.civicweb.net/Portal/,,,,,,,,
ca:csd:3547096,Deep River,Ontario,civicweb,no-meeting-nor-video,resolved but no transcript/agenda/video (https://deepriver.civicweb.net/Portal/MeetingTypeList.aspx),https://deepriver.civicweb.net/Portal/MeetingTypeList.aspx,,,,,,,,
ca:csd:3534030,Dutton/Dunwich,Ontario,escribe,no-platform-link-found,escribe tenant calendar: no HasVideo meeting via GetCalendarMeetings in the last 120 days,,,,,,,,,
ca:csd:3512058,Faraday,Ontario,civicweb,no-meeting-nor-video,resolved but no transcript/agenda/video (https://faraday.civicweb.net/Portal/),https://faraday.civicweb.net/Portal/,,,,,,,,
ca:csd:3546005,Highlands East,Ontario,civicweb,no-meeting-nor-video,resolved but no transcript/agenda/video (https://highlandseast.civicweb.net/Portal/MeetingSchedule.aspx),https://highlandseast.civicweb.net/Portal/MeetingSchedule.aspx,,,,,,,,
ca:csd:3557096,Hornepayne,Ontario,civicweb,no-platform-link-found,no civicweb link found on hit_source_url or first 4 hop2_urls,,,,,,,,,
ca:csd:3544027,Lake of Bays,Ontario,civicweb,no-meeting-nor-video,resolved but no transcript/agenda/video (https://lakeofbays.civicweb.net/filepro/documents/),https://lakeofbays.civicweb.net/filepro/documents/,,,,,,,,
ca:csd:3552013,Markstay-Warren,Ontario,escribe,no-platform-link-found,no escribe link found on hit_source_url or first 4 hop2_urls,,,,,,,,,
ca:csd:3509001,Montague,Ontario,civicweb,no-meeting-nor-video,resolved but no transcript/agenda/video (https://montague.civicweb.net/document/83697),https://montague.civicweb.net/document/83697,,,,,,,,
ca:csd:3538018,Oil Springs,Ontario,civicweb,no-platform-link-found,no civicweb link found on hit_source_url or first 4 hop2_urls,,,,,,,,,
ca:csd:3507008,Prescott,Ontario,escribe,no-platform-link-found,no escribe link found on hit_source_url or first 4 hop2_urls,,,,,,,,,
ca:csd:3558041,Red Rock,Ontario,civicweb,no-platform-link-found,no civicweb link found on hit_source_url or first 4 hop2_urls,,,,,,,,,
ca:csd:3557008,St. Joseph,Ontario,escribe,no-platform-link-found,no escribe link found on hit_source_url or first 4 hop2_urls,,,,,,,,,
ca:csd:3552004,St.-Charles,Ontario,escribe,no-platform-link-found,no escribe link found on hit_source_url or first 4 hop2_urls,,,,,,,,,
ca:csd:3512001,Tyendinaga,Ontario,civicweb,no-meeting-nor-video,resolved but no transcript/agenda/video (https://tyendinagatownship.civicweb.net/portal/),https://tyendinagatownship.civicweb.net/portal/,,,,,,,,
ca:csd:3538043,Warwick,Ontario,civicweb,no-platform-link-found,no civicweb link found on hit_source_url or first 4 hop2_urls,,,,,,,,,
ca:csd:3512054,Wollaston,Ontario,civicweb,no-meeting-nor-video,resolved but no transcript/agenda/video (https://wollaston.civicweb.net/filepro/documents/30214/),https://wollaston.civicweb.net/filepro/documents/30214/,,,,,,,,
us:place:4137250,Jefferson city,Oregon,granicus,candidate_tier3,,https://jeffco.granicus.com/player/clip/363?view_id=1,Board of Commissioner's Meeting,2025-03-12,,,yes,https://archive-stream.granicus.com/OnDemand/_definst_/mp4:archive/jeffco/jeffco_14f02f1e-00f8-11f0-ab6a-005056a89546.mp4/playlist.m3u8,,
us:place:4182350,Willamina city,Oregon,proudcity,no-platform-link-found,no proudcity link found on hit_source_url or first 4 hop2_urls,,,,,,,,,
us:place:4184200,Yachats city,Oregon,civicclerk,candidate_tier3,,https://yachatsor.portal.civicclerk.com/event/1157/media,Finance Committee Meeting,2026-09-10,,,yes,https://cpmedia.azureedge.net/yachatsor/bf5e7c1855.mp4,,
us:place:4237304,Ivyland borough,Pennsylvania,vimeo,no-platform-link-found,no vimeo link found on hit_source_url or first 4 hop2_urls,,,,,,,,,
us:place:4257184,Orwigsburg borough,Pennsylvania,civicweb,no-meeting-nor-video,resolved but no transcript/agenda/video (https://orwigsburg.community.diligentoneplatform.com/Portal/MeetingInformation.aspx?Org=Cal&Id=51),https://orwigsburg.community.diligentoneplatform.com/Portal/MeetingInformation.aspx?Org=Cal&Id=51,Regular Council - Jan 11 2023,,,,,,,
ca:csd:2406060,L'Ascension-de-Patapédia,Quebec,vimeo,no-platform-link-found,no vimeo link found on hit_source_url or first 4 hop2_urls,,,,,,,,,
ca:csd:2406045,Matapédia,Quebec,vimeo,no-platform-link-found,no vimeo link found on hit_source_url or first 4 hop2_urls,,,,,,,,,
ca:csd:2406050,Saint-Alexis-de-Matapédia,Quebec,vimeo,no-platform-link-found,no vimeo link found on hit_source_url or first 4 hop2_urls,,,,,,,,,
ca:csd:2406040,Saint-André-de-Restigouche,Quebec,vimeo,no-platform-link-found,no vimeo link found on hit_source_url or first 4 hop2_urls,,,,,,,,,
ca:csd:2406055,Saint-François-d'Assise,Quebec,vimeo,no-platform-link-found,no vimeo link found on hit_source_url or first 4 hop2_urls,,,,,,,,,
ca:csd:2468025,Saint-Patrice-de-Sherrington,Quebec,vimeo,no-platform-link-found,no vimeo link found on hit_source_url or first 4 hop2_urls,,,,,,,,,
ca:csd:2418030,Saint-Paul-de-Montminy,Quebec,vimeo,no-platform-link-found,no vimeo link found on hit_source_url or first 4 hop2_urls,,,,,,,,,
ca:csd:2418025,Sainte-Apolline-de-Patton,Quebec,vimeo,no-platform-link-found,no vimeo link found on hit_source_url or first 4 hop2_urls,,,,,,,,,
ca:csd:4705074,Melville,Saskatchewan,civicweb,no-platform-link-found,no civicweb link found on hit_source_url or first 4 hop2_urls,,,,,,,,,
us:place:4635820,Langford town,South Dakota,escribe,candidate_tier3,,https://pub-langford.escribemeetings.com/Meeting.aspx?Agenda=PostMinutes&Id=f1c3472c-0a03-48f6-8059-884d854c7284&lang=English,Council Meeting,2026-03-02,,,yes,https://cdn1.isilive.ca/vod/_definst_/mp4:langford/lite_encoder_CM_2026-03-02-09-59.mp4/playlist.m3u8,,
us:place:4667700,Volga city,South Dakota,civicweb,no-platform-link-found,no civicweb link found on hit_source_url or first 4 hop2_urls,,,,,,,,,
us:place:4701640,Ardmore city,Tennessee,vimeo,no-platform-link-found,no vimeo link found on hit_source_url or first 4 hop2_urls,,,,,,,,,
us:place:4704620,Belle Meade city,Tennessee,champds,candidate_tier3,,https://play.champds.com/bellemeadetn/event/227,Regular Meeting,2026-06-16,,,yes,https://play.champds.com/DOWNLOAD-MEDIA/bellemeadetn/eventmainmedia/227,,
us:place:4754780,Oak Hill city,Tennessee,champds,candidate_tier3,,https://play.champds.com/oakhilltn/event/50,Board of Commissioners,2022-03-22,,,yes,https://play.champds.com/DOWNLOAD-MEDIA/oakhilltn/eventmainmedia/50,,
us:place:4803708,Arcola city,Texas,civicclerk,no-platform-link-found,no past CivicClerk events with real media found via tenant Events API,,,,,,,,,
us:place:4813312,Castroville city,Texas,municode_meetings,no-meeting-nor-video,resolved but no transcript/agenda/video (https://castroville-tx.municodemeetings.com/),https://castroville-tx.municodemeetings.com/,,,,,,,,
us:place:4816036,Collinsville town,Texas,civicweb,no-platform-link-found,no civicweb link found on hit_source_url or first 4 hop2_urls,,,,,,,,,
us:place:4825752,Ferris city,Texas,civicweb,no-meeting-nor-video,resolved but no transcript/agenda/video (https://ferris-texas.community.diligentoneplatform.com/Portal/#jumpToMain),https://ferris-texas.community.diligentoneplatform.com/Portal/#jumpToMain,,,,,,,,
us:place:4827696,Fritch city,Texas,civicweb,no-platform-link-found,no civicweb link found on hit_source_url or first 4 hop2_urls,,,,,,,,,
us:place:4832906,Hays city,Texas,granicus,candidate_tier3,,https://hays.granicus.com/player/clip/201?view_id=2,Regular,2016-08-09,,,yes,https://archive-stream.granicus.com/OnDemand/_definst_/mp4:archive/hays/hays_5808814d-d353-4f0d-b91a-3626891606e9.mp4/playlist.m3u8,,
us:place:4834148,Hilshire Village city,Texas,municode_meetings,no-platform-link-found,no municode_meetings link found on hit_source_url or first 4 hop2_urls,,,,,,,,,
us:place:4835254,Hudson Oaks city,Texas,granicus,no-platform-link-found,no granicus link found on hit_source_url or first 4 hop2_urls,,,,,,,,,
us:county:48271,Kinney County,Texas,civicweb,no-meeting-nor-video,resolved but no transcript/agenda/video (https://cokinneytx.civicweb.net/portal/),https://cokinneytx.civicweb.net/portal/,,,,,,,,
us:place:4841764,La Vernia city,Texas,municode_meetings,no-meeting-nor-video,resolved but no transcript/agenda/video (https://lavernia-tx.municodemeetings.com/),https://lavernia-tx.municodemeetings.com/,,,,,,,,
us:place:4858808,Port Aransas city,Texas,civicweb,no-meeting-nor-video,resolved but no transcript/agenda/video (https://cityofportaransas.civicweb.net/Portal),https://cityofportaransas.civicweb.net/Portal,,,,,,,,
us:place:4869140,South Padre Island town,Texas,granicus,candidate_tier3,,https://townspi.granicus.com/player/clip/4657?view_id=4,City Council Regular Meeting,2026-01-21,,,yes,https://archive-stream.granicus.com/OnDemand/_definst_/mp4:archive/townspi/townspi_cec7cab8-e192-46d4-8e55-555d1bf2fd67.mp4/playlist.m3u8,,
us:place:4870340,Stinnett city,Texas,civicweb,no-meeting-nor-video,resolved but no transcript/agenda/video (https://cityofstinnett.community.diligentoneplatform.com/Portal/),https://cityofstinnett.community.diligentoneplatform.com/Portal/,,,,,,,,
us:place:4877632,West Lake Hills city,Texas,civicclerk,candidate_tier3,,https://westlakehillstx.portal.civicclerk.com/event/532/media,Zoning & Planning Commission Meeting,2026-08-19,,,yes,https://www.westlakehills.gov/DocumentCenter/View/4765/07152026-ZAPCO-Audio,,
us:place:5109032,Boykins town,Virginia,swagit,no-meeting-nor-video,resolved but no transcript/agenda/video (https://southamptoncountyva.new.swagit.com/views/278/),https://southamptoncountyva.new.swagit.com/views/278/,"Southampton County, VA Video Archive",,,,,,,
us:place:5109208,Branchville town,Virginia,swagit,no-meeting-nor-video,resolved but no transcript/agenda/video (https://southamptoncountyva.new.swagit.com/views/278/),https://southamptoncountyva.new.swagit.com/views/278/,"Southampton County, VA Video Archive",,,,,,,
us:place:5112904,Capron town,Virginia,swagit,no-meeting-nor-video,resolved but no transcript/agenda/video (https://southamptoncountyva.new.swagit.com/views/278/),https://southamptoncountyva.new.swagit.com/views/278/,"Southampton County, VA Video Archive",,,,,,,
us:place:5119600,Courtland town,Virginia,swagit,no-meeting-nor-video,resolved but no transcript/agenda/video (https://southamptoncountyva.new.swagit.com/views/278/),https://southamptoncountyva.new.swagit.com/views/278/,"Southampton County, VA Video Archive",,,,,,,
us:place:5140232,Ivor town,Virginia,swagit,no-meeting-nor-video,resolved but no transcript/agenda/video (https://southamptoncountyva.new.swagit.com/views/278/),https://southamptoncountyva.new.swagit.com/views/278/,"Southampton County, VA Video Archive",,,,,,,
us:place:5156096,Newsoms town,Virginia,swagit,no-meeting-nor-video,resolved but no transcript/agenda/video (https://southamptoncountyva.new.swagit.com/views/278/),https://southamptoncountyva.new.swagit.com/views/278/,"Southampton County, VA Video Archive",,,,,,,
us:place:5160488,Pamplin City town,Virginia,civicclerk,no-platform-link-found,no civicclerk link found on hit_source_url or first 4 hop2_urls,,,,,,,,,
us:place:5310215,Carnation city,Washington,proudcity,no-platform-link-found,no proudcity link found on hit_source_url or first 4 hop2_urls,,,,,,,,,
us:place:5312945,Cle Elum city,Washington,civicclerk,no-platform-link-found,no past CivicClerk events with real media found via tenant Events API,,,,,,,,,
us:place:5486812,White Sulphur Springs city,West Virginia,proudcity,no-platform-link-found,no proudcity link found on hit_source_url or first 4 hop2_urls,,,,,,,,,
us:place:5500100,Abbotsford city,Wisconsin,escribe,candidate_tier3,,https://pub-abbotsford.escribemeetings.com/Meeting.aspx?Agenda=Merged&Id=c157e0a4-351f-49f2-bd63-bc0747196fed&lang=English,Council Meeting,2025-06-24,,,yes,https://cdn1.isilive.ca/vod/_definst_/mp4:abbotsford/Compact%20Encoder%20883_CM_2025-06-24-05-58.mp4/playlist.m3u8,,
us:place:5518700,Dane village,Wisconsin,granicus,skipped,title looks like a non-meeting video: 'Advisory Committee on Data Centers - See below for additional instructions on how to attend the meeting and provide public testimony.',https://dane.granicus.com/player/clip/5572,Advisory Committee on Data Centers - See below for additional instructions on how to attend the meeting and provide public testimony.,2026-05-12,,,,,,
us:place:5538350,Johnson Creek village,Wisconsin,civicweb,no-meeting-nor-video,resolved but no transcript/agenda/video (https://johnsoncreekwi.civicweb.net/filepro/documents/3427),https://johnsoncreekwi.civicweb.net/filepro/documents/3427,,,,,,,,
us:place:5554500,Mosinee city,Wisconsin,iqm2,no-meeting-nor-video,resolved but no transcript/agenda/video (http://mosineecitywi.iqm2.com/Citizens/default.aspx),http://mosineecitywi.iqm2.com/Citizens/default.aspx,,,,,,,,
us:place:5561325,Park Ridge village,Wisconsin,granicus,no-platform-link-found,no granicus link found on hit_source_url or first 4 hop2_urls,,,,,,,,,
us:place:5565100,Prairie du Sac village,Wisconsin,vimeo,no-platform-link-found,no vimeo link found on hit_source_url or first 4 hop2_urls,,,,,,,,,
us:place:5568550,Rochester village,Wisconsin,civicweb,no-meeting-nor-video,resolved but no transcript/agenda/video (https://rochesterwi.civicweb.net/portal/#jumpToMain),https://rochesterwi.civicweb.net/portal/#jumpToMain,,,,,,,,
us:place:5579475,Thiensville village,Wisconsin,civicclerk,no-platform-link-found,no past CivicClerk events with real media found via tenant Events API,,,,,,,,,
us:place:0606798,Bishop city,California,granicus,candidate_tier3,,https://bishop-ca.granicus.com/player/clip/1804?redirect=true&view_id=1,City Council,2026-07-27,,,yes,https://archive-stream.granicus.com/OnDemand/_definst_/mp4:archive/bishop-ca/bishop-ca_49f70c73-8aa9-11f1-bb61-005056a89546.mp4/playlist.m3u8,,
us:place:0885705,Winter Park town,Colorado,granicus,meeting-without-video,"agenda-only, no video: https://winterparkcolorado.granicus.com/MediaPlayer.php?view_id=1&clip_id=94",https://winterparkcolorado.granicus.com/MediaPlayer.php?view_id=1&clip_id=94,Planning Commission,2026-09-04,,,,,yes,
us:place:1211975,Chipley city,Florida,municode_meetings,no-meeting-nor-video,resolved but no transcript/agenda/video (https://chipley-fl.municodemeetings.com/),https://chipley-fl.municodemeetings.com/,,,,,,,,
us:place:1716470,Cortland town,Illinois,municode_meetings,no-meeting-nor-video,resolved but no transcript/agenda/video (http://cortland-il.municodemeetings.com/),http://cortland-il.municodemeetings.com/,,,,,,,,
us:place:2018400,Douglass city,Kansas,civicweb,no-platform-link-found,no civicweb link found on hit_source_url or first 4 hop2_urls,,,,,,,,,
us:place:2280815,Westlake city,Louisiana,civicweb,no-platform-link-found,no civicweb link found on hit_source_url or first 4 hop2_urls,,,,,,,,,
us:place:2624020,East Jordan city,Michigan,granicus,meeting-without-video,"agenda-only, no video: https://eastjordancity.granicus.com/MediaPlayer.php?view_id=1&clip_id=159",https://eastjordancity.granicus.com/MediaPlayer.php?view_id=1&clip_id=159,"City Commission - Sep 2nd, 2026",2026-09-02,,,,,yes,
us:place:2661020,Orchard Lake Village city,Michigan,civicweb,no-platform-link-found,no civicweb link found on hit_source_url or first 4 hop2_urls,,,,,,,,,
us:place:2740220,Maple Lake city,Minnesota,viebit,no-meeting-nor-video,resolved but no transcript/agenda/video (https://maplelake.viebit.com),https://maplelake.viebit.com,,,,,,,,
us:place:3457600,Pennington borough,New Jersey,municode_meetings,no-meeting-nor-video,resolved but no transcript/agenda/video (https://pennington-nj.municodemeetings.com/),https://pennington-nj.municodemeetings.com/,,,,,,,,
us:place:3576480,Taos Ski Valley village,New Mexico,civicclerk,no-platform-link-found,no civicclerk link found on hit_source_url or first 4 hop2_urls,,,,,,,,,
us:place:3703150,Bald Head Island village,North Carolina,granicus,no-meeting-nor-video,resolved but no transcript/agenda/video (https://vbhi.granicus.com/ViewPublisher.php?view_id=1),https://vbhi.granicus.com/ViewPublisher.php?view_id=1,"Village of Bald Head Island, NC - Basic View",2026-08-21,,,,,,
us:place:3720600,Elizabethtown town,North Carolina,granicus,no-meeting-nor-video,resolved but no transcript/agenda/video (https://elizabethtownnc.granicus.com/ViewPublisher.php?view_id=2),https://elizabethtownnc.granicus.com/ViewPublisher.php?view_id=2,Town Council View - Granicus Content,,,,,,,
us:place:3761060,Sharpsburg town,North Carolina,granicus,no-platform-link-found,no granicus link found on hit_source_url or first 4 hop2_urls,,,,,,,,,
us:place:3766500,Sylva town,North Carolina,municode_meetings,no-platform-link-found,no municode_meetings link found on hit_source_url or first 4 hop2_urls,,,,,,,,,
us:place:3772540,West Jefferson town,North Carolina,vimeo,no-platform-link-found,no vimeo link found on hit_source_url or first 4 hop2_urls,,,,,,,,,
us:place:3945066,Loudonville village,Ohio,civicweb,no-platform-link-found,no civicweb link found on hit_source_url or first 4 hop2_urls,,,,,,,,,
ca:csd:3548034,East Ferris,Ontario,escribe,no-meeting-nor-video,resolved but no transcript/agenda/video (https://pub-eastferris.escribemeetings.com/Meeting.aspx?Agenda=Agenda&Id=d11dbaf9-f4d2-4e80-b951-7084e4624b1f&lang=English),https://pub-eastferris.escribemeetings.com/Meeting.aspx?Agenda=Agenda&Id=d11dbaf9-f4d2-4e80-b951-7084e4624b1f&lang=English,Special Council Meeting,2020-07-02,,,,,,
ca:csd:3502001,East Hawkesbury,Ontario,escribe,no-meeting-nor-video,resolved but no transcript/agenda/video (https://pub-easthawkesbury.escribemeetings.com/Meeting.aspx?Agenda=Agenda&Id=1c4263e3-58b1-4dd7-914c-bc4c31b44f3d&lang=English),https://pub-easthawkesbury.escribemeetings.com/Meeting.aspx?Agenda=Agenda&Id=1c4263e3-58b1-4dd7-914c-bc4c31b44f3d&lang=English,Regular Meeting,2021-10-12,,,,,,
ca:csd:3557035,Huron Shores,Ontario,escribe,no-meeting-nor-video,resolved but no transcript/agenda/video (https://pub-huronshores.escribemeetings.com/Meeting.aspx?Agenda=Agenda&Id=7cdf19b6-950a-4bc0-a0aa-3d7989cf6e3b&lang=English),https://pub-huronshores.escribemeetings.com/Meeting.aspx?Agenda=Agenda&Id=7cdf19b6-950a-4bc0-a0aa-3d7989cf6e3b&lang=English,Regular Meeting,2024-08-14,,,,,,
ca:csd:3549005,The Archipelago,Ontario,escribe,no-meeting-nor-video,resolved but no transcript/agenda/video (https://pub-thearchipelago.escribemeetings.com/Meeting.aspx?Agenda=Agenda&Id=97bde161-0a24-459e-aae3-edddc94e3e31&lang=English),https://pub-thearchipelago.escribemeetings.com/Meeting.aspx?Agenda=Agenda&Id=97bde161-0a24-459e-aae3-edddc94e3e31&lang=English,Council Meeting,2023-09-15,,,,,,
us:place:5550025,Mauston city,Wisconsin,champds,no-platform-link-found,no champds link found on hit_source_url or first 4 hop2_urls,,,,,,,,,
us:place:5587200,Williams Bay village,Wisconsin,civicclerk,no-platform-link-found,no civicclerk link found on hit_source_url or first 4 hop2_urls,,,,,,,,,
